lead_id,lead_date,origin,locadora,region,supervisor,sdr,order_date,credit_analysis_date,approved_date,formalized_date,signed_date,stage,gmv,amount_paid,target_formalized,target_signed,is_order,is_approved,is_formalized,is_signed
L100000,2026-01-17,C2C,Locadora B,Sudeste,Supervisor B,SDR B,,,,,,Lead,0.0,0.0,6,5,0,0,0,0
L100001,2026-05-21,Inbound,Locadora A,Sudeste,Supervisor B,SDR G,,,,,,Lead,0.0,0.0,6,5,0,0,0,0
L100002,2026-04-29,Inbound,Locadora A,Sudeste,Supervisor D,SDR C,,,,,,Lead,0.0,0.0,6,5,0,0,0,0
L100003,2026-03-21,Farmer,Locadora A,Nordeste,Supervisor C,SDR E,2026-03-26,2026-03-27,2026-03-30,,,Aprovado,0.0,0.0,6,5,1,1,0,0
L100004,2026-03-20,Crossover,Locadora A,Sul,Supervisor D,SDR H,,,,,,Lead,0.0,0.0,6,5,0,0,0,0
L100005,2026-06-05,Farmer,Locadora A,Sudeste,Supervisor D,SDR B,,,,,,Lead,0.0,0.0,6,5,0,0,0,0
L100006,2026-01-16,Inbound,Locadora A,Sudeste,Supervisor B,SDR D,2026-01-19,2026-01-22,,,,Análise de Crédito,0.0,0.0,6,5,1,0,0,0
L100007,2026-05-07,Crossover,Locadora A,Norte,Supervisor D,SDR B,,,,,,Lead,0.0,0.0,6,5,0,0,0,0
L100008,2026-02-06,Crossover,Locadora A,Sudeste,Supervisor C,SDR D,,,,,,Lead,0.0,0.0,6,5,0,0,0,0
L100009,2026-01-18,Farmer,Locadora A,Sudeste,Supervisor C,SDR C,,,,,,Lead,0.0,0.0,6,5,0,0,0,0
L100010,2026-04-06,Inbound,Locadora A,Sudeste,Supervisor B,SDR H,,,,,,Lead,0.0,0.0,6,5,0,0,0,0
L100011,2026-06-26,C2C,Locadora A,Sudeste,Supervisor A,SDR C,,,,,,Lead,0.0,0.0,6,5,0,0,0,0
L100012,2026-05-14,Farmer,Locadora B,Nordeste,Supervisor A,SDR E,,,,,,Lead,0.0,0.0,6,5,0,0,0,0
L100013,2026-05-18,Inbound,Locadora A,Nordeste,Supervisor B,SDR B,,,,,,Lead,0.0,0.0,6,5,0,0,0,0
L100014,2026-05-10,Inbound,Locadora B,Sudeste,Supervisor D,SDR D,,,,,,Lead,0.0,0.0,6,5,0,0,0,0
L100015,2026-05-23,Inbound,Locadora B,Nordeste,Supervisor D,SDR G,,,,,,Lead,0.0,0.0,6,5,0,0,0,0
L100016,2026-04-03,C2C,Locadora A,Sudeste,Supervisor A,SDR F,,,,,,Lead,0.0,0.0,6,5,0,0,0,0
L100017,2026-01-24,Crossover,Locadora A,Nordeste,Supervisor C,SDR C,,,,,,Lead,0.0,0.0,6,5,0,0,0,0
L100018,2026-06-01,Inbound,Locadora A,Sudeste,Supervisor D,SDR H,,,,,,Lead,0.0,0.0,6,5,0,0,0,0
L100019,2026-03-23,Inbound,Locadora B,Sudeste,Supervisor D,SDR G,2026-03-27,2026-03-29,,,,Análise de Crédito,0.0,0.0,6,5,1,0,0,0
L100020,2026-04-01,Inbound,Locadora A,Nordeste,Supervisor C,SDR D,,,,,,Lead,0.0,0.0,6,5,0,0,0,0
L100021,2026-03-09,Farmer,Locadora B,Nordeste,Supervisor C,SDR H,,,,,,Lead,0.0,0.0,6,5,0,0,0,0
L100022,2026-02-03,Inbound,Locadora B,Centro-Oeste,Supervisor B,SDR B,,,,,,Lead,0.0,0.0,6,5,0,0,0,0
L100023,2026-06-17,Inbound,Locadora A,Centro-Oeste,Supervisor D,SDR C,,,,,,Lead,0.0,0.0,6,5,0,0,0,0
L100024,2026-05-22,Inbound,Locadora A,Nordeste,Supervisor A,SDR H,2026-05-26,2026-05-28,2026-05-30,,,Aprovado,0.0,0.0,6,5,1,1,0,0
L100025,2026-04-27,Crossover,Locadora A,Centro-Oeste,Supervisor D,SDR H,,,,,,Lead,0.0,0.0,6,5,0,0,0,0
L100026,2026-03-14,Inbound,Locadora B,Sudeste,Supervisor D,SDR G,,,,,,Lead,0.0,0.0,6,5,0,0,0,0
L100027,2026-05-29,C2C,Locadora B,Sul,Supervisor B,SDR B,,,,,,Lead,0.0,0.0,6,5,0,0,0,0
L100028,2026-04-09,Inbound,Locadora A,Centro-Oeste,Supervisor C,SDR B,,,,,,Lead,0.0,0.0,6,5,0,0,0,0
L100029,2026-03-22,Inbound,Locadora A,Sul,Supervisor D,SDR F,,,,,,Lead,0.0,0.0,6,5,0,0,0,0
L100030,2026-03-23,Farmer,Locadora A,Nordeste,Supervisor B,SDR A,,,,,,Lead,0.0,0.0,6,5,0,0,0,0
L100031,2026-02-11,Crossover,Locadora B,Sul,Supervisor B,SDR H,,,,,,Lead,0.0,0.0,6,5,0,0,0,0
L100032,2026-01-17,Inbound,Locadora A,Sudeste,Supervisor A,SDR H,,,,,,Lead,0.0,0.0,6,5,0,0,0,0
L100033,2026-04-11,Inbound,Locadora B,Sudeste,Supervisor B,SDR G,,,,,,Lead,0.0,0.0,6,5,0,0,0,0
L100034,2026-06-10,C2C,Locadora A,Nordeste,Supervisor B,SDR H,,,,,,Lead,0.0,0.0,6,5,0,0,0,0
L100035,2026-01-12,Inbound,Locadora A,Sudeste,Supervisor D,SDR B,,,,,,Lead,0.0,0.0,6,5,0,0,0,0
L100036,2026-06-05,Inbound,Locadora B,Nordeste,Supervisor D,SDR H,,,,,,Lead,0.0,0.0,6,5,0,0,0,0
L100037,2026-05-30,Crossover,Locadora A,Sudeste,Supervisor B,SDR C,2026-06-02,2026-06-06,2026-06-09,2026-06-10,,Formalizado,70381.37,0.0,6,5,1,1,1,0
L100038,2026-02-20,Inbound,Locadora A,Sudeste,Supervisor A,SDR A,,,,,,Lead,0.0,0.0,6,5,0,0,0,0
L100039,2026-04-25,Inbound,Locadora A,Nordeste,Supervisor B,SDR C,,,,,,Lead,0.0,0.0,6,5,0,0,0,0
L100040,2026-01-30,Inbound,Locadora A,Sudeste,Supervisor B,SDR G,,,,,,Lead,0.0,0.0,6,5,0,0,0,0
L100041,2026-05-18,C2C,Locadora A,Nordeste,Supervisor C,SDR H,,,,,,Lead,0.0,0.0,6,5,0,0,0,0
L100042,2026-05-07,Farmer,Locadora A,Sudeste,Supervisor A,SDR E,,,,,,Lead,0.0,0.0,6,5,0,0,0,0
L100043,2026-03-06,Inbound,Locadora A,Sul,Supervisor D,SDR B,,,,,,Lead,0.0,0.0,6,5,0,0,0,0
L100044,2026-01-13,Farmer,Locadora A,Sul,Supervisor C,SDR E,,,,,,Lead,0.0,0.0,6,5,0,0,0,0
L100045,2026-06-25,C2C,Locadora A,Nordeste,Supervisor A,SDR E,,,,,,Lead,0.0,0.0,6,5,0,0,0,0
L100046,2026-03-22,Inbound,Locadora A,Sudeste,Supervisor B,SDR E,,,,,,Lead,0.0,0.0,6,5,0,0,0,0
L100047,2026-06-11,Inbound,Locadora A,Sudeste,Supervisor C,SDR C,,,,,,Lead,0.0,0.0,6,5,0,0,0,0
L100048,2026-05-03,C2C,Locadora B,Centro-Oeste,Supervisor C,SDR B,2026-05-04,,,,,Pedido,0.0,0.0,6,5,1,0,0,0
L100049,2026-05-21,Inbound,Locadora A,Norte,Supervisor C,SDR C,,,,,,Lead,0.0,0.0,6,5,0,0,0,0
L100050,2026-05-18,C2C,Locadora A,Nordeste,Supervisor A,SDR H,,,,,,Lead,0.0,0.0,6,5,0,0,0,0
L100051,2026-02-05,Crossover,Locadora A,Nordeste,Supervisor B,SDR D,,,,,,Lead,0.0,0.0,6,5,0,0,0,0
L100052,2026-03-07,Inbound,Locadora B,Sul,Supervisor C,SDR A,2026-03-09,,,,,Pedido,0.0,0.0,6,5,1,0,0,0
L100053,2026-03-26,Farmer,Locadora B,Sul,Supervisor C,SDR C,,,,,,Lead,0.0,0.0,6,5,0,0,0,0
L100054,2026-04-01,Inbound,Locadora B,Nordeste,Supervisor B,SDR D,,,,,,Lead,0.0,0.0,6,5,0,0,0,0
L100055,2026-01-08,Inbound,Locadora B,Nordeste,Supervisor C,SDR E,,,,,,Lead,0.0,0.0,6,5,0,0,0,0
L100056,2026-04-09,Inbound,Locadora A,Nordeste,Supervisor A,SDR F,,,,,,Lead,0.0,0.0,6,5,0,0,0,0
L100057,2026-01-28,Crossover,Locadora B,Nordeste,Supervisor D,SDR D,,,,,,Lead,0.0,0.0,6,5,0,0,0,0
L100058,2026-05-15,Inbound,Locadora A,Nordeste,Supervisor C,SDR B,,,,,,Lead,0.0,0.0,6,5,0,0,0,0
L100059,2026-05-04,Inbound,Locadora B,Sudeste,Supervisor C,SDR D,2026-05-06,2026-05-08,,,,Análise de Crédito,0.0,0.0,6,5,1,0,0,0
L100060,2026-06-16,Inbound,Locadora B,Sudeste,Supervisor C,SDR A,2026-06-20,2026-06-21,,,,Análise de Crédito,0.0,0.0,6,5,1,0,0,0
L100061,2026-05-15,Inbound,Locadora B,Norte,Supervisor D,SDR E,,,,,,Lead,0.0,0.0,6,5,0,0,0,0
L100062,2026-03-08,Inbound,Locadora A,Sul,Supervisor D,SDR D,,,,,,Lead,0.0,0.0,6,5,0,0,0,0
L100063,2026-06-25,C2C,Locadora B,Sudeste,Supervisor D,SDR C,,,,,,Lead,0.0,0.0,6,5,0,0,0,0
L100064,2026-03-16,Inbound,Locadora A,Sul,Supervisor B,SDR F,,,,,,Lead,0.0,0.0,6,5,0,0,0,0
L100065,2026-02-28,Inbound,Locadora A,Centro-Oeste,Supervisor A,SDR G,,,,,,Lead,0.0,0.0,6,5,0,0,0,0
L100066,2026-06-13,Inbound,Locadora A,Nordeste,Supervisor A,SDR C,,,,,,Lead,0.0,0.0,6,5,0,0,0,0
L100067,2026-03-09,Inbound,Locadora A,Nordeste,Supervisor D,SDR E,,,,,,Lead,0.0,0.0,6,5,0,0,0,0
L100068,2026-01-14,Farmer,Locadora A,Sudeste,Supervisor D,SDR E,,,,,,Lead,0.0,0.0,6,5,0,0,0,0
L100069,2026-03-26,Inbound,Locadora A,Sudeste,Supervisor C,SDR E,,,,,,Lead,0.0,0.0,6,5,0,0,0,0
L100070,2026-05-25,Crossover,Locadora A,Sudeste,Supervisor C,SDR D,2026-05-27,2026-05-28,,,,Análise de Crédito,0.0,0.0,6,5,1,0,0,0
L100071,2026-02-04,C2C,Locadora A,Nordeste,Supervisor A,SDR B,,,,,,Lead,0.0,0.0,6,5,0,0,0,0
L100072,2026-03-25,Farmer,Locadora A,Sudeste,Supervisor C,SDR B,,,,,,Lead,0.0,0.0,6,5,0,0,0,0
L100073,2026-01-24,Farmer,Locadora A,Sul,Supervisor C,SDR A,,,,,,Lead,0.0,0.0,6,5,0,0,0,0
L100074,2026-05-05,C2C,Locadora A,Sul,Supervisor A,SDR A,2026-05-08,2026-05-12,,,,Análise de Crédito,0.0,0.0,6,5,1,0,0,0
L100075,2026-03-28,C2C,Locadora A,Sul,Supervisor D,SDR G,,,,,,Lead,0.0,0.0,6,5,0,0,0,0
L100076,2026-03-01,Inbound,Locadora B,Sul,Supervisor B,SDR A,,,,,,Lead,0.0,0.0,6,5,0,0,0,0
L100077,2026-02-11,Inbound,Locadora A,Centro-Oeste,Supervisor A,SDR G,,,,,,Lead,0.0,0.0,6,5,0,0,0,0
L100078,2026-04-13,Inbound,Locadora A,Sul,Supervisor C,SDR H,,,,,,Lead,0.0,0.0,6,5,0,0,0,0
L100079,2026-05-02,Inbound,Locadora A,Sudeste,Supervisor B,SDR B,,,,,,Lead,0.0,0.0,6,5,0,0,0,0
L100080,2026-06-20,Inbound,Locadora A,Sudeste,Supervisor C,SDR D,,,,,,Lead,0.0,0.0,6,5,0,0,0,0
L100081,2026-03-21,Crossover,Locadora A,Sul,Supervisor C,SDR C,,,,,,Lead,0.0,0.0,6,5,0,0,0,0
L100082,2026-01-30,Inbound,Locadora A,Sudeste,Supervisor C,SDR D,,,,,,Lead,0.0,0.0,6,5,0,0,0,0
L100083,2026-05-31,Farmer,Locadora A,Centro-Oeste,Supervisor B,SDR C,,,,,,Lead,0.0,0.0,6,5,0,0,0,0
L100084,2026-04-24,Farmer,Locadora A,Sudeste,Supervisor D,SDR C,2026-04-25,2026-04-28,2026-04-30,2026-05-02,2026-05-11,Assinado,77128.22,78034.01,6,5,1,1,1,1
L100085,2026-05-07,Inbound,Locadora A,Nordeste,Supervisor D,SDR F,,,,,,Lead,0.0,0.0,6,5,0,0,0,0
L100086,2026-01-18,Inbound,Locadora A,Sudeste,Supervisor B,SDR D,,,,,,Lead,0.0,0.0,6,5,0,0,0,0
L100087,2026-02-26,Inbound,Locadora B,Centro-Oeste,Supervisor A,SDR B,,,,,,Lead,0.0,0.0,6,5,0,0,0,0
L100088,2026-05-19,Inbound,Locadora A,Sudeste,Supervisor B,SDR D,2026-05-20,2026-05-22,,,,Análise de Crédito,0.0,0.0,6,5,1,0,0,0
L100089,2026-05-31,C2C,Locadora A,Sul,Supervisor D,SDR H,,,,,,Lead,0.0,0.0,6,5,0,0,0,0
L100090,2026-03-20,C2C,Locadora A,Sudeste,Supervisor B,SDR H,2026-03-23,2026-03-25,2026-03-26,,,Aprovado,0.0,0.0,6,5,1,1,0,0
L100091,2026-05-26,C2C,Locadora A,Sul,Supervisor D,SDR A,2026-05-30,2026-06-03,,,,Análise de Crédito,0.0,0.0,6,5,1,0,0,0
L100092,2026-06-02,C2C,Locadora A,Sudeste,Supervisor C,SDR E,,,,,,Lead,0.0,0.0,6,5,0,0,0,0
L100093,2026-03-12,C2C,Locadora A,Nordeste,Supervisor B,SDR H,,,,,,Lead,0.0,0.0,6,5,0,0,0,0
L100094,2026-06-12,Inbound,Locadora A,Sul,Supervisor A,SDR B,,,,,,Lead,0.0,0.0,6,5,0,0,0,0
L100095,2026-02-22,Crossover,Locadora A,Norte,Supervisor C,SDR A,,,,,,Lead,0.0,0.0,6,5,0,0,0,0
L100096,2026-02-13,Crossover,Locadora A,Centro-Oeste,Supervisor C,SDR B,,,,,,Lead,0.0,0.0,6,5,0,0,0,0
L100097,2026-05-04,Inbound,Locadora A,Sul,Supervisor A,SDR C,,,,,,Lead,0.0,0.0,6,5,0,0,0,0
L100098,2026-04-26,Inbound,Locadora A,Nordeste,Supervisor D,SDR H,,,,,,Lead,0.0,0.0,6,5,0,0,0,0
L100099,2026-01-26,Inbound,Locadora B,Sudeste,Supervisor A,SDR C,,,,,,Lead,0.0,0.0,6,5,0,0,0,0
L100100,2026-05-31,C2C,Locadora A,Sul,Supervisor B,SDR C,,,,,,Lead,0.0,0.0,6,5,0,0,0,0
L100101,2026-02-06,Inbound,Locadora A,Sudeste,Supervisor C,SDR C,,,,,,Lead,0.0,0.0,6,5,0,0,0,0
L100102,2026-05-26,C2C,Locadora A,Centro-Oeste,Supervisor C,SDR D,,,,,,Lead,0.0,0.0,6,5,0,0,0,0
L100103,2026-01-02,Farmer,Locadora A,Sudeste,Supervisor A,SDR H,,,,,,Lead,0.0,0.0,6,5,0,0,0,0
L100104,2026-05-25,Inbound,Locadora A,Sudeste,Supervisor B,SDR A,2026-05-26,2026-05-30,2026-05-31,2026-06-02,2026-06-09,Assinado,76035.52,65103.08,6,5,1,1,1,1
L100105,2026-05-23,Inbound,Locadora A,Centro-Oeste,Supervisor D,SDR D,2026-05-25,2026-05-27,,,,Análise de Crédito,0.0,0.0,6,5,1,0,0,0
L100106,2026-05-22,Inbound,Locadora A,Sul,Supervisor B,SDR E,,,,,,Lead,0.0,0.0,6,5,0,0,0,0
L100107,2026-05-01,Inbound,Locadora A,Sudeste,Supervisor C,SDR A,,,,,,Lead,0.0,0.0,6,5,0,0,0,0
L100108,2026-03-27,Inbound,Locadora B,Sul,Supervisor B,SDR A,2026-04-01,2026-04-02,2026-04-03,,,Aprovado,0.0,0.0,6,5,1,1,0,0
L100109,2026-05-08,C2C,Locadora A,Nordeste,Supervisor A,SDR H,2026-05-09,2026-05-10,2026-05-13,,,Aprovado,0.0,0.0,6,5,1,1,0,0
L100110,2026-02-20,Inbound,Locadora B,Sudeste,Supervisor C,SDR C,,,,,,Lead,0.0,0.0,6,5,0,0,0,0
L100111,2026-05-22,Inbound,Locadora A,Sudeste,Supervisor B,SDR B,,,,,,Lead,0.0,0.0,6,5,0,0,0,0
L100112,2026-04-11,Inbound,Locadora A,Norte,Supervisor B,SDR C,2026-04-12,2026-04-13,2026-04-16,2026-04-22,2026-04-27,Assinado,73535.2,66628.73,6,5,1,1,1,1
L100113,2026-03-25,Inbound,Locadora A,Nordeste,Supervisor D,SDR A,,,,,,Lead,0.0,0.0,6,5,0,0,0,0
L100114,2026-04-02,Inbound,Locadora A,Sudeste,Supervisor D,SDR B,,,,,,Lead,0.0,0.0,6,5,0,0,0,0
L100115,2026-04-13,Inbound,Locadora B,Sul,Supervisor B,SDR A,2026-04-17,2026-04-19,2026-04-23,,,Aprovado,0.0,0.0,6,5,1,1,0,0
L100116,2026-01-07,Crossover,Locadora A,Sudeste,Supervisor C,SDR E,2026-01-10,2026-01-13,2026-01-17,2026-01-24,2026-02-02,Assinado,55014.76,52127.19,6,5,1,1,1,1
L100117,2026-01-26,Inbound,Locadora A,Norte,Supervisor C,SDR D,2026-01-27,2026-01-29,2026-01-30,,,Aprovado,0.0,0.0,6,5,1,1,0,0
L100118,2026-02-14,Inbound,Locadora A,Sudeste,Supervisor A,SDR C,,,,,,Lead,0.0,0.0,6,5,0,0,0,0
L100119,2026-01-21,Inbound,Locadora B,Sudeste,Supervisor A,SDR H,,,,,,Lead,0.0,0.0,6,5,0,0,0,0
L100120,2026-03-21,Inbound,Locadora A,Sudeste,Supervisor C,SDR C,,,,,,Lead,0.0,0.0,6,5,0,0,0,0
L100121,2026-05-01,Inbound,Locadora B,Sul,Supervisor D,SDR A,,,,,,Lead,0.0,0.0,6,5,0,0,0,0
L100122,2026-04-29,Inbound,Locadora B,Sudeste,Supervisor D,SDR A,,,,,,Lead,0.0,0.0,6,5,0,0,0,0
L100123,2026-03-27,Inbound,Locadora A,Nordeste,Supervisor B,SDR F,,,,,,Lead,0.0,0.0,6,5,0,0,0,0
L100124,2026-06-04,Inbound,Locadora B,Sul,Supervisor C,SDR E,,,,,,Lead,0.0,0.0,6,5,0,0,0,0
L100125,2026-04-13,Inbound,Locadora B,Sul,Supervisor B,SDR C,,,,,,Lead,0.0,0.0,6,5,0,0,0,0
L100126,2026-01-15,Inbound,Locadora A,Nordeste,Supervisor D,SDR B,2026-01-17,2026-01-19,,,,Análise de Crédito,0.0,0.0,6,5,1,0,0,0
L100127,2026-05-19,Crossover,Locadora A,Sudeste,Supervisor C,SDR B,,,,,,Lead,0.0,0.0,6,5,0,0,0,0
L100128,2026-04-15,Inbound,Locadora A,Sudeste,Supervisor D,SDR D,2026-04-19,2026-04-22,2026-04-23,2026-04-26,2026-04-27,Assinado,45999.43,45830.83,6,5,1,1,1,1
L100129,2026-04-25,C2C,Locadora A,Sudeste,Supervisor B,SDR F,,,,,,Lead,0.0,0.0,6,5,0,0,0,0
L100130,2026-04-13,Inbound,Locadora A,Nordeste,Supervisor D,SDR F,,,,,,Lead,0.0,0.0,6,5,0,0,0,0
L100131,2026-04-11,C2C,Locadora A,Sudeste,Supervisor C,SDR F,,,,,,Lead,0.0,0.0,6,5,0,0,0,0
L100132,2026-01-17,Crossover,Locadora A,Nordeste,Supervisor D,SDR A,,,,,,Lead,0.0,0.0,6,5,0,0,0,0
L100133,2026-04-12,Crossover,Locadora A,Sul,Supervisor A,SDR E,,,,,,Lead,0.0,0.0,6,5,0,0,0,0
L100134,2026-05-24,Farmer,Locadora A,Sul,Supervisor D,SDR G,2026-05-27,2026-05-30,2026-06-02,,,Aprovado,0.0,0.0,6,5,1,1,0,0
L100135,2026-02-25,Farmer,Locadora A,Sul,Supervisor A,SDR B,2026-02-26,2026-02-28,2026-03-03,2026-03-07,2026-03-08,Assinado,76043.36,68435.16,6,5,1,1,1,1
L100136,2026-04-20,C2C,Locadora A,Sudeste,Supervisor D,SDR E,,,,,,Lead,0.0,0.0,6,5,0,0,0,0
L100137,2026-01-06,Crossover,Locadora A,Sudeste,Supervisor A,SDR A,,,,,,Lead,0.0,0.0,6,5,0,0,0,0
L100138,2026-03-04,Farmer,Locadora A,Centro-Oeste,Supervisor D,SDR H,,,,,,Lead,0.0,0.0,6,5,0,0,0,0
L100139,2026-03-21,Inbound,Locadora A,Sudeste,Supervisor C,SDR F,,,,,,Lead,0.0,0.0,6,5,0,0,0,0
L100140,2026-06-27,Inbound,Locadora A,Sul,Supervisor B,SDR E,,,,,,Lead,0.0,0.0,6,5,0,0,0,0
L100141,2026-02-08,Inbound,Locadora B,Norte,Supervisor D,SDR E,,,,,,Lead,0.0,0.0,6,5,0,0,0,0
L100142,2026-02-20,C2C,Locadora A,Sudeste,Supervisor B,SDR F,,,,,,Lead,0.0,0.0,6,5,0,0,0,0
L100143,2026-03-15,Crossover,Locadora A,Sudeste,Supervisor A,SDR D,,,,,,Lead,0.0,0.0,6,5,0,0,0,0
L100144,2026-06-29,C2C,Locadora A,Sudeste,Supervisor A,SDR H,,,,,,Lead,0.0,0.0,6,5,0,0,0,0
L100145,2026-06-04,Inbound,Locadora A,Sudeste,Supervisor D,SDR B,,,,,,Lead,0.0,0.0,6,5,0,0,0,0
L100146,2026-01-07,Farmer,Locadora A,Norte,Supervisor B,SDR G,,,,,,Lead,0.0,0.0,6,5,0,0,0,0
L100147,2026-02-12,Inbound,Locadora A,Norte,Supervisor D,SDR G,,,,,,Lead,0.0,0.0,6,5,0,0,0,0
L100148,2026-05-29,C2C,Locadora A,Sudeste,Supervisor A,SDR G,,,,,,Lead,0.0,0.0,6,5,0,0,0,0
L100149,2026-01-11,Inbound,Locadora A,Norte,Supervisor A,SDR A,,,,,,Lead,0.0,0.0,6,5,0,0,0,0
L100150,2026-06-04,Crossover,Locadora A,Sudeste,Supervisor D,SDR D,,,,,,Lead,0.0,0.0,6,5,0,0,0,0
L100151,2026-02-20,Inbound,Locadora A,Norte,Supervisor A,SDR F,,,,,,Lead,0.0,0.0,6,5,0,0,0,0
L100152,2026-06-16,Inbound,Locadora A,Nordeste,Supervisor C,SDR E,,,,,,Lead,0.0,0.0,6,5,0,0,0,0
L100153,2026-02-23,Crossover,Locadora B,Sudeste,Supervisor B,SDR F,2026-02-24,2026-02-28,2026-03-03,,,Aprovado,0.0,0.0,6,5,1,1,0,0
L100154,2026-03-20,Inbound,Locadora A,Sul,Supervisor C,SDR F,2026-03-21,2026-03-24,2026-03-25,2026-04-01,2026-04-04,Assinado,41825.13,42660.33,6,5,1,1,1,1
L100155,2026-04-30,Inbound,Locadora B,Nordeste,Supervisor A,SDR B,2026-05-05,2026-05-08,2026-05-10,,,Aprovado,0.0,0.0,6,5,1,1,0,0
L100156,2026-01-23,Crossover,Locadora A,Sudeste,Supervisor B,SDR G,,,,,,Lead,0.0,0.0,6,5,0,0,0,0
L100157,2026-04-11,Crossover,Locadora A,Sudeste,Supervisor D,SDR D,,,,,,Lead,0.0,0.0,6,5,0,0,0,0
L100158,2026-04-02,C2C,Locadora A,Sul,Supervisor C,SDR H,,,,,,Lead,0.0,0.0,6,5,0,0,0,0
L100159,2026-05-22,Inbound,Locadora A,Sudeste,Supervisor C,SDR E,2026-05-24,2026-05-28,2026-05-30,,,Aprovado,0.0,0.0,6,5,1,1,0,0
L100160,2026-06-30,C2C,Locadora A,Sudeste,Supervisor D,SDR E,,,,,,Lead,0.0,0.0,6,5,0,0,0,0
L100161,2026-05-01,C2C,Locadora B,Sudeste,Supervisor B,SDR E,,,,,,Lead,0.0,0.0,6,5,0,0,0,0
L100162,2026-03-16,Crossover,Locadora A,Centro-Oeste,Supervisor D,SDR G,,,,,,Lead,0.0,0.0,6,5,0,0,0,0
L100163,2026-03-15,Inbound,Locadora A,Sudeste,Supervisor C,SDR H,2026-03-16,2026-03-18,2026-03-21,,,Aprovado,0.0,0.0,6,5,1,1,0,0
L100164,2026-03-17,Inbound,Locadora A,Sul,Supervisor B,SDR E,,,,,,Lead,0.0,0.0,6,5,0,0,0,0
L100165,2026-05-28,Inbound,Locadora A,Sudeste,Supervisor B,SDR E,2026-06-01,2026-06-04,2026-06-07,2026-06-14,2026-06-15,Assinado,83016.95,69664.93,6,5,1,1,1,1
L100166,2026-02-28,Crossover,Locadora A,Sudeste,Supervisor B,SDR A,2026-03-02,2026-03-06,,,,Análise de Crédito,0.0,0.0,6,5,1,0,0,0
L100167,2026-01-31,Inbound,Locadora A,Centro-Oeste,Supervisor D,SDR A,,,,,,Lead,0.0,0.0,6,5,0,0,0,0
L100168,2026-03-02,Crossover,Locadora A,Sudeste,Supervisor B,SDR F,,,,,,Lead,0.0,0.0,6,5,0,0,0,0
L100169,2026-01-05,Inbound,Locadora A,Centro-Oeste,Supervisor C,SDR C,,,,,,Lead,0.0,0.0,6,5,0,0,0,0
L100170,2026-01-20,C2C,Locadora A,Sudeste,Supervisor A,SDR D,,,,,,Lead,0.0,0.0,6,5,0,0,0,0
L100171,2026-01-17,Inbound,Locadora A,Centro-Oeste,Supervisor B,SDR F,,,,,,Lead,0.0,0.0,6,5,0,0,0,0
L100172,2026-05-20,Inbound,Locadora A,Sudeste,Supervisor D,SDR B,,,,,,Lead,0.0,0.0,6,5,0,0,0,0
L100173,2026-05-11,C2C,Locadora A,Nordeste,Supervisor C,SDR C,,,,,,Lead,0.0,0.0,6,5,0,0,0,0
L100174,2026-05-07,Inbound,Locadora B,Sudeste,Supervisor D,SDR A,,,,,,Lead,0.0,0.0,6,5,0,0,0,0
L100175,2026-03-25,Crossover,Locadora B,Nordeste,Supervisor B,SDR G,,,,,,Lead,0.0,0.0,6,5,0,0,0,0
L100176,2026-05-10,C2C,Locadora A,Sudeste,Supervisor D,SDR E,,,,,,Lead,0.0,0.0,6,5,0,0,0,0
L100177,2026-01-30,Inbound,Locadora A,Sudeste,Supervisor D,SDR B,,,,,,Lead,0.0,0.0,6,5,0,0,0,0
L100178,2026-06-13,Crossover,Locadora B,Sul,Supervisor D,SDR E,2026-06-17,2026-06-20,2026-06-22,,,Aprovado,0.0,0.0,6,5,1,1,0,0
L100179,2026-04-01,Inbound,Locadora A,Sudeste,Supervisor B,SDR B,,,,,,Lead,0.0,0.0,6,5,0,0,0,0
L100180,2026-06-19,C2C,Locadora A,Sudeste,Supervisor C,SDR G,,,,,,Lead,0.0,0.0,6,5,0,0,0,0
L100181,2026-01-28,Inbound,Locadora A,Nordeste,Supervisor D,SDR B,,,,,,Lead,0.0,0.0,6,5,0,0,0,0
L100182,2026-04-01,Inbound,Locadora A,Nordeste,Supervisor D,SDR C,,,,,,Lead,0.0,0.0,6,5,0,0,0,0
L100183,2026-05-07,Inbound,Locadora B,Sul,Supervisor D,SDR H,,,,,,Lead,0.0,0.0,6,5,0,0,0,0
L100184,2026-03-31,Crossover,Locadora A,Norte,Supervisor A,SDR F,,,,,,Lead,0.0,0.0,6,5,0,0,0,0
L100185,2026-03-22,Crossover,Locadora B,Sul,Supervisor C,SDR F,,,,,,Lead,0.0,0.0,6,5,0,0,0,0
L100186,2026-01-31,Farmer,Locadora A,Sudeste,Supervisor D,SDR E,2026-02-03,2026-02-05,2026-02-08,,,Aprovado,0.0,0.0,6,5,1,1,0,0
L100187,2026-03-10,C2C,Locadora A,Nordeste,Supervisor C,SDR E,,,,,,Lead,0.0,0.0,6,5,0,0,0,0
L100188,2026-02-13,Crossover,Locadora A,Sudeste,Supervisor A,SDR B,,,,,,Lead,0.0,0.0,6,5,0,0,0,0
L100189,2026-02-24,Inbound,Locadora A,Sudeste,Supervisor C,SDR C,,,,,,Lead,0.0,0.0,6,5,0,0,0,0
L100190,2026-05-04,Inbound,Locadora A,Sudeste,Supervisor A,SDR H,,,,,,Lead,0.0,0.0,6,5,0,0,0,0
L100191,2026-04-25,Crossover,Locadora A,Sudeste,Supervisor A,SDR H,,,,,,Lead,0.0,0.0,6,5,0,0,0,0
L100192,2026-04-20,Inbound,Locadora A,Sudeste,Supervisor A,SDR F,,,,,,Lead,0.0,0.0,6,5,0,0,0,0
L100193,2026-03-07,Inbound,Locadora A,Sudeste,Supervisor D,SDR H,,,,,,Lead,0.0,0.0,6,5,0,0,0,0
L100194,2026-06-23,Inbound,Locadora A,Sul,Supervisor B,SDR G,2026-06-28,2026-06-29,,,,Análise de Crédito,0.0,0.0,6,5,1,0,0,0
L100195,2026-01-16,Inbound,Locadora A,Centro-Oeste,Supervisor B,SDR D,,,,,,Lead,0.0,0.0,6,5,0,0,0,0
L100196,2026-03-04,Inbound,Locadora A,Norte,Supervisor B,SDR F,,,,,,Lead,0.0,0.0,6,5,0,0,0,0
L100197,2026-01-22,Crossover,Locadora A,Sudeste,Supervisor D,SDR G,,,,,,Lead,0.0,0.0,6,5,0,0,0,0
L100198,2026-03-03,Crossover,Locadora A,Sudeste,Supervisor D,SDR B,2026-03-04,2026-03-05,2026-03-09,,,Aprovado,0.0,0.0,6,5,1,1,0,0
L100199,2026-06-24,C2C,Locadora A,Sul,Supervisor C,SDR H,,,,,,Lead,0.0,0.0,6,5,0,0,0,0
L100200,2026-03-08,Farmer,Locadora A,Sudeste,Supervisor D,SDR D,,,,,,Lead,0.0,0.0,6,5,0,0,0,0
L100201,2026-06-14,C2C,Locadora B,Sudeste,Supervisor A,SDR C,,,,,,Lead,0.0,0.0,6,5,0,0,0,0
L100202,2026-03-31,C2C,Locadora A,Sul,Supervisor D,SDR D,,,,,,Lead,0.0,0.0,6,5,0,0,0,0
L100203,2026-05-07,Inbound,Locadora A,Nordeste,Supervisor B,SDR C,,,,,,Lead,0.0,0.0,6,5,0,0,0,0
L100204,2026-03-24,C2C,Locadora A,Sudeste,Supervisor B,SDR C,,,,,,Lead,0.0,0.0,6,5,0,0,0,0
L100205,2026-02-18,Inbound,Locadora B,Centro-Oeste,Supervisor A,SDR E,,,,,,Lead,0.0,0.0,6,5,0,0,0,0
L100206,2026-05-19,Crossover,Locadora A,Centro-Oeste,Supervisor D,SDR H,2026-05-24,2026-05-26,,,,Análise de Crédito,0.0,0.0,6,5,1,0,0,0
L100207,2026-06-25,Crossover,Locadora A,Nordeste,Supervisor A,SDR D,2026-06-29,2026-06-30,,,,Análise de Crédito,0.0,0.0,6,5,1,0,0,0
L100208,2026-02-17,Crossover,Locadora A,Sudeste,Supervisor D,SDR B,,,,,,Lead,0.0,0.0,6,5,0,0,0,0
L100209,2026-05-21,Crossover,Locadora A,Centro-Oeste,Supervisor C,SDR G,2026-05-24,2026-05-26,,,,Análise de Crédito,0.0,0.0,6,5,1,0,0,0
L100210,2026-02-17,Inbound,Locadora B,Centro-Oeste,Supervisor D,SDR C,,,,,,Lead,0.0,0.0,6,5,0,0,0,0
L100211,2026-05-10,Inbound,Locadora A,Sudeste,Supervisor A,SDR E,2026-05-14,,,,,Pedido,0.0,0.0,6,5,1,0,0,0
L100212,2026-05-23,Farmer,Locadora A,Sul,Supervisor C,SDR C,,,,,,Lead,0.0,0.0,6,5,0,0,0,0
L100213,2026-03-23,Inbound,Locadora A,Centro-Oeste,Supervisor D,SDR B,,,,,,Lead,0.0,0.0,6,5,0,0,0,0
L100214,2026-05-14,Crossover,Locadora A,Sudeste,Supervisor B,SDR C,2026-05-15,2026-05-19,2026-05-20,2026-05-27,2026-05-30,Assinado,97010.0,90189.24,6,5,1,1,1,1
L100215,2026-02-19,Farmer,Locadora A,Sudeste,Supervisor B,SDR C,,,,,,Lead,0.0,0.0,6,5,0,0,0,0
L100216,2026-01-15,Inbound,Locadora B,Sudeste,Supervisor A,SDR H,,,,,,Lead,0.0,0.0,6,5,0,0,0,0
L100217,2026-01-18,Crossover,Locadora B,Centro-Oeste,Supervisor B,SDR F,,,,,,Lead,0.0,0.0,6,5,0,0,0,0
L100218,2026-03-22,Inbound,Locadora B,Sudeste,Supervisor C,SDR F,,,,,,Lead,0.0,0.0,6,5,0,0,0,0
L100219,2026-06-13,Inbound,Locadora A,Sul,Supervisor B,SDR A,2026-06-18,2026-06-20,2026-06-23,,,Aprovado,0.0,0.0,6,5,1,1,0,0
L100220,2026-01-24,Inbound,Locadora B,Sudeste,Supervisor C,SDR A,,,,,,Lead,0.0,0.0,6,5,0,0,0,0
L100221,2026-03-24,Farmer,Locadora A,Centro-Oeste,Supervisor A,SDR C,2026-03-27,2026-03-29,2026-04-02,,,Aprovado,0.0,0.0,6,5,1,1,0,0
L100222,2026-05-08,Farmer,Locadora A,Centro-Oeste,Supervisor C,SDR H,,,,,,Lead,0.0,0.0,6,5,0,0,0,0
L100223,2026-02-06,Inbound,Locadora A,Sul,Supervisor C,SDR A,,,,,,Lead,0.0,0.0,6,5,0,0,0,0
L100224,2026-05-11,Crossover,Locadora A,Sul,Supervisor A,SDR G,,,,,,Lead,0.0,0.0,6,5,0,0,0,0
L100225,2026-02-25,Farmer,Locadora B,Sudeste,Supervisor B,SDR G,,,,,,Lead,0.0,0.0,6,5,0,0,0,0
L100226,2026-05-27,Inbound,Locadora B,Sudeste,Supervisor A,SDR C,,,,,,Lead,0.0,0.0,6,5,0,0,0,0
L100227,2026-04-15,Inbound,Locadora B,Centro-Oeste,Supervisor C,SDR A,2026-04-17,2026-04-20,2026-04-21,,,Aprovado,0.0,0.0,6,5,1,1,0,0
L100228,2026-04-09,Inbound,Locadora B,Sudeste,Supervisor C,SDR B,,,,,,Lead,0.0,0.0,6,5,0,0,0,0
L100229,2026-02-01,Inbound,Locadora A,Centro-Oeste,Supervisor C,SDR A,,,,,,Lead,0.0,0.0,6,5,0,0,0,0
L100230,2026-03-25,Inbound,Locadora A,Centro-Oeste,Supervisor A,SDR G,,,,,,Lead,0.0,0.0,6,5,0,0,0,0
L100231,2026-06-05,Crossover,Locadora B,Nordeste,Supervisor A,SDR G,2026-06-07,2026-06-09,,,,Análise de Crédito,0.0,0.0,6,5,1,0,0,0
L100232,2026-01-04,Inbound,Locadora A,Sudeste,Supervisor D,SDR F,,,,,,Lead,0.0,0.0,6,5,0,0,0,0
L100233,2026-05-18,Crossover,Locadora B,Sul,Supervisor B,SDR A,,,,,,Lead,0.0,0.0,6,5,0,0,0,0
L100234,2026-03-31,Inbound,Locadora A,Sudeste,Supervisor B,SDR H,,,,,,Lead,0.0,0.0,6,5,0,0,0,0
L100235,2026-05-11,Crossover,Locadora A,Nordeste,Supervisor B,SDR F,,,,,,Lead,0.0,0.0,6,5,0,0,0,0
L100236,2026-05-01,C2C,Locadora A,Centro-Oeste,Supervisor D,SDR G,,,,,,Lead,0.0,0.0,6,5,0,0,0,0
L100237,2026-03-20,Inbound,Locadora A,Sul,Supervisor A,SDR D,,,,,,Lead,0.0,0.0,6,5,0,0,0,0
L100238,2026-02-25,Inbound,Locadora B,Centro-Oeste,Supervisor D,SDR B,,,,,,Lead,0.0,0.0,6,5,0,0,0,0
L100239,2026-04-24,Inbound,Locadora B,Sudeste,Supervisor D,SDR G,,,,,,Lead,0.0,0.0,6,5,0,0,0,0
L100240,2026-01-26,C2C,Locadora A,Sul,Supervisor A,SDR A,,,,,,Lead,0.0,0.0,6,5,0,0,0,0
L100241,2026-04-16,Inbound,Locadora A,Nordeste,Supervisor A,SDR B,2026-04-19,2026-04-22,2026-04-26,2026-05-03,,Formalizado,49937.75,0.0,6,5,1,1,1,0
L100242,2026-01-18,C2C,Locadora A,Sudeste,Supervisor A,SDR B,,,,,,Lead,0.0,0.0,6,5,0,0,0,0
L100243,2026-04-28,Inbound,Locadora A,Norte,Supervisor B,SDR A,,,,,,Lead,0.0,0.0,6,5,0,0,0,0
L100244,2026-04-24,Crossover,Locadora A,Nordeste,Supervisor C,SDR E,2026-04-27,2026-04-30,,,,Análise de Crédito,0.0,0.0,6,5,1,0,0,0
L100245,2026-01-16,Inbound,Locadora A,Norte,Supervisor C,SDR B,,,,,,Lead,0.0,0.0,6,5,0,0,0,0
L100246,2026-05-18,Inbound,Locadora A,Nordeste,Supervisor B,SDR H,2026-05-19,2026-05-23,2026-05-25,,,Aprovado,0.0,0.0,6,5,1,1,0,0
L100247,2026-03-17,Farmer,Locadora A,Sudeste,Supervisor B,SDR H,,,,,,Lead,0.0,0.0,6,5,0,0,0,0
L100248,2026-05-23,C2C,Locadora A,Sul,Supervisor D,SDR B,,,,,,Lead,0.0,0.0,6,5,0,0,0,0
L100249,2026-01-08,Inbound,Locadora B,Sudeste,Supervisor D,SDR G,2026-01-13,2026-01-14,,,,Análise de Crédito,0.0,0.0,6,5,1,0,0,0
L100250,2026-02-02,C2C,Locadora A,Centro-Oeste,Supervisor A,SDR A,,,,,,Lead,0.0,0.0,6,5,0,0,0,0
L100251,2026-03-31,Inbound,Locadora A,Sudeste,Supervisor D,SDR C,2026-04-04,2026-04-08,,,,Análise de Crédito,0.0,0.0,6,5,1,0,0,0
L100252,2026-02-04,Inbound,Locadora A,Nordeste,Supervisor B,SDR F,2026-02-07,2026-02-09,2026-02-12,,,Aprovado,0.0,0.0,6,5,1,1,0,0
L100253,2026-03-01,Inbound,Locadora B,Sudeste,Supervisor D,SDR B,,,,,,Lead,0.0,0.0,6,5,0,0,0,0
L100254,2026-04-30,Crossover,Locadora B,Sudeste,Supervisor D,SDR A,2026-05-02,2026-05-04,2026-05-07,,,Aprovado,0.0,0.0,6,5,1,1,0,0
L100255,2026-01-27,Farmer,Locadora A,Sudeste,Supervisor C,SDR B,2026-02-01,2026-02-02,,,,Análise de Crédito,0.0,0.0,6,5,1,0,0,0
L100256,2026-05-03,Crossover,Locadora A,Centro-Oeste,Supervisor C,SDR F,,,,,,Lead,0.0,0.0,6,5,0,0,0,0
L100257,2026-01-19,Inbound,Locadora B,Sudeste,Supervisor B,SDR B,,,,,,Lead,0.0,0.0,6,5,0,0,0,0
L100258,2026-02-01,Inbound,Locadora A,Sudeste,Supervisor A,SDR B,2026-02-03,2026-02-06,2026-02-10,,,Aprovado,0.0,0.0,6,5,1,1,0,0
L100259,2026-04-17,Crossover,Locadora A,Sudeste,Supervisor A,SDR B,,,,,,Lead,0.0,0.0,6,5,0,0,0,0
L100260,2026-05-24,Crossover,Locadora B,Sudeste,Supervisor B,SDR H,,,,,,Lead,0.0,0.0,6,5,0,0,0,0
L100261,2026-01-31,Inbound,Locadora A,Norte,Supervisor D,SDR H,,,,,,Lead,0.0,0.0,6,5,0,0,0,0
L100262,2026-02-24,Crossover,Locadora A,Sul,Supervisor B,SDR G,2026-02-27,2026-03-02,2026-03-05,2026-03-09,2026-03-10,Assinado,63432.73,64172.52,6,5,1,1,1,1
L100263,2026-06-17,Inbound,Locadora B,Sudeste,Supervisor B,SDR A,,,,,,Lead,0.0,0.0,6,5,0,0,0,0
L100264,2026-06-29,Inbound,Locadora A,Sudeste,Supervisor C,SDR C,,,,,,Lead,0.0,0.0,6,5,0,0,0,0
L100265,2026-04-16,Inbound,Locadora A,Sudeste,Supervisor B,SDR H,,,,,,Lead,0.0,0.0,6,5,0,0,0,0
L100266,2026-03-22,Inbound,Locadora A,Sudeste,Supervisor B,SDR E,,,,,,Lead,0.0,0.0,6,5,0,0,0,0
L100267,2026-03-04,Farmer,Locadora B,Sudeste,Supervisor C,SDR A,,,,,,Lead,0.0,0.0,6,5,0,0,0,0
L100268,2026-04-21,C2C,Locadora B,Sudeste,Supervisor D,SDR B,2026-04-26,2026-04-29,,,,Análise de Crédito,0.0,0.0,6,5,1,0,0,0
L100269,2026-04-17,Crossover,Locadora B,Sudeste,Supervisor D,SDR G,,,,,,Lead,0.0,0.0,6,5,0,0,0,0
L100270,2026-02-23,C2C,Locadora A,Sudeste,Supervisor D,SDR H,,,,,,Lead,0.0,0.0,6,5,0,0,0,0
L100271,2026-01-05,Inbound,Locadora A,Centro-Oeste,Supervisor C,SDR D,2026-01-09,2026-01-13,,,,Análise de Crédito,0.0,0.0,6,5,1,0,0,0
L100272,2026-01-28,Inbound,Locadora B,Sudeste,Supervisor C,SDR B,,,,,,Lead,0.0,0.0,6,5,0,0,0,0
L100273,2026-06-23,Inbound,Locadora A,Centro-Oeste,Supervisor A,SDR A,,,,,,Lead,0.0,0.0,6,5,0,0,0,0
L100274,2026-03-17,Inbound,Locadora A,Sul,Supervisor A,SDR B,,,,,,Lead,0.0,0.0,6,5,0,0,0,0
L100275,2026-03-29,Farmer,Locadora A,Nordeste,Supervisor D,SDR G,2026-04-01,2026-04-04,,,,Análise de Crédito,0.0,0.0,6,5,1,0,0,0
L100276,2026-03-26,Inbound,Locadora B,Sudeste,Supervisor C,SDR G,,,,,,Lead,0.0,0.0,6,5,0,0,0,0
L100277,2026-05-22,Inbound,Locadora A,Nordeste,Supervisor A,SDR C,,,,,,Lead,0.0,0.0,6,5,0,0,0,0
L100278,2026-01-12,Inbound,Locadora A,Nordeste,Supervisor B,SDR H,2026-01-17,2026-01-20,2026-01-23,,,Aprovado,0.0,0.0,6,5,1,1,0,0
L100279,2026-01-15,Crossover,Locadora B,Norte,Supervisor D,SDR H,2026-01-18,2026-01-21,2026-01-22,,,Aprovado,0.0,0.0,6,5,1,1,0,0
L100280,2026-02-19,Inbound,Locadora B,Nordeste,Supervisor A,SDR H,2026-02-23,2026-02-27,,,,Análise de Crédito,0.0,0.0,6,5,1,0,0,0
L100281,2026-03-30,Crossover,Locadora B,Sudeste,Supervisor B,SDR G,,,,,,Lead,0.0,0.0,6,5,0,0,0,0
L100282,2026-05-02,Inbound,Locadora A,Norte,Supervisor D,SDR E,2026-05-04,,,,,Pedido,0.0,0.0,6,5,1,0,0,0
L100283,2026-03-30,Crossover,Locadora A,Nordeste,Supervisor D,SDR H,,,,,,Lead,0.0,0.0,6,5,0,0,0,0
L100284,2026-03-21,Inbound,Locadora A,Sudeste,Supervisor B,SDR F,2026-03-23,2026-03-25,2026-03-28,,,Aprovado,0.0,0.0,6,5,1,1,0,0
L100285,2026-06-19,Inbound,Locadora A,Sudeste,Supervisor D,SDR G,,,,,,Lead,0.0,0.0,6,5,0,0,0,0
L100286,2026-01-30,Inbound,Locadora B,Norte,Supervisor C,SDR D,,,,,,Lead,0.0,0.0,6,5,0,0,0,0
L100287,2026-04-14,Inbound,Locadora A,Sudeste,Supervisor B,SDR B,,,,,,Lead,0.0,0.0,6,5,0,0,0,0
L100288,2026-04-09,Crossover,Locadora A,Centro-Oeste,Supervisor D,SDR E,2026-04-11,2026-04-15,2026-04-18,2026-04-21,2026-04-24,Assinado,270859.54,245853.35,6,5,1,1,1,1
L100289,2026-03-27,Inbound,Locadora A,Sudeste,Supervisor D,SDR D,,,,,,Lead,0.0,0.0,6,5,0,0,0,0
L100290,2026-05-27,Inbound,Locadora A,Centro-Oeste,Supervisor B,SDR C,,,,,,Lead,0.0,0.0,6,5,0,0,0,0
L100291,2026-02-18,Farmer,Locadora B,Sudeste,Supervisor A,SDR F,,,,,,Lead,0.0,0.0,6,5,0,0,0,0
L100292,2026-06-22,Inbound,Locadora A,Centro-Oeste,Supervisor D,SDR E,,,,,,Lead,0.0,0.0,6,5,0,0,0,0
L100293,2026-03-02,Inbound,Locadora A,Sul,Supervisor A,SDR C,2026-03-07,2026-03-09,,,,Análise de Crédito,0.0,0.0,6,5,1,0,0,0
L100294,2026-04-09,Inbound,Locadora A,Nordeste,Supervisor D,SDR B,,,,,,Lead,0.0,0.0,6,5,0,0,0,0
L100295,2026-04-05,C2C,Locadora A,Sudeste,Supervisor B,SDR E,,,,,,Lead,0.0,0.0,6,5,0,0,0,0
L100296,2026-06-03,Farmer,Locadora A,Sudeste,Supervisor C,SDR C,,,,,,Lead,0.0,0.0,6,5,0,0,0,0
L100297,2026-03-21,Inbound,Locadora B,Sudeste,Supervisor C,SDR B,,,,,,Lead,0.0,0.0,6,5,0,0,0,0
L100298,2026-02-21,Inbound,Locadora A,Sudeste,Supervisor A,SDR B,,,,,,Lead,0.0,0.0,6,5,0,0,0,0
L100299,2026-01-04,Crossover,Locadora A,Norte,Supervisor A,SDR F,,,,,,Lead,0.0,0.0,6,5,0,0,0,0
L100300,2026-03-07,C2C,Locadora B,Sudeste,Supervisor C,SDR D,,,,,,Lead,0.0,0.0,6,5,0,0,0,0
L100301,2026-05-30,Inbound,Locadora A,Sudeste,Supervisor C,SDR C,,,,,,Lead,0.0,0.0,6,5,0,0,0,0
L100302,2026-01-02,Inbound,Locadora A,Nordeste,Supervisor A,SDR A,,,,,,Lead,0.0,0.0,6,5,0,0,0,0
L100303,2026-06-12,C2C,Locadora A,Sudeste,Supervisor D,SDR A,,,,,,Lead,0.0,0.0,6,5,0,0,0,0
L100304,2026-04-09,Inbound,Locadora A,Sudeste,Supervisor A,SDR F,,,,,,Lead,0.0,0.0,6,5,0,0,0,0
L100305,2026-01-26,Crossover,Locadora A,Centro-Oeste,Supervisor D,SDR H,,,,,,Lead,0.0,0.0,6,5,0,0,0,0
L100306,2026-02-24,Crossover,Locadora B,Sudeste,Supervisor A,SDR C,2026-03-01,2026-03-05,2026-03-09,,,Aprovado,0.0,0.0,6,5,1,1,0,0
L100307,2026-04-11,Crossover,Locadora B,Nordeste,Supervisor A,SDR G,2026-04-14,2026-04-17,2026-04-20,,,Aprovado,0.0,0.0,6,5,1,1,0,0
L100308,2026-02-27,Inbound,Locadora A,Sul,Supervisor C,SDR E,,,,,,Lead,0.0,0.0,6,5,0,0,0,0
L100309,2026-01-20,Crossover,Locadora A,Sudeste,Supervisor C,SDR C,2026-01-21,2026-01-23,2026-01-26,2026-02-02,2026-02-03,Assinado,80085.54,77834.33,6,5,1,1,1,1
L100310,2026-05-01,C2C,Locadora A,Sul,Supervisor C,SDR E,,,,,,Lead,0.0,0.0,6,5,0,0,0,0
L100311,2026-05-02,C2C,Locadora A,Nordeste,Supervisor A,SDR B,,,,,,Lead,0.0,0.0,6,5,0,0,0,0
L100312,2026-01-22,Inbound,Locadora A,Sudeste,Supervisor B,SDR C,2026-01-25,2026-01-28,2026-01-30,2026-02-04,2026-02-08,Assinado,35529.77,30700.41,6,5,1,1,1,1
L100313,2026-02-20,Inbound,Locadora A,Centro-Oeste,Supervisor B,SDR F,2026-02-22,2026-02-23,2026-02-27,2026-03-05,2026-03-11,Assinado,49833.29,46396.66,6,5,1,1,1,1
L100314,2026-02-14,Inbound,Locadora A,Sudeste,Supervisor B,SDR G,,,,,,Lead,0.0,0.0,6,5,0,0,0,0
L100315,2026-04-30,Crossover,Locadora B,Sul,Supervisor D,SDR B,,,,,,Lead,0.0,0.0,6,5,0,0,0,0
L100316,2026-05-13,Farmer,Locadora B,Centro-Oeste,Supervisor B,SDR H,,,,,,Lead,0.0,0.0,6,5,0,0,0,0
L100317,2026-05-12,Crossover,Locadora A,Sudeste,Supervisor D,SDR E,,,,,,Lead,0.0,0.0,6,5,0,0,0,0
L100318,2026-06-19,Crossover,Locadora B,Sudeste,Supervisor B,SDR B,2026-06-22,2026-06-23,,,,Análise de Crédito,0.0,0.0,6,5,1,0,0,0
L100319,2026-05-20,Inbound,Locadora A,Sudeste,Supervisor A,SDR G,,,,,,Lead,0.0,0.0,6,5,0,0,0,0
L100320,2026-02-28,Crossover,Locadora A,Centro-Oeste,Supervisor A,SDR H,,,,,,Lead,0.0,0.0,6,5,0,0,0,0
L100321,2026-01-20,Inbound,Locadora A,Sul,Supervisor A,SDR C,,,,,,Lead,0.0,0.0,6,5,0,0,0,0
L100322,2026-04-22,Inbound,Locadora A,Sudeste,Supervisor B,SDR A,,,,,,Lead,0.0,0.0,6,5,0,0,0,0
L100323,2026-06-15,Farmer,Locadora A,Sudeste,Supervisor B,SDR C,,,,,,Lead,0.0,0.0,6,5,0,0,0,0
L100324,2026-06-26,Inbound,Locadora A,Norte,Supervisor C,SDR G,,,,,,Lead,0.0,0.0,6,5,0,0,0,0
L100325,2026-02-11,C2C,Locadora A,Sudeste,Supervisor B,SDR A,,,,,,Lead,0.0,0.0,6,5,0,0,0,0
L100326,2026-02-12,Inbound,Locadora A,Sudeste,Supervisor C,SDR C,,,,,,Lead,0.0,0.0,6,5,0,0,0,0
L100327,2026-01-07,C2C,Locadora A,Sudeste,Supervisor A,SDR C,,,,,,Lead,0.0,0.0,6,5,0,0,0,0
L100328,2026-01-26,Inbound,Locadora A,Sul,Supervisor D,SDR A,2026-01-27,2026-01-31,2026-02-04,,,Aprovado,0.0,0.0,6,5,1,1,0,0
L100329,2026-04-11,Inbound,Locadora A,Sudeste,Supervisor A,SDR E,,,,,,Lead,0.0,0.0,6,5,0,0,0,0
L100330,2026-04-09,C2C,Locadora A,Nordeste,Supervisor A,SDR G,,,,,,Lead,0.0,0.0,6,5,0,0,0,0
L100331,2026-03-09,Inbound,Locadora A,Centro-Oeste,Supervisor B,SDR B,,,,,,Lead,0.0,0.0,6,5,0,0,0,0
L100332,2026-02-26,Crossover,Locadora A,Sudeste,Supervisor C,SDR H,,,,,,Lead,0.0,0.0,6,5,0,0,0,0
L100333,2026-05-31,Inbound,Locadora A,Sul,Supervisor A,SDR H,,,,,,Lead,0.0,0.0,6,5,0,0,0,0
L100334,2026-03-25,Inbound,Locadora A,Sudeste,Supervisor A,SDR G,,,,,,Lead,0.0,0.0,6,5,0,0,0,0
L100335,2026-05-27,Inbound,Locadora B,Sudeste,Supervisor D,SDR F,,,,,,Lead,0.0,0.0,6,5,0,0,0,0
L100336,2026-06-24,Inbound,Locadora A,Sul,Supervisor D,SDR D,,,,,,Lead,0.0,0.0,6,5,0,0,0,0
L100337,2026-02-27,C2C,Locadora A,Sudeste,Supervisor D,SDR B,,,,,,Lead,0.0,0.0,6,5,0,0,0,0
L100338,2026-02-06,Inbound,Locadora A,Nordeste,Supervisor A,SDR H,,,,,,Lead,0.0,0.0,6,5,0,0,0,0
L100339,2026-06-22,Inbound,Locadora A,Sul,Supervisor C,SDR E,,,,,,Lead,0.0,0.0,6,5,0,0,0,0
L100340,2026-04-25,Inbound,Locadora A,Sudeste,Supervisor C,SDR D,,,,,,Lead,0.0,0.0,6,5,0,0,0,0
L100341,2026-02-22,C2C,Locadora A,Norte,Supervisor B,SDR D,,,,,,Lead,0.0,0.0,6,5,0,0,0,0
L100342,2026-04-23,Crossover,Locadora B,Sul,Supervisor A,SDR B,,,,,,Lead,0.0,0.0,6,5,0,0,0,0
L100343,2026-04-04,Crossover,Locadora A,Sudeste,Supervisor D,SDR D,,,,,,Lead,0.0,0.0,6,5,0,0,0,0
L100344,2026-06-13,Inbound,Locadora A,Sul,Supervisor D,SDR G,2026-06-16,2026-06-20,,,,Análise de Crédito,0.0,0.0,6,5,1,0,0,0
L100345,2026-02-16,Inbound,Locadora A,Norte,Supervisor A,SDR E,,,,,,Lead,0.0,0.0,6,5,0,0,0,0
L100346,2026-06-29,Farmer,Locadora A,Sudeste,Supervisor C,SDR D,,,,,,Lead,0.0,0.0,6,5,0,0,0,0
L100347,2026-06-19,Inbound,Locadora B,Sudeste,Supervisor D,SDR A,,,,,,Lead,0.0,0.0,6,5,0,0,0,0
L100348,2026-02-02,Farmer,Locadora A,Sul,Supervisor C,SDR D,,,,,,Lead,0.0,0.0,6,5,0,0,0,0
L100349,2026-01-30,Inbound,Locadora A,Sudeste,Supervisor A,SDR B,,,,,,Lead,0.0,0.0,6,5,0,0,0,0
L100350,2026-04-07,Crossover,Locadora B,Sudeste,Supervisor C,SDR D,,,,,,Lead,0.0,0.0,6,5,0,0,0,0
L100351,2026-01-09,Crossover,Locadora A,Sul,Supervisor D,SDR B,,,,,,Lead,0.0,0.0,6,5,0,0,0,0
L100352,2026-02-24,Crossover,Locadora A,Nordeste,Supervisor B,SDR H,,,,,,Lead,0.0,0.0,6,5,0,0,0,0
L100353,2026-03-20,Inbound,Locadora A,Centro-Oeste,Supervisor A,SDR B,,,,,,Lead,0.0,0.0,6,5,0,0,0,0
L100354,2026-06-25,Inbound,Locadora A,Sudeste,Supervisor B,SDR A,,,,,,Lead,0.0,0.0,6,5,0,0,0,0
L100355,2026-06-29,Inbound,Locadora A,Sudeste,Supervisor D,SDR F,,,,,,Lead,0.0,0.0,6,5,0,0,0,0
L100356,2026-01-28,Inbound,Locadora B,Sudeste,Supervisor C,SDR C,,,,,,Lead,0.0,0.0,6,5,0,0,0,0
L100357,2026-06-11,Inbound,Locadora A,Sudeste,Supervisor A,SDR H,,,,,,Lead,0.0,0.0,6,5,0,0,0,0
L100358,2026-01-17,Inbound,Locadora A,Centro-Oeste,Supervisor C,SDR D,2026-01-21,2026-01-23,,,,Análise de Crédito,0.0,0.0,6,5,1,0,0,0
L100359,2026-05-16,Inbound,Locadora A,Sudeste,Supervisor D,SDR F,,,,,,Lead,0.0,0.0,6,5,0,0,0,0
L100360,2026-06-03,Inbound,Locadora A,Nordeste,Supervisor A,SDR G,2026-06-05,2026-06-06,,,,Análise de Crédito,0.0,0.0,6,5,1,0,0,0
L100361,2026-06-11,Inbound,Locadora A,Sul,Supervisor C,SDR H,,,,,,Lead,0.0,0.0,6,5,0,0,0,0
L100362,2026-02-10,Inbound,Locadora A,Centro-Oeste,Supervisor A,SDR G,,,,,,Lead,0.0,0.0,6,5,0,0,0,0
L100363,2026-06-11,Inbound,Locadora A,Nordeste,Supervisor A,SDR E,,,,,,Lead,0.0,0.0,6,5,0,0,0,0
L100364,2026-01-21,Inbound,Locadora B,Centro-Oeste,Supervisor B,SDR G,,,,,,Lead,0.0,0.0,6,5,0,0,0,0
L100365,2026-04-04,Inbound,Locadora A,Nordeste,Supervisor D,SDR C,,,,,,Lead,0.0,0.0,6,5,0,0,0,0
L100366,2026-03-26,Inbound,Locadora A,Nordeste,Supervisor C,SDR G,,,,,,Lead,0.0,0.0,6,5,0,0,0,0
L100367,2026-02-27,Inbound,Locadora B,Sul,Supervisor A,SDR G,,,,,,Lead,0.0,0.0,6,5,0,0,0,0
L100368,2026-01-05,Crossover,Locadora B,Sudeste,Supervisor A,SDR D,2026-01-09,2026-01-13,,,,Análise de Crédito,0.0,0.0,6,5,1,0,0,0
L100369,2026-05-20,Inbound,Locadora B,Sudeste,Supervisor C,SDR A,,,,,,Lead,0.0,0.0,6,5,0,0,0,0
L100370,2026-03-02,C2C,Locadora B,Nordeste,Supervisor B,SDR F,,,,,,Lead,0.0,0.0,6,5,0,0,0,0
L100371,2026-04-30,Crossover,Locadora A,Sudeste,Supervisor B,SDR A,2026-05-04,2026-05-06,,,,Análise de Crédito,0.0,0.0,6,5,1,0,0,0
L100372,2026-03-16,C2C,Locadora A,Norte,Supervisor B,SDR A,,,,,,Lead,0.0,0.0,6,5,0,0,0,0
L100373,2026-03-09,Inbound,Locadora B,Sudeste,Supervisor D,SDR H,,,,,,Lead,0.0,0.0,6,5,0,0,0,0
L100374,2026-06-10,Inbound,Locadora A,Centro-Oeste,Supervisor C,SDR E,,,,,,Lead,0.0,0.0,6,5,0,0,0,0
L100375,2026-01-18,Inbound,Locadora A,Sudeste,Supervisor D,SDR F,,,,,,Lead,0.0,0.0,6,5,0,0,0,0
L100376,2026-05-14,Crossover,Locadora B,Norte,Supervisor A,SDR H,,,,,,Lead,0.0,0.0,6,5,0,0,0,0
L100377,2026-05-16,C2C,Locadora A,Sudeste,Supervisor B,SDR H,,,,,,Lead,0.0,0.0,6,5,0,0,0,0
L100378,2026-03-10,Inbound,Locadora A,Sudeste,Supervisor C,SDR H,,,,,,Lead,0.0,0.0,6,5,0,0,0,0
L100379,2026-02-17,C2C,Locadora A,Nordeste,Supervisor D,SDR B,,,,,,Lead,0.0,0.0,6,5,0,0,0,0
L100380,2026-01-01,Inbound,Locadora A,Sudeste,Supervisor C,SDR C,,,,,,Lead,0.0,0.0,6,5,0,0,0,0
L100381,2026-06-19,C2C,Locadora A,Sudeste,Supervisor D,SDR G,,,,,,Lead,0.0,0.0,6,5,0,0,0,0
L100382,2026-06-21,C2C,Locadora A,Nordeste,Supervisor D,SDR A,,,,,,Lead,0.0,0.0,6,5,0,0,0,0
L100383,2026-02-13,Inbound,Locadora B,Nordeste,Supervisor C,SDR B,,,,,,Lead,0.0,0.0,6,5,0,0,0,0
L100384,2026-01-06,Inbound,Locadora A,Sudeste,Supervisor B,SDR E,,,,,,Lead,0.0,0.0,6,5,0,0,0,0
L100385,2026-01-23,Inbound,Locadora A,Sul,Supervisor B,SDR C,,,,,,Lead,0.0,0.0,6,5,0,0,0,0
L100386,2026-01-13,Inbound,Locadora B,Sudeste,Supervisor C,SDR B,,,,,,Lead,0.0,0.0,6,5,0,0,0,0
L100387,2026-05-31,C2C,Locadora B,Sudeste,Supervisor B,SDR H,,,,,,Lead,0.0,0.0,6,5,0,0,0,0
L100388,2026-06-11,Inbound,Locadora A,Sul,Supervisor A,SDR D,,,,,,Lead,0.0,0.0,6,5,0,0,0,0
L100389,2026-01-28,Inbound,Locadora A,Sudeste,Supervisor A,SDR D,,,,,,Lead,0.0,0.0,6,5,0,0,0,0
L100390,2026-05-16,Crossover,Locadora A,Sul,Supervisor D,SDR F,2026-05-21,2026-05-24,2026-05-27,2026-05-28,,Formalizado,128339.11,0.0,6,5,1,1,1,0
L100391,2026-02-02,Inbound,Locadora B,Sudeste,Supervisor B,SDR F,,,,,,Lead,0.0,0.0,6,5,0,0,0,0
L100392,2026-03-08,C2C,Locadora A,Nordeste,Supervisor D,SDR D,,,,,,Lead,0.0,0.0,6,5,0,0,0,0
L100393,2026-04-19,Crossover,Locadora A,Sul,Supervisor A,SDR H,,,,,,Lead,0.0,0.0,6,5,0,0,0,0
L100394,2026-05-11,Farmer,Locadora A,Sudeste,Supervisor D,SDR C,,,,,,Lead,0.0,0.0,6,5,0,0,0,0
L100395,2026-06-08,C2C,Locadora A,Norte,Supervisor D,SDR G,2026-06-13,2026-06-17,2026-06-21,,,Aprovado,0.0,0.0,6,5,1,1,0,0
L100396,2026-01-09,Crossover,Locadora A,Nordeste,Supervisor B,SDR G,,,,,,Lead,0.0,0.0,6,5,0,0,0,0
L100397,2026-02-05,Crossover,Locadora B,Sudeste,Supervisor C,SDR A,,,,,,Lead,0.0,0.0,6,5,0,0,0,0
L100398,2026-02-20,Inbound,Locadora B,Norte,Supervisor D,SDR G,,,,,,Lead,0.0,0.0,6,5,0,0,0,0
L100399,2026-02-26,Inbound,Locadora A,Sudeste,Supervisor C,SDR B,,,,,,Lead,0.0,0.0,6,5,0,0,0,0
L100400,2026-06-30,Crossover,Locadora A,Sudeste,Supervisor D,SDR D,,,,,,Lead,0.0,0.0,6,5,0,0,0,0
L100401,2026-05-21,C2C,Locadora A,Sudeste,Supervisor A,SDR H,,,,,,Lead,0.0,0.0,6,5,0,0,0,0
L100402,2026-02-27,Inbound,Locadora A,Sudeste,Supervisor A,SDR B,,,,,,Lead,0.0,0.0,6,5,0,0,0,0
L100403,2026-06-25,C2C,Locadora A,Centro-Oeste,Supervisor A,SDR E,2026-06-27,2026-06-30,2026-07-04,2026-07-09,2026-07-12,Assinado,63732.86,64512.34,6,5,1,1,1,1
L100404,2026-04-01,C2C,Locadora A,Sul,Supervisor B,SDR G,,,,,,Lead,0.0,0.0,6,5,0,0,0,0
L100405,2026-04-01,Farmer,Locadora A,Nordeste,Supervisor D,SDR D,,,,,,Lead,0.0,0.0,6,5,0,0,0,0
L100406,2026-03-20,Inbound,Locadora A,Sudeste,Supervisor D,SDR A,,,,,,Lead,0.0,0.0,6,5,0,0,0,0
L100407,2026-01-27,Inbound,Locadora A,Sudeste,Supervisor C,SDR A,2026-01-29,2026-01-30,2026-02-02,,,Aprovado,0.0,0.0,6,5,1,1,0,0
L100408,2026-06-19,Inbound,Locadora A,Sudeste,Supervisor B,SDR E,,,,,,Lead,0.0,0.0,6,5,0,0,0,0
L100409,2026-01-03,Crossover,Locadora A,Sudeste,Supervisor D,SDR A,,,,,,Lead,0.0,0.0,6,5,0,0,0,0
L100410,2026-02-01,Inbound,Locadora A,Norte,Supervisor C,SDR A,2026-02-03,2026-02-05,,,,Análise de Crédito,0.0,0.0,6,5,1,0,0,0
L100411,2026-02-11,Crossover,Locadora A,Centro-Oeste,Supervisor C,SDR H,,,,,,Lead,0.0,0.0,6,5,0,0,0,0
L100412,2026-02-20,Inbound,Locadora A,Nordeste,Supervisor A,SDR E,,,,,,Lead,0.0,0.0,6,5,0,0,0,0
L100413,2026-01-24,Crossover,Locadora B,Centro-Oeste,Supervisor A,SDR D,2026-01-29,2026-02-02,2026-02-03,,,Aprovado,0.0,0.0,6,5,1,1,0,0
L100414,2026-01-04,Inbound,Locadora B,Sudeste,Supervisor C,SDR A,2026-01-08,2026-01-09,2026-01-12,,,Aprovado,0.0,0.0,6,5,1,1,0,0
L100415,2026-05-03,Inbound,Locadora A,Sudeste,Supervisor C,SDR G,2026-05-08,2026-05-12,2026-05-16,,,Aprovado,0.0,0.0,6,5,1,1,0,0
L100416,2026-06-25,Inbound,Locadora A,Sudeste,Supervisor B,SDR E,2026-06-29,2026-07-02,,,,Análise de Crédito,0.0,0.0,6,5,1,0,0,0
L100417,2026-01-23,Farmer,Locadora A,Nordeste,Supervisor C,SDR B,,,,,,Lead,0.0,0.0,6,5,0,0,0,0
L100418,2026-02-23,Crossover,Locadora A,Sudeste,Supervisor C,SDR G,2026-02-24,2026-02-26,,,,Análise de Crédito,0.0,0.0,6,5,1,0,0,0
L100419,2026-04-02,C2C,Locadora B,Sudeste,Supervisor A,SDR B,,,,,,Lead,0.0,0.0,6,5,0,0,0,0
L100420,2026-06-17,C2C,Locadora A,Centro-Oeste,Supervisor D,SDR E,2026-06-20,2026-06-23,,,,Análise de Crédito,0.0,0.0,6,5,1,0,0,0
L100421,2026-05-06,Inbound,Locadora A,Sudeste,Supervisor C,SDR E,,,,,,Lead,0.0,0.0,6,5,0,0,0,0
L100422,2026-05-19,Inbound,Locadora A,Sul,Supervisor A,SDR C,2026-05-24,2026-05-27,2026-05-31,,,Aprovado,0.0,0.0,6,5,1,1,0,0
L100423,2026-04-16,Inbound,Locadora A,Sudeste,Supervisor A,SDR H,,,,,,Lead,0.0,0.0,6,5,0,0,0,0
L100424,2026-03-17,Crossover,Locadora A,Sul,Supervisor D,SDR F,,,,,,Lead,0.0,0.0,6,5,0,0,0,0
L100425,2026-02-06,Inbound,Locadora B,Sudeste,Supervisor B,SDR C,,,,,,Lead,0.0,0.0,6,5,0,0,0,0
L100426,2026-06-06,Crossover,Locadora A,Nordeste,Supervisor A,SDR B,,,,,,Lead,0.0,0.0,6,5,0,0,0,0
L100427,2026-05-26,C2C,Locadora A,Centro-Oeste,Supervisor A,SDR C,,,,,,Lead,0.0,0.0,6,5,0,0,0,0
L100428,2026-01-05,C2C,Locadora A,Sudeste,Supervisor A,SDR D,,,,,,Lead,0.0,0.0,6,5,0,0,0,0
L100429,2026-05-10,C2C,Locadora B,Nordeste,Supervisor C,SDR E,,,,,,Lead,0.0,0.0,6,5,0,0,0,0
L100430,2026-01-16,Inbound,Locadora A,Nordeste,Supervisor B,SDR D,,,,,,Lead,0.0,0.0,6,5,0,0,0,0
L100431,2026-05-14,Inbound,Locadora A,Centro-Oeste,Supervisor C,SDR A,,,,,,Lead,0.0,0.0,6,5,0,0,0,0
L100432,2026-05-30,C2C,Locadora A,Norte,Supervisor A,SDR F,,,,,,Lead,0.0,0.0,6,5,0,0,0,0
L100433,2026-01-24,Inbound,Locadora A,Nordeste,Supervisor A,SDR D,,,,,,Lead,0.0,0.0,6,5,0,0,0,0
L100434,2026-03-20,Crossover,Locadora B,Sudeste,Supervisor B,SDR C,,,,,,Lead,0.0,0.0,6,5,0,0,0,0
L100435,2026-01-23,Inbound,Locadora A,Sudeste,Supervisor D,SDR E,2026-01-27,2026-01-31,2026-02-01,,,Aprovado,0.0,0.0,6,5,1,1,0,0
L100436,2026-04-13,Inbound,Locadora A,Sudeste,Supervisor C,SDR G,,,,,,Lead,0.0,0.0,6,5,0,0,0,0
L100437,2026-06-17,Inbound,Locadora A,Sul,Supervisor D,SDR A,,,,,,Lead,0.0,0.0,6,5,0,0,0,0
L100438,2026-01-15,Crossover,Locadora A,Norte,Supervisor A,SDR H,,,,,,Lead,0.0,0.0,6,5,0,0,0,0
L100439,2026-03-13,Inbound,Locadora A,Sul,Supervisor B,SDR F,,,,,,Lead,0.0,0.0,6,5,0,0,0,0
L100440,2026-06-26,Inbound,Locadora A,Sudeste,Supervisor B,SDR E,,,,,,Lead,0.0,0.0,6,5,0,0,0,0
L100441,2026-02-24,Inbound,Locadora B,Norte,Supervisor A,SDR A,2026-03-01,2026-03-03,2026-03-04,,,Aprovado,0.0,0.0,6,5,1,1,0,0
L100442,2026-01-24,Crossover,Locadora A,Centro-Oeste,Supervisor B,SDR F,,,,,,Lead,0.0,0.0,6,5,0,0,0,0
L100443,2026-03-30,Inbound,Locadora A,Sudeste,Supervisor B,SDR F,,,,,,Lead,0.0,0.0,6,5,0,0,0,0
L100444,2026-04-03,C2C,Locadora A,Nordeste,Supervisor B,SDR E,,,,,,Lead,0.0,0.0,6,5,0,0,0,0
L100445,2026-04-30,Inbound,Locadora A,Sudeste,Supervisor A,SDR G,,,,,,Lead,0.0,0.0,6,5,0,0,0,0
L100446,2026-02-26,Inbound,Locadora A,Sul,Supervisor B,SDR G,2026-03-03,2026-03-05,2026-03-08,2026-03-15,,Formalizado,41832.75,0.0,6,5,1,1,1,0
L100447,2026-06-22,Farmer,Locadora A,Sul,Supervisor D,SDR G,,,,,,Lead,0.0,0.0,6,5,0,0,0,0
L100448,2026-04-05,Inbound,Locadora A,Norte,Supervisor A,SDR C,,,,,,Lead,0.0,0.0,6,5,0,0,0,0
L100449,2026-02-21,C2C,Locadora A,Sudeste,Supervisor D,SDR F,,,,,,Lead,0.0,0.0,6,5,0,0,0,0
L100450,2026-06-23,Inbound,Locadora B,Sudeste,Supervisor C,SDR A,,,,,,Lead,0.0,0.0,6,5,0,0,0,0
L100451,2026-06-17,Inbound,Locadora A,Centro-Oeste,Supervisor A,SDR E,,,,,,Lead,0.0,0.0,6,5,0,0,0,0
L100452,2026-04-01,Crossover,Locadora B,Nordeste,Supervisor B,SDR B,,,,,,Lead,0.0,0.0,6,5,0,0,0,0
L100453,2026-01-05,Crossover,Locadora A,Sudeste,Supervisor C,SDR C,,,,,,Lead,0.0,0.0,6,5,0,0,0,0
L100454,2026-04-19,C2C,Locadora A,Sudeste,Supervisor B,SDR F,,,,,,Lead,0.0,0.0,6,5,0,0,0,0
L100455,2026-04-11,Farmer,Locadora A,Norte,Supervisor B,SDR D,2026-04-15,2026-04-17,2026-04-20,,,Aprovado,0.0,0.0,6,5,1,1,0,0
L100456,2026-01-27,C2C,Locadora A,Centro-Oeste,Supervisor C,SDR G,,,,,,Lead,0.0,0.0,6,5,0,0,0,0
L100457,2026-04-25,C2C,Locadora A,Sudeste,Supervisor A,SDR A,,,,,,Lead,0.0,0.0,6,5,0,0,0,0
L100458,2026-06-02,Crossover,Locadora A,Sudeste,Supervisor D,SDR H,,,,,,Lead,0.0,0.0,6,5,0,0,0,0
L100459,2026-01-20,Farmer,Locadora B,Sul,Supervisor B,SDR F,2026-01-25,2026-01-26,2026-01-29,,,Aprovado,0.0,0.0,6,5,1,1,0,0
L100460,2026-05-11,Inbound,Locadora B,Centro-Oeste,Supervisor B,SDR D,,,,,,Lead,0.0,0.0,6,5,0,0,0,0
L100461,2026-01-26,Farmer,Locadora A,Sul,Supervisor A,SDR A,2026-01-30,2026-02-03,,,,Análise de Crédito,0.0,0.0,6,5,1,0,0,0
L100462,2026-05-16,Crossover,Locadora A,Centro-Oeste,Supervisor D,SDR A,,,,,,Lead,0.0,0.0,6,5,0,0,0,0
L100463,2026-03-17,Inbound,Locadora A,Sudeste,Supervisor A,SDR D,2026-03-22,2026-03-25,2026-03-27,,,Aprovado,0.0,0.0,6,5,1,1,0,0
L100464,2026-01-02,Farmer,Locadora B,Nordeste,Supervisor D,SDR E,,,,,,Lead,0.0,0.0,6,5,0,0,0,0
L100465,2026-06-24,Farmer,Locadora A,Sudeste,Supervisor B,SDR E,2026-06-27,2026-07-01,2026-07-03,2026-07-10,2026-07-15,Assinado,135021.26,122887.83,6,5,1,1,1,1
L100466,2026-01-31,Inbound,Locadora A,Nordeste,Supervisor A,SDR C,,,,,,Lead,0.0,0.0,6,5,0,0,0,0
L100467,2026-04-18,Inbound,Locadora A,Sudeste,Supervisor B,SDR F,,,,,,Lead,0.0,0.0,6,5,0,0,0,0
L100468,2026-02-02,Inbound,Locadora A,Sudeste,Supervisor C,SDR E,,,,,,Lead,0.0,0.0,6,5,0,0,0,0
L100469,2026-06-18,C2C,Locadora A,Sudeste,Supervisor B,SDR C,2026-06-19,2026-06-22,2026-06-24,,,Aprovado,0.0,0.0,6,5,1,1,0,0
L100470,2026-05-14,Inbound,Locadora A,Sudeste,Supervisor D,SDR C,,,,,,Lead,0.0,0.0,6,5,0,0,0,0
L100471,2026-05-26,Inbound,Locadora A,Sudeste,Supervisor C,SDR D,,,,,,Lead,0.0,0.0,6,5,0,0,0,0
L100472,2026-03-20,Inbound,Locadora A,Centro-Oeste,Supervisor D,SDR F,,,,,,Lead,0.0,0.0,6,5,0,0,0,0
L100473,2026-03-26,Inbound,Locadora A,Nordeste,Supervisor B,SDR E,,,,,,Lead,0.0,0.0,6,5,0,0,0,0
L100474,2026-04-25,Inbound,Locadora A,Sul,Supervisor A,SDR B,,,,,,Lead,0.0,0.0,6,5,0,0,0,0
L100475,2026-05-23,Inbound,Locadora B,Sul,Supervisor B,SDR H,2026-05-25,2026-05-28,,,,Análise de Crédito,0.0,0.0,6,5,1,0,0,0
L100476,2026-06-03,C2C,Locadora A,Sudeste,Supervisor C,SDR B,,,,,,Lead,0.0,0.0,6,5,0,0,0,0
L100477,2026-01-04,C2C,Locadora A,Nordeste,Supervisor B,SDR F,,,,,,Lead,0.0,0.0,6,5,0,0,0,0
L100478,2026-05-01,C2C,Locadora A,Sudeste,Supervisor D,SDR A,,,,,,Lead,0.0,0.0,6,5,0,0,0,0
L100479,2026-01-20,Inbound,Locadora A,Sudeste,Supervisor D,SDR C,,,,,,Lead,0.0,0.0,6,5,0,0,0,0
L100480,2026-02-22,Inbound,Locadora B,Sudeste,Supervisor A,SDR E,2026-02-23,2026-02-27,2026-03-02,,,Aprovado,0.0,0.0,6,5,1,1,0,0
L100481,2026-05-31,Inbound,Locadora A,Sudeste,Supervisor A,SDR G,,,,,,Lead,0.0,0.0,6,5,0,0,0,0
L100482,2026-02-15,C2C,Locadora B,Sul,Supervisor B,SDR E,,,,,,Lead,0.0,0.0,6,5,0,0,0,0
L100483,2026-05-25,Inbound,Locadora A,Sudeste,Supervisor C,SDR A,,,,,,Lead,0.0,0.0,6,5,0,0,0,0
L100484,2026-03-25,Inbound,Locadora A,Sudeste,Supervisor A,SDR H,,,,,,Lead,0.0,0.0,6,5,0,0,0,0
L100485,2026-02-12,Farmer,Locadora A,Nordeste,Supervisor A,SDR C,,,,,,Lead,0.0,0.0,6,5,0,0,0,0
L100486,2026-03-02,Inbound,Locadora A,Sudeste,Supervisor B,SDR C,,,,,,Lead,0.0,0.0,6,5,0,0,0,0
L100487,2026-04-07,Farmer,Locadora A,Sul,Supervisor B,SDR A,2026-04-09,2026-04-11,2026-04-12,,,Aprovado,0.0,0.0,6,5,1,1,0,0
L100488,2026-05-19,Inbound,Locadora B,Sudeste,Supervisor D,SDR F,,,,,,Lead,0.0,0.0,6,5,0,0,0,0
L100489,2026-04-20,Inbound,Locadora B,Nordeste,Supervisor C,SDR D,,,,,,Lead,0.0,0.0,6,5,0,0,0,0
L100490,2026-06-18,Inbound,Locadora A,Centro-Oeste,Supervisor D,SDR B,,,,,,Lead,0.0,0.0,6,5,0,0,0,0
L100491,2026-06-07,Crossover,Locadora B,Sudeste,Supervisor D,SDR F,2026-06-11,2026-06-12,2026-06-14,,,Aprovado,0.0,0.0,6,5,1,1,0,0
L100492,2026-05-17,C2C,Locadora B,Nordeste,Supervisor B,SDR B,2026-05-20,2026-05-24,,,,Análise de Crédito,0.0,0.0,6,5,1,0,0,0
L100493,2026-04-20,Inbound,Locadora A,Sudeste,Supervisor D,SDR E,,,,,,Lead,0.0,0.0,6,5,0,0,0,0
L100494,2026-02-22,Crossover,Locadora A,Sudeste,Supervisor D,SDR F,2026-02-23,2026-02-25,2026-02-26,,,Aprovado,0.0,0.0,6,5,1,1,0,0
L100495,2026-03-16,Farmer,Locadora A,Centro-Oeste,Supervisor B,SDR G,2026-03-19,2026-03-20,2026-03-21,,,Aprovado,0.0,0.0,6,5,1,1,0,0
L100496,2026-01-22,Inbound,Locadora A,Centro-Oeste,Supervisor D,SDR F,,,,,,Lead,0.0,0.0,6,5,0,0,0,0
L100497,2026-03-09,Farmer,Locadora A,Sudeste,Supervisor B,SDR E,,,,,,Lead,0.0,0.0,6,5,0,0,0,0
L100498,2026-06-17,Inbound,Locadora B,Sudeste,Supervisor A,SDR A,,,,,,Lead,0.0,0.0,6,5,0,0,0,0
L100499,2026-03-19,C2C,Locadora A,Sudeste,Supervisor D,SDR B,,,,,,Lead,0.0,0.0,6,5,0,0,0,0
L100500,2026-01-21,Inbound,Locadora A,Sul,Supervisor D,SDR E,,,,,,Lead,0.0,0.0,6,5,0,0,0,0
L100501,2026-04-28,Inbound,Locadora A,Norte,Supervisor A,SDR E,,,,,,Lead,0.0,0.0,6,5,0,0,0,0
L100502,2026-06-24,Crossover,Locadora A,Sudeste,Supervisor D,SDR E,,,,,,Lead,0.0,0.0,6,5,0,0,0,0
L100503,2026-06-07,Inbound,Locadora A,Norte,Supervisor C,SDR F,,,,,,Lead,0.0,0.0,6,5,0,0,0,0
L100504,2026-02-19,Inbound,Locadora A,Sudeste,Supervisor C,SDR H,,,,,,Lead,0.0,0.0,6,5,0,0,0,0
L100505,2026-03-24,Inbound,Locadora A,Nordeste,Supervisor D,SDR E,2026-03-29,2026-04-01,2026-04-02,2026-04-04,2026-04-13,Assinado,81989.34,81171.75,6,5,1,1,1,1
L100506,2026-04-07,Inbound,Locadora A,Norte,Supervisor A,SDR B,,,,,,Lead,0.0,0.0,6,5,0,0,0,0
L100507,2026-02-14,Farmer,Locadora A,Centro-Oeste,Supervisor B,SDR D,2026-02-19,2026-02-20,2026-02-23,2026-02-26,2026-03-04,Assinado,100439.94,91476.55,6,5,1,1,1,1
L100508,2026-02-18,Inbound,Locadora A,Sudeste,Supervisor B,SDR C,,,,,,Lead,0.0,0.0,6,5,0,0,0,0
L100509,2026-02-12,Inbound,Locadora A,Sudeste,Supervisor C,SDR E,2026-02-16,2026-02-19,,,,Análise de Crédito,0.0,0.0,6,5,1,0,0,0
L100510,2026-06-30,C2C,Locadora A,Sudeste,Supervisor A,SDR E,,,,,,Lead,0.0,0.0,6,5,0,0,0,0
L100511,2026-05-16,Inbound,Locadora A,Sul,Supervisor A,SDR E,,,,,,Lead,0.0,0.0,6,5,0,0,0,0
L100512,2026-06-02,C2C,Locadora A,Norte,Supervisor C,SDR E,,,,,,Lead,0.0,0.0,6,5,0,0,0,0
L100513,2026-05-28,C2C,Locadora B,Sudeste,Supervisor A,SDR C,2026-06-01,2026-06-04,,,,Análise de Crédito,0.0,0.0,6,5,1,0,0,0
L100514,2026-06-23,C2C,Locadora A,Sudeste,Supervisor B,SDR B,,,,,,Lead,0.0,0.0,6,5,0,0,0,0
L100515,2026-01-20,Farmer,Locadora B,Sudeste,Supervisor D,SDR G,,,,,,Lead,0.0,0.0,6,5,0,0,0,0
L100516,2026-06-09,Inbound,Locadora B,Sul,Supervisor D,SDR D,,,,,,Lead,0.0,0.0,6,5,0,0,0,0
L100517,2026-01-13,Inbound,Locadora A,Sul,Supervisor A,SDR B,,,,,,Lead,0.0,0.0,6,5,0,0,0,0
L100518,2026-03-28,Inbound,Locadora A,Sudeste,Supervisor D,SDR H,,,,,,Lead,0.0,0.0,6,5,0,0,0,0
L100519,2026-04-18,Farmer,Locadora A,Centro-Oeste,Supervisor B,SDR A,,,,,,Lead,0.0,0.0,6,5,0,0,0,0
L100520,2026-03-06,Inbound,Locadora B,Sudeste,Supervisor A,SDR C,,,,,,Lead,0.0,0.0,6,5,0,0,0,0
L100521,2026-01-27,C2C,Locadora A,Sul,Supervisor C,SDR F,,,,,,Lead,0.0,0.0,6,5,0,0,0,0
L100522,2026-02-04,Crossover,Locadora A,Sudeste,Supervisor B,SDR D,2026-02-08,2026-02-12,,,,Análise de Crédito,0.0,0.0,6,5,1,0,0,0
L100523,2026-05-30,Inbound,Locadora A,Sudeste,Supervisor B,SDR G,2026-06-04,2026-06-07,2026-06-09,,,Aprovado,0.0,0.0,6,5,1,1,0,0
L100524,2026-02-27,Inbound,Locadora A,Sul,Supervisor B,SDR C,,,,,,Lead,0.0,0.0,6,5,0,0,0,0
L100525,2026-02-26,Inbound,Locadora A,Centro-Oeste,Supervisor A,SDR F,,,,,,Lead,0.0,0.0,6,5,0,0,0,0
L100526,2026-06-17,Crossover,Locadora A,Sudeste,Supervisor B,SDR D,,,,,,Lead,0.0,0.0,6,5,0,0,0,0
L100527,2026-01-27,Crossover,Locadora A,Nordeste,Supervisor A,SDR D,,,,,,Lead,0.0,0.0,6,5,0,0,0,0
L100528,2026-06-15,C2C,Locadora B,Sul,Supervisor D,SDR D,,,,,,Lead,0.0,0.0,6,5,0,0,0,0
L100529,2026-06-16,Inbound,Locadora A,Sudeste,Supervisor B,SDR H,,,,,,Lead,0.0,0.0,6,5,0,0,0,0
L100530,2026-04-19,Crossover,Locadora A,Norte,Supervisor C,SDR G,,,,,,Lead,0.0,0.0,6,5,0,0,0,0
L100531,2026-01-30,Crossover,Locadora A,Norte,Supervisor B,SDR C,,,,,,Lead,0.0,0.0,6,5,0,0,0,0
L100532,2026-01-29,Inbound,Locadora B,Sudeste,Supervisor D,SDR D,,,,,,Lead,0.0,0.0,6,5,0,0,0,0
L100533,2026-02-21,Inbound,Locadora A,Norte,Supervisor D,SDR D,2026-02-26,2026-03-01,2026-03-03,,,Aprovado,0.0,0.0,6,5,1,1,0,0
L100534,2026-04-15,Inbound,Locadora B,Centro-Oeste,Supervisor C,SDR F,,,,,,Lead,0.0,0.0,6,5,0,0,0,0
L100535,2026-01-28,Farmer,Locadora A,Sudeste,Supervisor B,SDR E,2026-02-02,2026-02-06,,,,Análise de Crédito,0.0,0.0,6,5,1,0,0,0
L100536,2026-03-24,Inbound,Locadora B,Sul,Supervisor B,SDR E,,,,,,Lead,0.0,0.0,6,5,0,0,0,0
L100537,2026-01-21,Inbound,Locadora A,Sudeste,Supervisor D,SDR D,2026-01-25,2026-01-26,,,,Análise de Crédito,0.0,0.0,6,5,1,0,0,0
L100538,2026-04-08,Crossover,Locadora A,Sul,Supervisor D,SDR D,,,,,,Lead,0.0,0.0,6,5,0,0,0,0
L100539,2026-01-04,Inbound,Locadora A,Norte,Supervisor B,SDR E,2026-01-06,2026-01-08,2026-01-12,2026-01-16,,Formalizado,65339.57,0.0,6,5,1,1,1,0
L100540,2026-05-09,C2C,Locadora B,Sudeste,Supervisor B,SDR G,2026-05-12,2026-05-15,2026-05-18,,,Aprovado,0.0,0.0,6,5,1,1,0,0
L100541,2026-01-11,Inbound,Locadora B,Sul,Supervisor B,SDR H,,,,,,Lead,0.0,0.0,6,5,0,0,0,0
L100542,2026-02-05,C2C,Locadora A,Sudeste,Supervisor D,SDR A,2026-02-10,2026-02-14,2026-02-15,,,Aprovado,0.0,0.0,6,5,1,1,0,0
L100543,2026-02-01,Inbound,Locadora A,Sul,Supervisor D,SDR B,,,,,,Lead,0.0,0.0,6,5,0,0,0,0
L100544,2026-05-31,Inbound,Locadora A,Nordeste,Supervisor D,SDR F,2026-06-02,2026-06-03,2026-06-07,2026-06-12,,Formalizado,58723.2,0.0,6,5,1,1,1,0
L100545,2026-01-10,Inbound,Locadora A,Sudeste,Supervisor D,SDR B,,,,,,Lead,0.0,0.0,6,5,0,0,0,0
L100546,2026-03-19,Inbound,Locadora A,Sul,Supervisor B,SDR E,2026-03-20,2026-03-23,,,,Análise de Crédito,0.0,0.0,6,5,1,0,0,0
L100547,2026-04-17,C2C,Locadora A,Sudeste,Supervisor B,SDR D,2026-04-20,2026-04-23,2026-04-26,2026-04-28,,Formalizado,39440.74,0.0,6,5,1,1,1,0
L100548,2026-04-04,Crossover,Locadora A,Centro-Oeste,Supervisor D,SDR B,,,,,,Lead,0.0,0.0,6,5,0,0,0,0
L100549,2026-05-04,C2C,Locadora A,Centro-Oeste,Supervisor B,SDR E,,,,,,Lead,0.0,0.0,6,5,0,0,0,0
L100550,2026-05-26,C2C,Locadora B,Centro-Oeste,Supervisor A,SDR E,,,,,,Lead,0.0,0.0,6,5,0,0,0,0
L100551,2026-03-13,Inbound,Locadora A,Sudeste,Supervisor D,SDR F,,,,,,Lead,0.0,0.0,6,5,0,0,0,0
L100552,2026-05-30,Inbound,Locadora A,Sul,Supervisor B,SDR G,,,,,,Lead,0.0,0.0,6,5,0,0,0,0
L100553,2026-02-27,Inbound,Locadora A,Centro-Oeste,Supervisor A,SDR H,,,,,,Lead,0.0,0.0,6,5,0,0,0,0
L100554,2026-06-28,Inbound,Locadora A,Centro-Oeste,Supervisor D,SDR D,,,,,,Lead,0.0,0.0,6,5,0,0,0,0
L100555,2026-04-02,Farmer,Locadora A,Sul,Supervisor B,SDR F,2026-04-07,2026-04-08,2026-04-10,2026-04-14,,Formalizado,24583.79,0.0,6,5,1,1,1,0
L100556,2026-05-14,Inbound,Locadora A,Nordeste,Supervisor B,SDR G,2026-05-19,2026-05-22,2026-05-26,,,Aprovado,0.0,0.0,6,5,1,1,0,0
L100557,2026-06-08,C2C,Locadora A,Sudeste,Supervisor C,SDR H,,,,,,Lead,0.0,0.0,6,5,0,0,0,0
L100558,2026-05-24,Inbound,Locadora A,Sudeste,Supervisor B,SDR F,,,,,,Lead,0.0,0.0,6,5,0,0,0,0
L100559,2026-06-04,Inbound,Locadora A,Norte,Supervisor D,SDR B,,,,,,Lead,0.0,0.0,6,5,0,0,0,0
L100560,2026-04-08,Inbound,Locadora A,Sudeste,Supervisor C,SDR C,,,,,,Lead,0.0,0.0,6,5,0,0,0,0
L100561,2026-01-08,Inbound,Locadora A,Nordeste,Supervisor C,SDR B,,,,,,Lead,0.0,0.0,6,5,0,0,0,0
L100562,2026-03-31,C2C,Locadora A,Sul,Supervisor A,SDR B,,,,,,Lead,0.0,0.0,6,5,0,0,0,0
L100563,2026-02-02,Inbound,Locadora A,Nordeste,Supervisor B,SDR C,,,,,,Lead,0.0,0.0,6,5,0,0,0,0
L100564,2026-06-10,C2C,Locadora A,Sul,Supervisor B,SDR D,,,,,,Lead,0.0,0.0,6,5,0,0,0,0
L100565,2026-02-12,Farmer,Locadora A,Nordeste,Supervisor D,SDR G,,,,,,Lead,0.0,0.0,6,5,0,0,0,0
L100566,2026-02-11,C2C,Locadora A,Centro-Oeste,Supervisor D,SDR C,,,,,,Lead,0.0,0.0,6,5,0,0,0,0
L100567,2026-02-15,Inbound,Locadora B,Sul,Supervisor A,SDR B,,,,,,Lead,0.0,0.0,6,5,0,0,0,0
L100568,2026-04-27,C2C,Locadora A,Sudeste,Supervisor C,SDR B,,,,,,Lead,0.0,0.0,6,5,0,0,0,0
L100569,2026-04-14,Inbound,Locadora A,Sudeste,Supervisor D,SDR B,,,,,,Lead,0.0,0.0,6,5,0,0,0,0
L100570,2026-06-21,Farmer,Locadora A,Sudeste,Supervisor C,SDR D,,,,,,Lead,0.0,0.0,6,5,0,0,0,0
L100571,2026-03-17,Crossover,Locadora A,Norte,Supervisor A,SDR D,,,,,,Lead,0.0,0.0,6,5,0,0,0,0
L100572,2026-02-21,Inbound,Locadora A,Sudeste,Supervisor A,SDR D,,,,,,Lead,0.0,0.0,6,5,0,0,0,0
L100573,2026-01-09,Inbound,Locadora A,Centro-Oeste,Supervisor C,SDR C,,,,,,Lead,0.0,0.0,6,5,0,0,0,0
L100574,2026-01-02,Inbound,Locadora A,Sul,Supervisor C,SDR D,,,,,,Lead,0.0,0.0,6,5,0,0,0,0
L100575,2026-03-09,Inbound,Locadora A,Sudeste,Supervisor C,SDR F,2026-03-11,2026-03-12,2026-03-14,,,Aprovado,0.0,0.0,6,5,1,1,0,0
L100576,2026-06-17,C2C,Locadora A,Norte,Supervisor B,SDR A,,,,,,Lead,0.0,0.0,6,5,0,0,0,0
L100577,2026-04-05,Inbound,Locadora A,Sudeste,Supervisor B,SDR H,2026-04-07,2026-04-08,2026-04-09,2026-04-10,2026-04-12,Assinado,50547.71,46447.75,6,5,1,1,1,1
L100578,2026-06-11,Farmer,Locadora A,Sul,Supervisor B,SDR C,,,,,,Lead,0.0,0.0,6,5,0,0,0,0
L100579,2026-01-19,Crossover,Locadora A,Sul,Supervisor C,SDR B,2026-01-21,2026-01-24,2026-01-28,,,Aprovado,0.0,0.0,6,5,1,1,0,0
L100580,2026-01-17,Farmer,Locadora A,Sudeste,Supervisor B,SDR B,2026-01-18,2026-01-20,2026-01-24,2026-01-29,2026-02-05,Assinado,55853.96,51819.85,6,5,1,1,1,1
L100581,2026-05-31,Farmer,Locadora A,Sudeste,Supervisor D,SDR E,2026-06-03,2026-06-07,,,,Análise de Crédito,0.0,0.0,6,5,1,0,0,0
L100582,2026-01-20,Inbound,Locadora A,Centro-Oeste,Supervisor A,SDR E,,,,,,Lead,0.0,0.0,6,5,0,0,0,0
L100583,2026-01-10,Farmer,Locadora B,Sudeste,Supervisor B,SDR A,2026-01-14,2026-01-16,,,,Análise de Crédito,0.0,0.0,6,5,1,0,0,0
L100584,2026-03-15,C2C,Locadora B,Nordeste,Supervisor A,SDR D,2026-03-19,2026-03-21,2026-03-25,,,Aprovado,0.0,0.0,6,5,1,1,0,0
L100585,2026-06-17,Farmer,Locadora B,Sul,Supervisor A,SDR B,,,,,,Lead,0.0,0.0,6,5,0,0,0,0
L100586,2026-05-05,Inbound,Locadora A,Sudeste,Supervisor B,SDR H,,,,,,Lead,0.0,0.0,6,5,0,0,0,0
L100587,2026-01-18,Inbound,Locadora A,Sudeste,Supervisor A,SDR C,,,,,,Lead,0.0,0.0,6,5,0,0,0,0
L100588,2026-06-01,Farmer,Locadora B,Sudeste,Supervisor B,SDR H,,,,,,Lead,0.0,0.0,6,5,0,0,0,0
L100589,2026-06-02,Inbound,Locadora A,Nordeste,Supervisor C,SDR E,,,,,,Lead,0.0,0.0,6,5,0,0,0,0
L100590,2026-05-25,Farmer,Locadora A,Sul,Supervisor B,SDR H,,,,,,Lead,0.0,0.0,6,5,0,0,0,0
L100591,2026-06-13,Inbound,Locadora A,Sudeste,Supervisor C,SDR E,,,,,,Lead,0.0,0.0,6,5,0,0,0,0
L100592,2026-02-13,Farmer,Locadora B,Sul,Supervisor B,SDR B,2026-02-14,2026-02-15,2026-02-19,,,Aprovado,0.0,0.0,6,5,1,1,0,0
L100593,2026-06-27,Crossover,Locadora A,Sul,Supervisor B,SDR F,,,,,,Lead,0.0,0.0,6,5,0,0,0,0
L100594,2026-02-28,Crossover,Locadora A,Centro-Oeste,Supervisor D,SDR D,2026-03-01,2026-03-02,,,,Análise de Crédito,0.0,0.0,6,5,1,0,0,0
L100595,2026-05-26,C2C,Locadora A,Sudeste,Supervisor A,SDR G,,,,,,Lead,0.0,0.0,6,5,0,0,0,0
L100596,2026-04-15,C2C,Locadora A,Sudeste,Supervisor C,SDR D,,,,,,Lead,0.0,0.0,6,5,0,0,0,0
L100597,2026-05-22,C2C,Locadora A,Sudeste,Supervisor C,SDR B,2026-05-25,2026-05-27,2026-05-29,,,Aprovado,0.0,0.0,6,5,1,1,0,0
L100598,2026-04-24,C2C,Locadora A,Centro-Oeste,Supervisor B,SDR A,,,,,,Lead,0.0,0.0,6,5,0,0,0,0
L100599,2026-04-27,Inbound,Locadora A,Centro-Oeste,Supervisor B,SDR F,,,,,,Lead,0.0,0.0,6,5,0,0,0,0
L100600,2026-04-22,Inbound,Locadora A,Sudeste,Supervisor C,SDR B,,,,,,Lead,0.0,0.0,6,5,0,0,0,0
L100601,2026-05-21,Crossover,Locadora A,Sudeste,Supervisor A,SDR F,2026-05-22,2026-05-26,,,,Análise de Crédito,0.0,0.0,6,5,1,0,0,0
L100602,2026-05-14,Inbound,Locadora A,Centro-Oeste,Supervisor B,SDR B,2026-05-18,2026-05-21,2026-05-24,2026-05-27,2026-06-05,Assinado,112428.66,108591.31,6,5,1,1,1,1
L100603,2026-01-25,Inbound,Locadora A,Sudeste,Supervisor B,SDR A,,,,,,Lead,0.0,0.0,6,5,0,0,0,0
L100604,2026-05-30,C2C,Locadora A,Sul,Supervisor A,SDR F,,,,,,Lead,0.0,0.0,6,5,0,0,0,0
L100605,2026-04-08,Crossover,Locadora B,Sudeste,Supervisor C,SDR C,2026-04-10,2026-04-14,,,,Análise de Crédito,0.0,0.0,6,5,1,0,0,0
L100606,2026-02-28,Crossover,Locadora A,Sudeste,Supervisor C,SDR E,,,,,,Lead,0.0,0.0,6,5,0,0,0,0
L100607,2026-04-04,Inbound,Locadora A,Sul,Supervisor D,SDR A,,,,,,Lead,0.0,0.0,6,5,0,0,0,0
L100608,2026-06-25,Inbound,Locadora B,Sudeste,Supervisor C,SDR B,,,,,,Lead,0.0,0.0,6,5,0,0,0,0
L100609,2026-06-05,Inbound,Locadora A,Sul,Supervisor C,SDR A,,,,,,Lead,0.0,0.0,6,5,0,0,0,0
L100610,2026-05-31,Inbound,Locadora B,Sudeste,Supervisor C,SDR C,2026-06-02,,,,,Pedido,0.0,0.0,6,5,1,0,0,0
L100611,2026-03-25,Inbound,Locadora A,Sudeste,Supervisor A,SDR C,,,,,,Lead,0.0,0.0,6,5,0,0,0,0
L100612,2026-05-22,Inbound,Locadora A,Sul,Supervisor B,SDR C,,,,,,Lead,0.0,0.0,6,5,0,0,0,0
L100613,2026-03-11,C2C,Locadora A,Sudeste,Supervisor D,SDR B,,,,,,Lead,0.0,0.0,6,5,0,0,0,0
L100614,2026-05-05,Inbound,Locadora A,Sul,Supervisor A,SDR D,2026-05-07,2026-05-09,2026-05-10,,,Aprovado,0.0,0.0,6,5,1,1,0,0
L100615,2026-04-26,Inbound,Locadora A,Centro-Oeste,Supervisor B,SDR H,,,,,,Lead,0.0,0.0,6,5,0,0,0,0
L100616,2026-02-15,Inbound,Locadora A,Norte,Supervisor A,SDR A,,,,,,Lead,0.0,0.0,6,5,0,0,0,0
L100617,2026-02-18,Crossover,Locadora A,Sudeste,Supervisor D,SDR H,,,,,,Lead,0.0,0.0,6,5,0,0,0,0
L100618,2026-01-12,Inbound,Locadora A,Sudeste,Supervisor B,SDR D,,,,,,Lead,0.0,0.0,6,5,0,0,0,0
L100619,2026-01-26,C2C,Locadora A,Sudeste,Supervisor B,SDR E,,,,,,Lead,0.0,0.0,6,5,0,0,0,0
L100620,2026-03-20,Inbound,Locadora A,Nordeste,Supervisor D,SDR F,2026-03-25,2026-03-27,,,,Análise de Crédito,0.0,0.0,6,5,1,0,0,0
L100621,2026-03-28,Inbound,Locadora A,Sudeste,Supervisor D,SDR F,,,,,,Lead,0.0,0.0,6,5,0,0,0,0
L100622,2026-01-30,Inbound,Locadora B,Sudeste,Supervisor A,SDR H,,,,,,Lead,0.0,0.0,6,5,0,0,0,0
L100623,2026-03-17,C2C,Locadora A,Centro-Oeste,Supervisor D,SDR H,,,,,,Lead,0.0,0.0,6,5,0,0,0,0
L100624,2026-04-20,Inbound,Locadora B,Sudeste,Supervisor C,SDR A,,,,,,Lead,0.0,0.0,6,5,0,0,0,0
L100625,2026-02-12,Inbound,Locadora A,Sul,Supervisor D,SDR D,,,,,,Lead,0.0,0.0,6,5,0,0,0,0
L100626,2026-03-03,C2C,Locadora A,Sudeste,Supervisor A,SDR E,,,,,,Lead,0.0,0.0,6,5,0,0,0,0
L100627,2026-03-08,Inbound,Locadora A,Sul,Supervisor A,SDR E,,,,,,Lead,0.0,0.0,6,5,0,0,0,0
L100628,2026-04-02,Inbound,Locadora B,Centro-Oeste,Supervisor B,SDR H,,,,,,Lead,0.0,0.0,6,5,0,0,0,0
L100629,2026-03-08,Inbound,Locadora A,Sudeste,Supervisor D,SDR F,,,,,,Lead,0.0,0.0,6,5,0,0,0,0
L100630,2026-05-14,Crossover,Locadora B,Sul,Supervisor B,SDR D,2026-05-15,2026-05-17,2026-05-21,2026-05-24,2026-05-30,Assinado,83268.56,77598.67,6,5,1,1,1,1
L100631,2026-03-01,C2C,Locadora B,Sul,Supervisor C,SDR H,,,,,,Lead,0.0,0.0,6,5,0,0,0,0
L100632,2026-03-20,Inbound,Locadora A,Sudeste,Supervisor A,SDR F,,,,,,Lead,0.0,0.0,6,5,0,0,0,0
L100633,2026-03-10,Inbound,Locadora A,Nordeste,Supervisor B,SDR G,,,,,,Lead,0.0,0.0,6,5,0,0,0,0
L100634,2026-02-03,Inbound,Locadora A,Centro-Oeste,Supervisor D,SDR F,,,,,,Lead,0.0,0.0,6,5,0,0,0,0
L100635,2026-05-05,Crossover,Locadora A,Norte,Supervisor B,SDR A,,,,,,Lead,0.0,0.0,6,5,0,0,0,0
L100636,2026-02-12,C2C,Locadora A,Centro-Oeste,Supervisor D,SDR H,,,,,,Lead,0.0,0.0,6,5,0,0,0,0
L100637,2026-02-23,Inbound,Locadora B,Sudeste,Supervisor C,SDR F,,,,,,Lead,0.0,0.0,6,5,0,0,0,0
L100638,2026-05-24,Farmer,Locadora A,Sudeste,Supervisor A,SDR B,,,,,,Lead,0.0,0.0,6,5,0,0,0,0
L100639,2026-06-21,Inbound,Locadora A,Sudeste,Supervisor D,SDR C,2026-06-26,2026-06-30,,,,Análise de Crédito,0.0,0.0,6,5,1,0,0,0
L100640,2026-05-02,Inbound,Locadora A,Sudeste,Supervisor D,SDR C,,,,,,Lead,0.0,0.0,6,5,0,0,0,0
L100641,2026-06-15,Crossover,Locadora A,Sudeste,Supervisor D,SDR C,,,,,,Lead,0.0,0.0,6,5,0,0,0,0
L100642,2026-06-04,Farmer,Locadora B,Sudeste,Supervisor B,SDR E,,,,,,Lead,0.0,0.0,6,5,0,0,0,0
L100643,2026-03-29,Inbound,Locadora A,Sudeste,Supervisor B,SDR E,2026-03-31,2026-04-04,2026-04-05,,,Aprovado,0.0,0.0,6,5,1,1,0,0
L100644,2026-05-20,Crossover,Locadora B,Nordeste,Supervisor B,SDR B,2026-05-23,,,,,Pedido,0.0,0.0,6,5,1,0,0,0
L100645,2026-03-01,Farmer,Locadora A,Sudeste,Supervisor C,SDR F,,,,,,Lead,0.0,0.0,6,5,0,0,0,0
L100646,2026-03-25,Inbound,Locadora A,Sul,Supervisor B,SDR C,,,,,,Lead,0.0,0.0,6,5,0,0,0,0
L100647,2026-04-07,Inbound,Locadora A,Nordeste,Supervisor A,SDR B,2026-04-09,2026-04-10,2026-04-11,,,Aprovado,0.0,0.0,6,5,1,1,0,0
L100648,2026-06-23,Inbound,Locadora A,Sul,Supervisor A,SDR H,2026-06-25,2026-06-28,2026-07-02,2026-07-03,2026-07-07,Assinado,77891.94,69889.55,6,5,1,1,1,1
L100649,2026-06-03,C2C,Locadora A,Sudeste,Supervisor B,SDR C,,,,,,Lead,0.0,0.0,6,5,0,0,0,0
L100650,2026-03-30,Inbound,Locadora B,Sul,Supervisor D,SDR B,,,,,,Lead,0.0,0.0,6,5,0,0,0,0
L100651,2026-04-29,Inbound,Locadora B,Centro-Oeste,Supervisor D,SDR F,,,,,,Lead,0.0,0.0,6,5,0,0,0,0
L100652,2026-02-06,Inbound,Locadora A,Nordeste,Supervisor D,SDR G,,,,,,Lead,0.0,0.0,6,5,0,0,0,0
L100653,2026-05-26,Inbound,Locadora A,Sudeste,Supervisor C,SDR B,,,,,,Lead,0.0,0.0,6,5,0,0,0,0
L100654,2026-04-11,Inbound,Locadora B,Sudeste,Supervisor D,SDR A,,,,,,Lead,0.0,0.0,6,5,0,0,0,0
L100655,2026-04-07,Crossover,Locadora B,Sul,Supervisor D,SDR G,,,,,,Lead,0.0,0.0,6,5,0,0,0,0
L100656,2026-05-19,Crossover,Locadora A,Sudeste,Supervisor D,SDR E,,,,,,Lead,0.0,0.0,6,5,0,0,0,0
L100657,2026-04-25,Inbound,Locadora A,Nordeste,Supervisor C,SDR D,,,,,,Lead,0.0,0.0,6,5,0,0,0,0
L100658,2026-01-14,C2C,Locadora B,Centro-Oeste,Supervisor A,SDR D,,,,,,Lead,0.0,0.0,6,5,0,0,0,0
L100659,2026-02-22,Crossover,Locadora A,Centro-Oeste,Supervisor B,SDR E,,,,,,Lead,0.0,0.0,6,5,0,0,0,0
L100660,2026-02-01,Inbound,Locadora A,Norte,Supervisor D,SDR F,2026-02-06,2026-02-09,2026-02-10,,,Aprovado,0.0,0.0,6,5,1,1,0,0
L100661,2026-05-14,C2C,Locadora A,Sul,Supervisor C,SDR A,,,,,,Lead,0.0,0.0,6,5,0,0,0,0
L100662,2026-01-07,C2C,Locadora A,Nordeste,Supervisor A,SDR C,,,,,,Lead,0.0,0.0,6,5,0,0,0,0
L100663,2026-02-06,Inbound,Locadora B,Centro-Oeste,Supervisor A,SDR H,,,,,,Lead,0.0,0.0,6,5,0,0,0,0
L100664,2026-04-19,Inbound,Locadora A,Sudeste,Supervisor C,SDR B,,,,,,Lead,0.0,0.0,6,5,0,0,0,0
L100665,2026-05-06,Inbound,Locadora A,Nordeste,Supervisor D,SDR H,2026-05-07,2026-05-08,2026-05-10,,,Aprovado,0.0,0.0,6,5,1,1,0,0
L100666,2026-04-02,Inbound,Locadora B,Centro-Oeste,Supervisor C,SDR D,2026-04-05,2026-04-06,2026-04-10,,,Aprovado,0.0,0.0,6,5,1,1,0,0
L100667,2026-06-05,Crossover,Locadora B,Norte,Supervisor D,SDR B,2026-06-10,2026-06-12,2026-06-15,,,Aprovado,0.0,0.0,6,5,1,1,0,0
L100668,2026-06-16,Inbound,Locadora B,Sudeste,Supervisor A,SDR E,,,,,,Lead,0.0,0.0,6,5,0,0,0,0
L100669,2026-01-24,Inbound,Locadora B,Sudeste,Supervisor D,SDR F,2026-01-27,2026-01-28,,,,Análise de Crédito,0.0,0.0,6,5,1,0,0,0
L100670,2026-06-22,Inbound,Locadora A,Nordeste,Supervisor A,SDR C,,,,,,Lead,0.0,0.0,6,5,0,0,0,0
L100671,2026-04-22,Inbound,Locadora B,Sudeste,Supervisor D,SDR G,,,,,,Lead,0.0,0.0,6,5,0,0,0,0
L100672,2026-04-26,Inbound,Locadora B,Sul,Supervisor D,SDR A,,,,,,Lead,0.0,0.0,6,5,0,0,0,0
L100673,2026-01-18,Inbound,Locadora A,Sul,Supervisor C,SDR A,2026-01-20,2026-01-22,2026-01-25,2026-01-29,2026-02-05,Assinado,50616.0,42213.14,6,5,1,1,1,1
L100674,2026-04-23,Farmer,Locadora A,Sudeste,Supervisor C,SDR E,2026-04-27,2026-05-01,2026-05-02,,,Aprovado,0.0,0.0,6,5,1,1,0,0
L100675,2026-05-12,C2C,Locadora A,Sudeste,Supervisor B,SDR E,,,,,,Lead,0.0,0.0,6,5,0,0,0,0
L100676,2026-04-16,Inbound,Locadora A,Nordeste,Supervisor C,SDR F,,,,,,Lead,0.0,0.0,6,5,0,0,0,0
L100677,2026-01-16,Inbound,Locadora A,Sudeste,Supervisor D,SDR G,,,,,,Lead,0.0,0.0,6,5,0,0,0,0
L100678,2026-04-05,Inbound,Locadora A,Centro-Oeste,Supervisor B,SDR H,2026-04-10,2026-04-14,,,,Análise de Crédito,0.0,0.0,6,5,1,0,0,0
L100679,2026-06-19,Crossover,Locadora A,Centro-Oeste,Supervisor B,SDR E,,,,,,Lead,0.0,0.0,6,5,0,0,0,0
L100680,2026-05-11,Farmer,Locadora A,Centro-Oeste,Supervisor D,SDR E,,,,,,Lead,0.0,0.0,6,5,0,0,0,0
L100681,2026-01-25,Inbound,Locadora A,Sudeste,Supervisor D,SDR H,,,,,,Lead,0.0,0.0,6,5,0,0,0,0
L100682,2026-06-23,Inbound,Locadora B,Sudeste,Supervisor C,SDR H,2026-06-28,2026-07-02,,,,Análise de Crédito,0.0,0.0,6,5,1,0,0,0
L100683,2026-06-23,Inbound,Locadora A,Nordeste,Supervisor A,SDR A,,,,,,Lead,0.0,0.0,6,5,0,0,0,0
L100684,2026-01-31,Inbound,Locadora A,Sudeste,Supervisor D,SDR E,,,,,,Lead,0.0,0.0,6,5,0,0,0,0
L100685,2026-05-25,Crossover,Locadora A,Sudeste,Supervisor D,SDR H,2026-05-29,2026-05-30,2026-05-31,2026-06-06,2026-06-10,Assinado,76153.5,73462.99,6,5,1,1,1,1
L100686,2026-03-15,Inbound,Locadora B,Norte,Supervisor B,SDR A,,,,,,Lead,0.0,0.0,6,5,0,0,0,0
L100687,2026-04-18,C2C,Locadora B,Sudeste,Supervisor C,SDR H,,,,,,Lead,0.0,0.0,6,5,0,0,0,0
L100688,2026-03-22,Inbound,Locadora A,Sudeste,Supervisor B,SDR F,,,,,,Lead,0.0,0.0,6,5,0,0,0,0
L100689,2026-05-22,Inbound,Locadora A,Norte,Supervisor D,SDR B,2026-05-27,2026-05-29,2026-05-31,,,Aprovado,0.0,0.0,6,5,1,1,0,0
L100690,2026-06-30,Crossover,Locadora A,Sudeste,Supervisor C,SDR F,,,,,,Lead,0.0,0.0,6,5,0,0,0,0
L100691,2026-05-24,Inbound,Locadora A,Sudeste,Supervisor B,SDR D,,,,,,Lead,0.0,0.0,6,5,0,0,0,0
L100692,2026-06-18,Crossover,Locadora A,Sudeste,Supervisor D,SDR C,2026-06-22,2026-06-25,2026-06-29,,,Aprovado,0.0,0.0,6,5,1,1,0,0
L100693,2026-06-21,Inbound,Locadora A,Nordeste,Supervisor C,SDR E,,,,,,Lead,0.0,0.0,6,5,0,0,0,0
L100694,2026-01-17,Farmer,Locadora A,Nordeste,Supervisor B,SDR F,,,,,,Lead,0.0,0.0,6,5,0,0,0,0
L100695,2026-02-15,Inbound,Locadora A,Centro-Oeste,Supervisor D,SDR H,2026-02-18,2026-02-21,2026-02-22,,,Aprovado,0.0,0.0,6,5,1,1,0,0
L100696,2026-05-11,Inbound,Locadora A,Norte,Supervisor B,SDR D,,,,,,Lead,0.0,0.0,6,5,0,0,0,0
L100697,2026-04-17,Crossover,Locadora A,Sudeste,Supervisor B,SDR B,,,,,,Lead,0.0,0.0,6,5,0,0,0,0
L100698,2026-01-10,Crossover,Locadora A,Sul,Supervisor B,SDR G,2026-01-14,2026-01-15,2026-01-17,,,Aprovado,0.0,0.0,6,5,1,1,0,0
L100699,2026-01-18,Inbound,Locadora A,Sudeste,Supervisor A,SDR C,,,,,,Lead,0.0,0.0,6,5,0,0,0,0
L100700,2026-04-05,C2C,Locadora A,Nordeste,Supervisor B,SDR G,,,,,,Lead,0.0,0.0,6,5,0,0,0,0
L100701,2026-04-22,Inbound,Locadora A,Norte,Supervisor A,SDR G,,,,,,Lead,0.0,0.0,6,5,0,0,0,0
L100702,2026-01-31,Inbound,Locadora B,Sudeste,Supervisor C,SDR A,,,,,,Lead,0.0,0.0,6,5,0,0,0,0
L100703,2026-02-01,Inbound,Locadora A,Nordeste,Supervisor C,SDR D,2026-02-04,2026-02-06,2026-02-08,,,Aprovado,0.0,0.0,6,5,1,1,0,0
L100704,2026-01-24,Crossover,Locadora A,Sul,Supervisor D,SDR A,,,,,,Lead,0.0,0.0,6,5,0,0,0,0
L100705,2026-04-13,Crossover,Locadora A,Sudeste,Supervisor C,SDR E,,,,,,Lead,0.0,0.0,6,5,0,0,0,0
L100706,2026-01-02,Inbound,Locadora A,Sul,Supervisor A,SDR G,,,,,,Lead,0.0,0.0,6,5,0,0,0,0
L100707,2026-04-14,Inbound,Locadora B,Norte,Supervisor C,SDR E,,,,,,Lead,0.0,0.0,6,5,0,0,0,0
L100708,2026-03-28,Inbound,Locadora B,Sudeste,Supervisor A,SDR C,2026-04-02,2026-04-03,2026-04-06,,,Aprovado,0.0,0.0,6,5,1,1,0,0
L100709,2026-03-26,Farmer,Locadora A,Sudeste,Supervisor A,SDR H,2026-03-30,2026-04-03,,,,Análise de Crédito,0.0,0.0,6,5,1,0,0,0
L100710,2026-05-03,C2C,Locadora B,Norte,Supervisor C,SDR A,,,,,,Lead,0.0,0.0,6,5,0,0,0,0
L100711,2026-04-05,Farmer,Locadora A,Sudeste,Supervisor A,SDR B,,,,,,Lead,0.0,0.0,6,5,0,0,0,0
L100712,2026-05-12,C2C,Locadora B,Sudeste,Supervisor B,SDR C,,,,,,Lead,0.0,0.0,6,5,0,0,0,0
L100713,2026-05-19,Farmer,Locadora B,Centro-Oeste,Supervisor D,SDR H,,,,,,Lead,0.0,0.0,6,5,0,0,0,0
L100714,2026-06-16,C2C,Locadora A,Sul,Supervisor B,SDR H,,,,,,Lead,0.0,0.0,6,5,0,0,0,0
L100715,2026-05-25,C2C,Locadora A,Sudeste,Supervisor C,SDR E,,,,,,Lead,0.0,0.0,6,5,0,0,0,0
L100716,2026-04-04,Farmer,Locadora A,Sudeste,Supervisor B,SDR H,,,,,,Lead,0.0,0.0,6,5,0,0,0,0
L100717,2026-03-31,Farmer,Locadora A,Nordeste,Supervisor A,SDR H,2026-04-02,2026-04-05,2026-04-09,2026-04-14,2026-04-15,Assinado,59742.82,51258.0,6,5,1,1,1,1
L100718,2026-02-12,C2C,Locadora B,Sul,Supervisor A,SDR E,,,,,,Lead,0.0,0.0,6,5,0,0,0,0
L100719,2026-04-19,Inbound,Locadora A,Centro-Oeste,Supervisor A,SDR A,,,,,,Lead,0.0,0.0,6,5,0,0,0,0
L100720,2026-01-26,Inbound,Locadora A,Nordeste,Supervisor A,SDR H,2026-01-29,2026-02-01,2026-02-03,,,Aprovado,0.0,0.0,6,5,1,1,0,0
L100721,2026-06-18,Inbound,Locadora B,Sudeste,Supervisor A,SDR F,,,,,,Lead,0.0,0.0,6,5,0,0,0,0
L100722,2026-06-02,C2C,Locadora A,Nordeste,Supervisor D,SDR B,,,,,,Lead,0.0,0.0,6,5,0,0,0,0
L100723,2026-01-22,Inbound,Locadora A,Centro-Oeste,Supervisor D,SDR G,2026-01-23,2026-01-24,,,,Análise de Crédito,0.0,0.0,6,5,1,0,0,0
L100724,2026-05-23,Farmer,Locadora A,Norte,Supervisor B,SDR D,,,,,,Lead,0.0,0.0,6,5,0,0,0,0
L100725,2026-01-22,Farmer,Locadora B,Sudeste,Supervisor C,SDR G,2026-01-27,,,,,Pedido,0.0,0.0,6,5,1,0,0,0
L100726,2026-05-11,C2C,Locadora A,Sudeste,Supervisor A,SDR C,2026-05-14,,,,,Pedido,0.0,0.0,6,5,1,0,0,0
L100727,2026-01-16,Inbound,Locadora A,Centro-Oeste,Supervisor C,SDR A,,,,,,Lead,0.0,0.0,6,5,0,0,0,0
L100728,2026-03-30,Inbound,Locadora A,Norte,Supervisor A,SDR D,,,,,,Lead,0.0,0.0,6,5,0,0,0,0
L100729,2026-04-30,Farmer,Locadora B,Norte,Supervisor C,SDR D,,,,,,Lead,0.0,0.0,6,5,0,0,0,0
L100730,2026-05-12,C2C,Locadora A,Sudeste,Supervisor B,SDR G,,,,,,Lead,0.0,0.0,6,5,0,0,0,0
L100731,2026-03-17,C2C,Locadora A,Sul,Supervisor D,SDR A,,,,,,Lead,0.0,0.0,6,5,0,0,0,0
L100732,2026-06-16,Inbound,Locadora B,Sudeste,Supervisor D,SDR H,2026-06-17,2026-06-20,2026-06-23,,,Aprovado,0.0,0.0,6,5,1,1,0,0
L100733,2026-05-21,Inbound,Locadora A,Centro-Oeste,Supervisor B,SDR B,,,,,,Lead,0.0,0.0,6,5,0,0,0,0
L100734,2026-02-07,Inbound,Locadora A,Nordeste,Supervisor A,SDR H,,,,,,Lead,0.0,0.0,6,5,0,0,0,0
L100735,2026-05-02,C2C,Locadora A,Nordeste,Supervisor B,SDR F,2026-05-05,2026-05-08,2026-05-09,,,Aprovado,0.0,0.0,6,5,1,1,0,0
L100736,2026-05-13,Inbound,Locadora A,Sudeste,Supervisor B,SDR C,,,,,,Lead,0.0,0.0,6,5,0,0,0,0
L100737,2026-03-02,Farmer,Locadora A,Norte,Supervisor B,SDR H,,,,,,Lead,0.0,0.0,6,5,0,0,0,0
L100738,2026-05-14,Farmer,Locadora A,Sudeste,Supervisor C,SDR C,2026-05-18,2026-05-20,2026-05-22,2026-05-27,2026-06-03,Assinado,48400.75,45428.46,6,5,1,1,1,1
L100739,2026-06-12,Inbound,Locadora A,Sul,Supervisor D,SDR F,,,,,,Lead,0.0,0.0,6,5,0,0,0,0
L100740,2026-05-28,Inbound,Locadora A,Sul,Supervisor A,SDR A,,,,,,Lead,0.0,0.0,6,5,0,0,0,0
L100741,2026-05-19,Inbound,Locadora A,Sul,Supervisor C,SDR A,2026-05-22,2026-05-24,,,,Análise de Crédito,0.0,0.0,6,5,1,0,0,0
L100742,2026-04-25,C2C,Locadora A,Centro-Oeste,Supervisor A,SDR C,2026-04-28,2026-05-01,,,,Análise de Crédito,0.0,0.0,6,5,1,0,0,0
L100743,2026-02-18,Inbound,Locadora A,Sul,Supervisor C,SDR B,2026-02-21,2026-02-22,2026-02-25,,,Aprovado,0.0,0.0,6,5,1,1,0,0
L100744,2026-05-24,Crossover,Locadora B,Sudeste,Supervisor C,SDR B,,,,,,Lead,0.0,0.0,6,5,0,0,0,0
L100745,2026-03-07,Inbound,Locadora B,Sudeste,Supervisor D,SDR D,2026-03-10,2026-03-12,2026-03-13,,,Aprovado,0.0,0.0,6,5,1,1,0,0
L100746,2026-04-07,Inbound,Locadora A,Sul,Supervisor C,SDR E,,,,,,Lead,0.0,0.0,6,5,0,0,0,0
L100747,2026-02-26,C2C,Locadora B,Centro-Oeste,Supervisor A,SDR B,,,,,,Lead,0.0,0.0,6,5,0,0,0,0
L100748,2026-02-26,Inbound,Locadora B,Sul,Supervisor D,SDR G,,,,,,Lead,0.0,0.0,6,5,0,0,0,0
L100749,2026-01-29,Inbound,Locadora A,Sudeste,Supervisor B,SDR G,2026-02-02,2026-02-04,2026-02-05,,,Aprovado,0.0,0.0,6,5,1,1,0,0
L100750,2026-06-23,Crossover,Locadora B,Sudeste,Supervisor B,SDR G,,,,,,Lead,0.0,0.0,6,5,0,0,0,0
L100751,2026-01-27,Inbound,Locadora B,Nordeste,Supervisor C,SDR B,2026-01-28,2026-01-31,,,,Análise de Crédito,0.0,0.0,6,5,1,0,0,0
L100752,2026-01-16,Inbound,Locadora A,Sul,Supervisor B,SDR H,,,,,,Lead,0.0,0.0,6,5,0,0,0,0
L100753,2026-06-19,Farmer,Locadora A,Sul,Supervisor D,SDR B,,,,,,Lead,0.0,0.0,6,5,0,0,0,0
L100754,2026-04-11,Inbound,Locadora A,Sul,Supervisor A,SDR A,2026-04-14,2026-04-17,2026-04-19,2026-04-26,2026-04-29,Assinado,418557.56,411657.65,6,5,1,1,1,1
L100755,2026-03-21,Inbound,Locadora A,Sudeste,Supervisor A,SDR F,,,,,,Lead,0.0,0.0,6,5,0,0,0,0
L100756,2026-05-14,Inbound,Locadora A,Sudeste,Supervisor D,SDR G,,,,,,Lead,0.0,0.0,6,5,0,0,0,0
L100757,2026-03-11,Inbound,Locadora A,Sudeste,Supervisor B,SDR B,,,,,,Lead,0.0,0.0,6,5,0,0,0,0
L100758,2026-01-24,C2C,Locadora A,Centro-Oeste,Supervisor D,SDR D,,,,,,Lead,0.0,0.0,6,5,0,0,0,0
L100759,2026-05-13,Inbound,Locadora A,Sudeste,Supervisor D,SDR D,,,,,,Lead,0.0,0.0,6,5,0,0,0,0
L100760,2026-02-01,C2C,Locadora B,Sudeste,Supervisor D,SDR F,,,,,,Lead,0.0,0.0,6,5,0,0,0,0
L100761,2026-04-11,Inbound,Locadora A,Norte,Supervisor C,SDR E,,,,,,Lead,0.0,0.0,6,5,0,0,0,0
L100762,2026-06-21,Crossover,Locadora A,Sudeste,Supervisor C,SDR E,2026-06-22,,,,,Pedido,0.0,0.0,6,5,1,0,0,0
L100763,2026-06-19,Inbound,Locadora A,Sul,Supervisor C,SDR A,,,,,,Lead,0.0,0.0,6,5,0,0,0,0
L100764,2026-03-07,Crossover,Locadora A,Sudeste,Supervisor C,SDR H,2026-03-12,2026-03-14,,,,Análise de Crédito,0.0,0.0,6,5,1,0,0,0
L100765,2026-05-22,Farmer,Locadora A,Sudeste,Supervisor B,SDR E,2026-05-27,2026-05-30,2026-06-03,,,Aprovado,0.0,0.0,6,5,1,1,0,0
L100766,2026-04-21,Inbound,Locadora A,Sudeste,Supervisor D,SDR F,,,,,,Lead,0.0,0.0,6,5,0,0,0,0
L100767,2026-03-28,Inbound,Locadora A,Nordeste,Supervisor A,SDR D,,,,,,Lead,0.0,0.0,6,5,0,0,0,0
L100768,2026-01-26,Inbound,Locadora A,Sul,Supervisor B,SDR B,,,,,,Lead,0.0,0.0,6,5,0,0,0,0
L100769,2026-03-10,Inbound,Locadora A,Centro-Oeste,Supervisor B,SDR F,,,,,,Lead,0.0,0.0,6,5,0,0,0,0
L100770,2026-04-28,C2C,Locadora A,Norte,Supervisor D,SDR C,,,,,,Lead,0.0,0.0,6,5,0,0,0,0
L100771,2026-06-28,C2C,Locadora A,Sudeste,Supervisor B,SDR B,,,,,,Lead,0.0,0.0,6,5,0,0,0,0
L100772,2026-01-01,Inbound,Locadora A,Centro-Oeste,Supervisor A,SDR E,,,,,,Lead,0.0,0.0,6,5,0,0,0,0
L100773,2026-05-10,Farmer,Locadora A,Sudeste,Supervisor D,SDR C,2026-05-15,2026-05-16,,,,Análise de Crédito,0.0,0.0,6,5,1,0,0,0
L100774,2026-06-03,Farmer,Locadora B,Sudeste,Supervisor B,SDR H,,,,,,Lead,0.0,0.0,6,5,0,0,0,0
L100775,2026-06-22,Inbound,Locadora A,Nordeste,Supervisor C,SDR F,,,,,,Lead,0.0,0.0,6,5,0,0,0,0
L100776,2026-03-18,Inbound,Locadora A,Sudeste,Supervisor D,SDR C,,,,,,Lead,0.0,0.0,6,5,0,0,0,0
L100777,2026-01-22,Crossover,Locadora A,Norte,Supervisor D,SDR A,,,,,,Lead,0.0,0.0,6,5,0,0,0,0
L100778,2026-02-19,Farmer,Locadora A,Sul,Supervisor B,SDR C,,,,,,Lead,0.0,0.0,6,5,0,0,0,0
L100779,2026-06-03,C2C,Locadora B,Sudeste,Supervisor A,SDR A,,,,,,Lead,0.0,0.0,6,5,0,0,0,0
L100780,2026-06-08,Crossover,Locadora A,Sudeste,Supervisor D,SDR B,,,,,,Lead,0.0,0.0,6,5,0,0,0,0
L100781,2026-04-26,C2C,Locadora A,Sul,Supervisor B,SDR C,2026-04-27,2026-04-30,,,,Análise de Crédito,0.0,0.0,6,5,1,0,0,0
L100782,2026-01-23,C2C,Locadora A,Sul,Supervisor D,SDR F,,,,,,Lead,0.0,0.0,6,5,0,0,0,0
L100783,2026-01-23,Inbound,Locadora A,Sudeste,Supervisor D,SDR A,,,,,,Lead,0.0,0.0,6,5,0,0,0,0
L100784,2026-03-28,Inbound,Locadora A,Sul,Supervisor B,SDR B,,,,,,Lead,0.0,0.0,6,5,0,0,0,0
L100785,2026-04-17,C2C,Locadora A,Sudeste,Supervisor A,SDR A,,,,,,Lead,0.0,0.0,6,5,0,0,0,0
L100786,2026-01-06,C2C,Locadora A,Norte,Supervisor B,SDR H,,,,,,Lead,0.0,0.0,6,5,0,0,0,0
L100787,2026-05-05,Crossover,Locadora A,Sudeste,Supervisor A,SDR H,,,,,,Lead,0.0,0.0,6,5,0,0,0,0
L100788,2026-04-09,Inbound,Locadora A,Sul,Supervisor B,SDR C,,,,,,Lead,0.0,0.0,6,5,0,0,0,0
L100789,2026-01-03,Inbound,Locadora B,Nordeste,Supervisor B,SDR D,,,,,,Lead,0.0,0.0,6,5,0,0,0,0
L100790,2026-01-18,Inbound,Locadora A,Centro-Oeste,Supervisor C,SDR C,,,,,,Lead,0.0,0.0,6,5,0,0,0,0
L100791,2026-03-24,Inbound,Locadora A,Nordeste,Supervisor A,SDR E,2026-03-28,2026-03-30,,,,Análise de Crédito,0.0,0.0,6,5,1,0,0,0
L100792,2026-05-11,Crossover,Locadora A,Norte,Supervisor D,SDR E,,,,,,Lead,0.0,0.0,6,5,0,0,0,0
L100793,2026-05-30,Crossover,Locadora A,Sudeste,Supervisor A,SDR C,2026-06-02,2026-06-04,2026-06-07,2026-06-13,2026-06-21,Assinado,150646.36,135029.22,6,5,1,1,1,1
L100794,2026-03-20,Inbound,Locadora A,Sudeste,Supervisor D,SDR F,,,,,,Lead,0.0,0.0,6,5,0,0,0,0
L100795,2026-02-23,Inbound,Locadora A,Centro-Oeste,Supervisor B,SDR A,,,,,,Lead,0.0,0.0,6,5,0,0,0,0
L100796,2026-06-25,Inbound,Locadora A,Sudeste,Supervisor B,SDR F,,,,,,Lead,0.0,0.0,6,5,0,0,0,0
L100797,2026-03-24,Farmer,Locadora A,Centro-Oeste,Supervisor D,SDR G,,,,,,Lead,0.0,0.0,6,5,0,0,0,0
L100798,2026-02-27,Inbound,Locadora A,Sudeste,Supervisor C,SDR A,,,,,,Lead,0.0,0.0,6,5,0,0,0,0
L100799,2026-03-22,Inbound,Locadora A,Nordeste,Supervisor A,SDR F,,,,,,Lead,0.0,0.0,6,5,0,0,0,0
L100800,2026-01-03,Crossover,Locadora A,Centro-Oeste,Supervisor C,SDR F,,,,,,Lead,0.0,0.0,6,5,0,0,0,0
L100801,2026-02-24,Inbound,Locadora A,Sul,Supervisor C,SDR H,2026-02-26,2026-02-28,2026-03-04,2026-03-10,2026-03-18,Assinado,95461.59,82494.77,6,5,1,1,1,1
L100802,2026-04-04,Inbound,Locadora A,Sudeste,Supervisor D,SDR G,,,,,,Lead,0.0,0.0,6,5,0,0,0,0
L100803,2026-06-16,Inbound,Locadora A,Norte,Supervisor C,SDR A,,,,,,Lead,0.0,0.0,6,5,0,0,0,0
L100804,2026-05-14,Crossover,Locadora A,Centro-Oeste,Supervisor D,SDR A,,,,,,Lead,0.0,0.0,6,5,0,0,0,0
L100805,2026-05-22,Crossover,Locadora B,Nordeste,Supervisor C,SDR B,,,,,,Lead,0.0,0.0,6,5,0,0,0,0
L100806,2026-04-09,Inbound,Locadora A,Nordeste,Supervisor A,SDR E,,,,,,Lead,0.0,0.0,6,5,0,0,0,0
L100807,2026-01-21,Inbound,Locadora A,Sudeste,Supervisor C,SDR F,,,,,,Lead,0.0,0.0,6,5,0,0,0,0
L100808,2026-03-12,C2C,Locadora A,Sudeste,Supervisor D,SDR F,,,,,,Lead,0.0,0.0,6,5,0,0,0,0
L100809,2026-06-30,Farmer,Locadora B,Sudeste,Supervisor A,SDR C,,,,,,Lead,0.0,0.0,6,5,0,0,0,0
L100810,2026-01-08,Inbound,Locadora A,Centro-Oeste,Supervisor B,SDR B,,,,,,Lead,0.0,0.0,6,5,0,0,0,0
L100811,2026-06-09,Crossover,Locadora A,Sul,Supervisor A,SDR A,,,,,,Lead,0.0,0.0,6,5,0,0,0,0
L100812,2026-05-04,Inbound,Locadora A,Sudeste,Supervisor D,SDR C,2026-05-09,2026-05-10,2026-05-13,2026-05-19,2026-05-25,Assinado,57027.48,48605.05,6,5,1,1,1,1
L100813,2026-02-21,Crossover,Locadora A,Norte,Supervisor C,SDR C,,,,,,Lead,0.0,0.0,6,5,0,0,0,0
L100814,2026-05-21,Inbound,Locadora B,Sudeste,Supervisor C,SDR C,,,,,,Lead,0.0,0.0,6,5,0,0,0,0
L100815,2026-06-01,Inbound,Locadora A,Centro-Oeste,Supervisor D,SDR A,,,,,,Lead,0.0,0.0,6,5,0,0,0,0
L100816,2026-01-08,Inbound,Locadora A,Sul,Supervisor D,SDR C,2026-01-10,2026-01-13,2026-01-17,,,Aprovado,0.0,0.0,6,5,1,1,0,0
L100817,2026-01-20,Inbound,Locadora A,Sudeste,Supervisor B,SDR G,2026-01-25,2026-01-29,2026-02-02,,,Aprovado,0.0,0.0,6,5,1,1,0,0
L100818,2026-05-01,Inbound,Locadora A,Sudeste,Supervisor D,SDR B,,,,,,Lead,0.0,0.0,6,5,0,0,0,0
L100819,2026-06-30,C2C,Locadora B,Centro-Oeste,Supervisor B,SDR H,,,,,,Lead,0.0,0.0,6,5,0,0,0,0
L100820,2026-01-05,Farmer,Locadora B,Centro-Oeste,Supervisor D,SDR A,2026-01-08,2026-01-11,2026-01-13,2026-01-20,2026-01-28,Assinado,68976.97,69050.31,6,5,1,1,1,1
L100821,2026-05-01,Inbound,Locadora B,Sudeste,Supervisor D,SDR F,,,,,,Lead,0.0,0.0,6,5,0,0,0,0
L100822,2026-01-25,Inbound,Locadora A,Sul,Supervisor A,SDR A,,,,,,Lead,0.0,0.0,6,5,0,0,0,0
L100823,2026-04-28,Crossover,Locadora A,Sul,Supervisor D,SDR D,,,,,,Lead,0.0,0.0,6,5,0,0,0,0
L100824,2026-04-23,Farmer,Locadora A,Sudeste,Supervisor C,SDR H,,,,,,Lead,0.0,0.0,6,5,0,0,0,0
L100825,2026-01-17,Inbound,Locadora A,Sul,Supervisor D,SDR G,,,,,,Lead,0.0,0.0,6,5,0,0,0,0
L100826,2026-05-04,Inbound,Locadora B,Sudeste,Supervisor A,SDR E,,,,,,Lead,0.0,0.0,6,5,0,0,0,0
L100827,2026-06-12,Inbound,Locadora A,Nordeste,Supervisor C,SDR F,,,,,,Lead,0.0,0.0,6,5,0,0,0,0
L100828,2026-06-06,C2C,Locadora A,Centro-Oeste,Supervisor A,SDR F,2026-06-08,2026-06-09,2026-06-12,,,Aprovado,0.0,0.0,6,5,1,1,0,0
L100829,2026-01-06,Inbound,Locadora A,Sudeste,Supervisor D,SDR G,,,,,,Lead,0.0,0.0,6,5,0,0,0,0
L100830,2026-02-14,Inbound,Locadora B,Nordeste,Supervisor D,SDR E,2026-02-16,2026-02-18,2026-02-19,2026-02-22,,Formalizado,47438.66,0.0,6,5,1,1,1,0
L100831,2026-02-13,Inbound,Locadora A,Sudeste,Supervisor C,SDR E,,,,,,Lead,0.0,0.0,6,5,0,0,0,0
L100832,2026-03-24,Inbound,Locadora A,Norte,Supervisor A,SDR A,2026-03-26,2026-03-27,2026-03-30,,,Aprovado,0.0,0.0,6,5,1,1,0,0
L100833,2026-01-26,Inbound,Locadora A,Sul,Supervisor C,SDR H,,,,,,Lead,0.0,0.0,6,5,0,0,0,0
L100834,2026-06-04,Inbound,Locadora B,Sudeste,Supervisor B,SDR E,,,,,,Lead,0.0,0.0,6,5,0,0,0,0
L100835,2026-05-21,Inbound,Locadora A,Centro-Oeste,Supervisor D,SDR C,,,,,,Lead,0.0,0.0,6,5,0,0,0,0
L100836,2026-05-27,Inbound,Locadora A,Sudeste,Supervisor A,SDR B,,,,,,Lead,0.0,0.0,6,5,0,0,0,0
L100837,2026-02-05,Crossover,Locadora A,Nordeste,Supervisor B,SDR E,,,,,,Lead,0.0,0.0,6,5,0,0,0,0
L100838,2026-01-03,Farmer,Locadora B,Norte,Supervisor B,SDR G,2026-01-08,2026-01-10,2026-01-13,,,Aprovado,0.0,0.0,6,5,1,1,0,0
L100839,2026-06-14,Inbound,Locadora B,Centro-Oeste,Supervisor D,SDR G,,,,,,Lead,0.0,0.0,6,5,0,0,0,0
L100840,2026-02-22,Inbound,Locadora A,Sul,Supervisor B,SDR H,,,,,,Lead,0.0,0.0,6,5,0,0,0,0
L100841,2026-04-29,Inbound,Locadora A,Sul,Supervisor D,SDR H,2026-05-04,2026-05-06,,,,Análise de Crédito,0.0,0.0,6,5,1,0,0,0
L100842,2026-06-14,Inbound,Locadora A,Sudeste,Supervisor D,SDR E,,,,,,Lead,0.0,0.0,6,5,0,0,0,0
L100843,2026-01-07,Inbound,Locadora A,Sudeste,Supervisor C,SDR H,,,,,,Lead,0.0,0.0,6,5,0,0,0,0
L100844,2026-01-01,C2C,Locadora A,Norte,Supervisor A,SDR A,,,,,,Lead,0.0,0.0,6,5,0,0,0,0
L100845,2026-01-01,Inbound,Locadora A,Sudeste,Supervisor A,SDR D,2026-01-02,2026-01-05,,,,Análise de Crédito,0.0,0.0,6,5,1,0,0,0
L100846,2026-01-29,Farmer,Locadora B,Sudeste,Supervisor A,SDR D,,,,,,Lead,0.0,0.0,6,5,0,0,0,0
L100847,2026-01-10,Inbound,Locadora A,Sudeste,Supervisor D,SDR F,2026-01-14,2026-01-15,2026-01-16,,,Aprovado,0.0,0.0,6,5,1,1,0,0
L100848,2026-05-29,Inbound,Locadora A,Norte,Supervisor C,SDR C,2026-05-31,2026-06-03,2026-06-06,2026-06-09,,Formalizado,46426.23,0.0,6,5,1,1,1,0
L100849,2026-04-20,Inbound,Locadora A,Norte,Supervisor B,SDR C,,,,,,Lead,0.0,0.0,6,5,0,0,0,0
L100850,2026-06-27,Inbound,Locadora A,Sudeste,Supervisor C,SDR H,,,,,,Lead,0.0,0.0,6,5,0,0,0,0
L100851,2026-05-26,Inbound,Locadora A,Sudeste,Supervisor C,SDR F,,,,,,Lead,0.0,0.0,6,5,0,0,0,0
L100852,2026-06-24,Inbound,Locadora A,Nordeste,Supervisor D,SDR F,2026-06-25,2026-06-27,,,,Análise de Crédito,0.0,0.0,6,5,1,0,0,0
L100853,2026-02-13,Inbound,Locadora A,Sudeste,Supervisor A,SDR B,,,,,,Lead,0.0,0.0,6,5,0,0,0,0
L100854,2026-02-22,Inbound,Locadora A,Norte,Supervisor A,SDR E,,,,,,Lead,0.0,0.0,6,5,0,0,0,0
L100855,2026-06-03,Inbound,Locadora A,Nordeste,Supervisor D,SDR D,,,,,,Lead,0.0,0.0,6,5,0,0,0,0
L100856,2026-02-14,Farmer,Locadora A,Centro-Oeste,Supervisor B,SDR E,,,,,,Lead,0.0,0.0,6,5,0,0,0,0
L100857,2026-01-11,Inbound,Locadora A,Sudeste,Supervisor D,SDR H,,,,,,Lead,0.0,0.0,6,5,0,0,0,0
L100858,2026-05-02,Inbound,Locadora A,Centro-Oeste,Supervisor D,SDR C,,,,,,Lead,0.0,0.0,6,5,0,0,0,0
L100859,2026-05-25,Crossover,Locadora A,Norte,Supervisor A,SDR G,2026-05-26,2026-05-28,2026-05-30,,,Aprovado,0.0,0.0,6,5,1,1,0,0
L100860,2026-06-25,Inbound,Locadora A,Sudeste,Supervisor B,SDR F,,,,,,Lead,0.0,0.0,6,5,0,0,0,0
L100861,2026-06-17,Crossover,Locadora A,Nordeste,Supervisor C,SDR D,,,,,,Lead,0.0,0.0,6,5,0,0,0,0
L100862,2026-01-22,Inbound,Locadora A,Sudeste,Supervisor A,SDR H,,,,,,Lead,0.0,0.0,6,5,0,0,0,0
L100863,2026-05-20,Inbound,Locadora B,Norte,Supervisor D,SDR B,,,,,,Lead,0.0,0.0,6,5,0,0,0,0
L100864,2026-06-03,C2C,Locadora A,Centro-Oeste,Supervisor A,SDR F,,,,,,Lead,0.0,0.0,6,5,0,0,0,0
L100865,2026-05-07,Inbound,Locadora A,Sudeste,Supervisor A,SDR D,,,,,,Lead,0.0,0.0,6,5,0,0,0,0
L100866,2026-05-29,Inbound,Locadora A,Sul,Supervisor C,SDR F,,,,,,Lead,0.0,0.0,6,5,0,0,0,0
L100867,2026-06-01,Inbound,Locadora B,Sudeste,Supervisor A,SDR B,,,,,,Lead,0.0,0.0,6,5,0,0,0,0
L100868,2026-03-22,Inbound,Locadora A,Sudeste,Supervisor C,SDR F,2026-03-27,,,,,Pedido,0.0,0.0,6,5,1,0,0,0
L100869,2026-01-08,Inbound,Locadora B,Nordeste,Supervisor B,SDR A,2026-01-11,2026-01-13,2026-01-14,,,Aprovado,0.0,0.0,6,5,1,1,0,0
L100870,2026-03-24,Inbound,Locadora A,Sudeste,Supervisor B,SDR C,,,,,,Lead,0.0,0.0,6,5,0,0,0,0
L100871,2026-02-06,Inbound,Locadora B,Norte,Supervisor D,SDR H,2026-02-10,2026-02-12,2026-02-13,2026-02-19,2026-02-27,Assinado,68773.44,57623.87,6,5,1,1,1,1
L100872,2026-01-21,Crossover,Locadora A,Sudeste,Supervisor A,SDR F,,,,,,Lead,0.0,0.0,6,5,0,0,0,0
L100873,2026-01-23,Crossover,Locadora A,Centro-Oeste,Supervisor B,SDR D,2026-01-26,2026-01-27,2026-01-28,2026-01-31,2026-02-07,Assinado,40541.38,38110.13,6,5,1,1,1,1
L100874,2026-05-07,C2C,Locadora A,Norte,Supervisor A,SDR C,,,,,,Lead,0.0,0.0,6,5,0,0,0,0
L100875,2026-04-02,Inbound,Locadora A,Centro-Oeste,Supervisor A,SDR A,,,,,,Lead,0.0,0.0,6,5,0,0,0,0
L100876,2026-04-08,Crossover,Locadora B,Nordeste,Supervisor A,SDR A,,,,,,Lead,0.0,0.0,6,5,0,0,0,0
L100877,2026-05-15,C2C,Locadora B,Norte,Supervisor B,SDR F,,,,,,Lead,0.0,0.0,6,5,0,0,0,0
L100878,2026-04-10,Crossover,Locadora A,Centro-Oeste,Supervisor B,SDR C,,,,,,Lead,0.0,0.0,6,5,0,0,0,0
L100879,2026-04-25,Inbound,Locadora A,Nordeste,Supervisor B,SDR A,,,,,,Lead,0.0,0.0,6,5,0,0,0,0
L100880,2026-01-16,Inbound,Locadora A,Sudeste,Supervisor A,SDR D,,,,,,Lead,0.0,0.0,6,5,0,0,0,0
L100881,2026-06-04,C2C,Locadora A,Sudeste,Supervisor A,SDR D,,,,,,Lead,0.0,0.0,6,5,0,0,0,0
L100882,2026-03-23,Inbound,Locadora A,Sudeste,Supervisor A,SDR H,,,,,,Lead,0.0,0.0,6,5,0,0,0,0
L100883,2026-01-29,Inbound,Locadora A,Nordeste,Supervisor C,SDR B,,,,,,Lead,0.0,0.0,6,5,0,0,0,0
L100884,2026-05-28,C2C,Locadora A,Centro-Oeste,Supervisor D,SDR C,,,,,,Lead,0.0,0.0,6,5,0,0,0,0
L100885,2026-05-13,Crossover,Locadora B,Sul,Supervisor A,SDR B,2026-05-17,2026-05-20,2026-05-22,,,Aprovado,0.0,0.0,6,5,1,1,0,0
L100886,2026-01-10,C2C,Locadora A,Norte,Supervisor A,SDR B,,,,,,Lead,0.0,0.0,6,5,0,0,0,0
L100887,2026-02-04,C2C,Locadora B,Sudeste,Supervisor D,SDR E,,,,,,Lead,0.0,0.0,6,5,0,0,0,0
L100888,2026-01-03,C2C,Locadora A,Norte,Supervisor C,SDR B,2026-01-06,2026-01-10,,,,Análise de Crédito,0.0,0.0,6,5,1,0,0,0
L100889,2026-02-19,Inbound,Locadora B,Sudeste,Supervisor C,SDR F,,,,,,Lead,0.0,0.0,6,5,0,0,0,0
L100890,2026-01-19,Crossover,Locadora A,Sudeste,Supervisor A,SDR G,,,,,,Lead,0.0,0.0,6,5,0,0,0,0
L100891,2026-05-09,Inbound,Locadora A,Sul,Supervisor D,SDR D,,,,,,Lead,0.0,0.0,6,5,0,0,0,0
L100892,2026-04-05,Inbound,Locadora A,Sudeste,Supervisor C,SDR B,,,,,,Lead,0.0,0.0,6,5,0,0,0,0
L100893,2026-06-27,Inbound,Locadora B,Centro-Oeste,Supervisor A,SDR G,,,,,,Lead,0.0,0.0,6,5,0,0,0,0
L100894,2026-05-16,C2C,Locadora A,Centro-Oeste,Supervisor A,SDR H,,,,,,Lead,0.0,0.0,6,5,0,0,0,0
L100895,2026-04-21,Inbound,Locadora B,Nordeste,Supervisor C,SDR H,,,,,,Lead,0.0,0.0,6,5,0,0,0,0
L100896,2026-04-03,Inbound,Locadora A,Sudeste,Supervisor D,SDR H,,,,,,Lead,0.0,0.0,6,5,0,0,0,0
L100897,2026-01-10,Inbound,Locadora B,Sudeste,Supervisor D,SDR G,,,,,,Lead,0.0,0.0,6,5,0,0,0,0
L100898,2026-01-13,Crossover,Locadora A,Sudeste,Supervisor C,SDR F,2026-01-14,2026-01-18,2026-01-20,,,Aprovado,0.0,0.0,6,5,1,1,0,0
L100899,2026-04-22,Inbound,Locadora B,Sul,Supervisor C,SDR H,,,,,,Lead,0.0,0.0,6,5,0,0,0,0
L100900,2026-01-01,Crossover,Locadora A,Sudeste,Supervisor C,SDR C,,,,,,Lead,0.0,0.0,6,5,0,0,0,0
L100901,2026-01-08,Farmer,Locadora A,Sudeste,Supervisor A,SDR H,2026-01-11,2026-01-12,2026-01-13,,,Aprovado,0.0,0.0,6,5,1,1,0,0
L100902,2026-02-09,Inbound,Locadora A,Nordeste,Supervisor B,SDR A,,,,,,Lead,0.0,0.0,6,5,0,0,0,0
L100903,2026-06-10,Inbound,Locadora A,Norte,Supervisor A,SDR G,,,,,,Lead,0.0,0.0,6,5,0,0,0,0
L100904,2026-03-25,Inbound,Locadora A,Nordeste,Supervisor D,SDR C,,,,,,Lead,0.0,0.0,6,5,0,0,0,0
L100905,2026-05-09,Inbound,Locadora A,Sudeste,Supervisor C,SDR C,,,,,,Lead,0.0,0.0,6,5,0,0,0,0
L100906,2026-03-16,Farmer,Locadora A,Sul,Supervisor D,SDR F,2026-03-17,2026-03-20,2026-03-22,,,Aprovado,0.0,0.0,6,5,1,1,0,0
L100907,2026-02-01,C2C,Locadora B,Sudeste,Supervisor B,SDR B,,,,,,Lead,0.0,0.0,6,5,0,0,0,0
L100908,2026-03-09,Inbound,Locadora A,Sudeste,Supervisor D,SDR H,,,,,,Lead,0.0,0.0,6,5,0,0,0,0
L100909,2026-01-17,Farmer,Locadora B,Sudeste,Supervisor D,SDR F,2026-01-20,2026-01-24,,,,Análise de Crédito,0.0,0.0,6,5,1,0,0,0
L100910,2026-05-20,Inbound,Locadora A,Norte,Supervisor C,SDR A,2026-05-22,2026-05-26,2026-05-30,2026-06-01,2026-06-06,Assinado,52375.04,47977.01,6,5,1,1,1,1
L100911,2026-02-03,Inbound,Locadora A,Sul,Supervisor D,SDR G,,,,,,Lead,0.0,0.0,6,5,0,0,0,0
L100912,2026-03-10,C2C,Locadora B,Sudeste,Supervisor C,SDR A,,,,,,Lead,0.0,0.0,6,5,0,0,0,0
L100913,2026-06-27,Inbound,Locadora A,Centro-Oeste,Supervisor C,SDR G,,,,,,Lead,0.0,0.0,6,5,0,0,0,0
L100914,2026-04-18,Inbound,Locadora A,Norte,Supervisor A,SDR G,,,,,,Lead,0.0,0.0,6,5,0,0,0,0
L100915,2026-03-24,Inbound,Locadora A,Sudeste,Supervisor D,SDR F,,,,,,Lead,0.0,0.0,6,5,0,0,0,0
L100916,2026-04-09,Inbound,Locadora A,Nordeste,Supervisor A,SDR E,,,,,,Lead,0.0,0.0,6,5,0,0,0,0
L100917,2026-05-22,Inbound,Locadora A,Sudeste,Supervisor C,SDR G,,,,,,Lead,0.0,0.0,6,5,0,0,0,0
L100918,2026-02-16,Inbound,Locadora A,Sudeste,Supervisor C,SDR G,,,,,,Lead,0.0,0.0,6,5,0,0,0,0
L100919,2026-04-26,Inbound,Locadora B,Nordeste,Supervisor A,SDR F,,,,,,Lead,0.0,0.0,6,5,0,0,0,0
L100920,2026-06-07,Inbound,Locadora A,Sudeste,Supervisor D,SDR B,,,,,,Lead,0.0,0.0,6,5,0,0,0,0
L100921,2026-04-14,C2C,Locadora A,Centro-Oeste,Supervisor A,SDR F,,,,,,Lead,0.0,0.0,6,5,0,0,0,0
L100922,2026-03-22,Inbound,Locadora A,Sudeste,Supervisor C,SDR B,,,,,,Lead,0.0,0.0,6,5,0,0,0,0
L100923,2026-01-27,C2C,Locadora A,Sul,Supervisor D,SDR A,,,,,,Lead,0.0,0.0,6,5,0,0,0,0
L100924,2026-02-14,Inbound,Locadora A,Sul,Supervisor A,SDR B,,,,,,Lead,0.0,0.0,6,5,0,0,0,0
L100925,2026-06-21,Inbound,Locadora B,Nordeste,Supervisor B,SDR D,,,,,,Lead,0.0,0.0,6,5,0,0,0,0
L100926,2026-04-08,Inbound,Locadora A,Nordeste,Supervisor C,SDR H,,,,,,Lead,0.0,0.0,6,5,0,0,0,0
L100927,2026-02-24,C2C,Locadora A,Centro-Oeste,Supervisor D,SDR A,,,,,,Lead,0.0,0.0,6,5,0,0,0,0
L100928,2026-03-17,Crossover,Locadora B,Sudeste,Supervisor B,SDR A,,,,,,Lead,0.0,0.0,6,5,0,0,0,0
L100929,2026-04-15,C2C,Locadora A,Sudeste,Supervisor A,SDR A,2026-04-16,2026-04-18,2026-04-22,,,Aprovado,0.0,0.0,6,5,1,1,0,0
L100930,2026-04-08,Inbound,Locadora A,Sul,Supervisor A,SDR B,2026-04-11,2026-04-12,,,,Análise de Crédito,0.0,0.0,6,5,1,0,0,0
L100931,2026-05-07,Inbound,Locadora A,Sul,Supervisor A,SDR E,,,,,,Lead,0.0,0.0,6,5,0,0,0,0
L100932,2026-02-16,Inbound,Locadora A,Sudeste,Supervisor D,SDR G,2026-02-17,2026-02-18,,,,Análise de Crédito,0.0,0.0,6,5,1,0,0,0
L100933,2026-04-28,Crossover,Locadora A,Norte,Supervisor D,SDR A,,,,,,Lead,0.0,0.0,6,5,0,0,0,0
L100934,2026-03-22,Inbound,Locadora B,Sudeste,Supervisor B,SDR G,,,,,,Lead,0.0,0.0,6,5,0,0,0,0
L100935,2026-06-20,Inbound,Locadora A,Sudeste,Supervisor D,SDR H,,,,,,Lead,0.0,0.0,6,5,0,0,0,0
L100936,2026-01-29,Inbound,Locadora A,Nordeste,Supervisor D,SDR A,,,,,,Lead,0.0,0.0,6,5,0,0,0,0
L100937,2026-01-27,Inbound,Locadora A,Sul,Supervisor D,SDR D,2026-01-31,2026-02-04,,,,Análise de Crédito,0.0,0.0,6,5,1,0,0,0
L100938,2026-03-25,Inbound,Locadora B,Centro-Oeste,Supervisor A,SDR G,,,,,,Lead,0.0,0.0,6,5,0,0,0,0
L100939,2026-04-03,Crossover,Locadora A,Sudeste,Supervisor A,SDR F,,,,,,Lead,0.0,0.0,6,5,0,0,0,0
L100940,2026-05-06,Crossover,Locadora B,Sudeste,Supervisor C,SDR B,,,,,,Lead,0.0,0.0,6,5,0,0,0,0
L100941,2026-03-15,Inbound,Locadora A,Centro-Oeste,Supervisor B,SDR B,,,,,,Lead,0.0,0.0,6,5,0,0,0,0
L100942,2026-06-15,Inbound,Locadora B,Sudeste,Supervisor A,SDR D,,,,,,Lead,0.0,0.0,6,5,0,0,0,0
L100943,2026-03-27,Inbound,Locadora A,Centro-Oeste,Supervisor C,SDR G,,,,,,Lead,0.0,0.0,6,5,0,0,0,0
L100944,2026-01-24,Inbound,Locadora A,Sudeste,Supervisor B,SDR H,,,,,,Lead,0.0,0.0,6,5,0,0,0,0
L100945,2026-01-22,C2C,Locadora A,Sudeste,Supervisor D,SDR D,,,,,,Lead,0.0,0.0,6,5,0,0,0,0
L100946,2026-06-26,Inbound,Locadora B,Sudeste,Supervisor C,SDR E,,,,,,Lead,0.0,0.0,6,5,0,0,0,0
L100947,2026-01-25,Crossover,Locadora A,Sudeste,Supervisor A,SDR E,,,,,,Lead,0.0,0.0,6,5,0,0,0,0
L100948,2026-06-21,C2C,Locadora A,Sudeste,Supervisor D,SDR D,,,,,,Lead,0.0,0.0,6,5,0,0,0,0
L100949,2026-02-20,Inbound,Locadora A,Centro-Oeste,Supervisor C,SDR F,,,,,,Lead,0.0,0.0,6,5,0,0,0,0
L100950,2026-01-17,Inbound,Locadora A,Sul,Supervisor B,SDR C,,,,,,Lead,0.0,0.0,6,5,0,0,0,0
L100951,2026-02-25,C2C,Locadora B,Sudeste,Supervisor A,SDR E,,,,,,Lead,0.0,0.0,6,5,0,0,0,0
L100952,2026-04-22,C2C,Locadora B,Sul,Supervisor C,SDR E,2026-04-26,2026-04-27,2026-04-30,,,Aprovado,0.0,0.0,6,5,1,1,0,0
L100953,2026-03-19,Inbound,Locadora A,Sudeste,Supervisor C,SDR E,2026-03-24,2026-03-28,2026-03-31,,,Aprovado,0.0,0.0,6,5,1,1,0,0
L100954,2026-05-23,Crossover,Locadora A,Sudeste,Supervisor D,SDR H,,,,,,Lead,0.0,0.0,6,5,0,0,0,0
L100955,2026-04-21,Inbound,Locadora A,Nordeste,Supervisor A,SDR F,,,,,,Lead,0.0,0.0,6,5,0,0,0,0
L100956,2026-03-14,C2C,Locadora A,Centro-Oeste,Supervisor B,SDR F,,,,,,Lead,0.0,0.0,6,5,0,0,0,0
L100957,2026-04-25,C2C,Locadora A,Centro-Oeste,Supervisor D,SDR G,,,,,,Lead,0.0,0.0,6,5,0,0,0,0
L100958,2026-06-25,Crossover,Locadora A,Sudeste,Supervisor C,SDR E,,,,,,Lead,0.0,0.0,6,5,0,0,0,0
L100959,2026-03-16,Inbound,Locadora A,Sudeste,Supervisor A,SDR C,,,,,,Lead,0.0,0.0,6,5,0,0,0,0
L100960,2026-01-28,Inbound,Locadora A,Centro-Oeste,Supervisor D,SDR E,,,,,,Lead,0.0,0.0,6,5,0,0,0,0
L100961,2026-03-15,Crossover,Locadora A,Sul,Supervisor C,SDR H,,,,,,Lead,0.0,0.0,6,5,0,0,0,0
L100962,2026-06-02,Inbound,Locadora A,Sul,Supervisor B,SDR H,2026-06-05,2026-06-08,,,,Análise de Crédito,0.0,0.0,6,5,1,0,0,0
L100963,2026-02-09,Inbound,Locadora B,Norte,Supervisor D,SDR C,,,,,,Lead,0.0,0.0,6,5,0,0,0,0
L100964,2026-06-21,Inbound,Locadora A,Sudeste,Supervisor C,SDR D,2026-06-23,2026-06-24,2026-06-25,2026-06-29,2026-07-06,Assinado,86660.62,84865.81,6,5,1,1,1,1
L100965,2026-04-17,Crossover,Locadora A,Nordeste,Supervisor B,SDR C,,,,,,Lead,0.0,0.0,6,5,0,0,0,0
L100966,2026-04-19,Inbound,Locadora A,Sul,Supervisor D,SDR A,,,,,,Lead,0.0,0.0,6,5,0,0,0,0
L100967,2026-02-27,Crossover,Locadora A,Sudeste,Supervisor B,SDR C,,,,,,Lead,0.0,0.0,6,5,0,0,0,0
L100968,2026-06-16,Inbound,Locadora A,Sudeste,Supervisor A,SDR A,,,,,,Lead,0.0,0.0,6,5,0,0,0,0
L100969,2026-01-07,Crossover,Locadora A,Sul,Supervisor C,SDR C,,,,,,Lead,0.0,0.0,6,5,0,0,0,0
L100970,2026-02-24,C2C,Locadora A,Sudeste,Supervisor A,SDR A,,,,,,Lead,0.0,0.0,6,5,0,0,0,0
L100971,2026-03-17,Crossover,Locadora A,Centro-Oeste,Supervisor C,SDR C,2026-03-21,2026-03-23,2026-03-24,2026-03-30,2026-03-31,Assinado,137039.35,126484.71,6,5,1,1,1,1
L100972,2026-03-28,Inbound,Locadora B,Centro-Oeste,Supervisor C,SDR F,2026-04-02,2026-04-03,2026-04-07,,,Aprovado,0.0,0.0,6,5,1,1,0,0
L100973,2026-03-27,Inbound,Locadora A,Sudeste,Supervisor C,SDR G,,,,,,Lead,0.0,0.0,6,5,0,0,0,0
L100974,2026-01-27,Crossover,Locadora A,Sul,Supervisor A,SDR H,2026-01-29,2026-02-02,2026-02-04,2026-02-11,2026-02-15,Assinado,70395.06,68448.55,6,5,1,1,1,1
L100975,2026-02-10,Inbound,Locadora A,Sul,Supervisor C,SDR E,,,,,,Lead,0.0,0.0,6,5,0,0,0,0
L100976,2026-01-18,Crossover,Locadora A,Sul,Supervisor B,SDR E,,,,,,Lead,0.0,0.0,6,5,0,0,0,0
L100977,2026-04-14,Crossover,Locadora B,Nordeste,Supervisor A,SDR H,2026-04-17,2026-04-18,,,,Análise de Crédito,0.0,0.0,6,5,1,0,0,0
L100978,2026-03-05,Inbound,Locadora A,Sudeste,Supervisor B,SDR E,,,,,,Lead,0.0,0.0,6,5,0,0,0,0
L100979,2026-04-13,Inbound,Locadora A,Norte,Supervisor D,SDR A,,,,,,Lead,0.0,0.0,6,5,0,0,0,0
L100980,2026-04-17,Crossover,Locadora A,Sudeste,Supervisor D,SDR H,,,,,,Lead,0.0,0.0,6,5,0,0,0,0
L100981,2026-05-08,Inbound,Locadora A,Sudeste,Supervisor A,SDR E,2026-05-09,2026-05-12,,,,Análise de Crédito,0.0,0.0,6,5,1,0,0,0
L100982,2026-04-10,Inbound,Locadora B,Centro-Oeste,Supervisor D,SDR F,,,,,,Lead,0.0,0.0,6,5,0,0,0,0
L100983,2026-04-28,Inbound,Locadora A,Sudeste,Supervisor C,SDR A,2026-04-29,2026-04-30,,,,Análise de Crédito,0.0,0.0,6,5,1,0,0,0
L100984,2026-04-17,Inbound,Locadora A,Sudeste,Supervisor A,SDR D,2026-04-21,2026-04-22,,,,Análise de Crédito,0.0,0.0,6,5,1,0,0,0
L100985,2026-04-29,Crossover,Locadora B,Sudeste,Supervisor D,SDR D,,,,,,Lead,0.0,0.0,6,5,0,0,0,0
L100986,2026-04-22,Inbound,Locadora B,Centro-Oeste,Supervisor C,SDR G,,,,,,Lead,0.0,0.0,6,5,0,0,0,0
L100987,2026-02-27,Inbound,Locadora B,Sul,Supervisor D,SDR D,,,,,,Lead,0.0,0.0,6,5,0,0,0,0
L100988,2026-02-14,C2C,Locadora A,Sudeste,Supervisor A,SDR C,,,,,,Lead,0.0,0.0,6,5,0,0,0,0
L100989,2026-05-23,C2C,Locadora A,Sul,Supervisor A,SDR F,,,,,,Lead,0.0,0.0,6,5,0,0,0,0
L100990,2026-03-04,C2C,Locadora A,Sudeste,Supervisor D,SDR A,2026-03-07,2026-03-08,2026-03-12,,,Aprovado,0.0,0.0,6,5,1,1,0,0
L100991,2026-04-10,Inbound,Locadora A,Norte,Supervisor A,SDR F,,,,,,Lead,0.0,0.0,6,5,0,0,0,0
L100992,2026-02-05,Crossover,Locadora A,Sudeste,Supervisor C,SDR A,,,,,,Lead,0.0,0.0,6,5,0,0,0,0
L100993,2026-03-20,Inbound,Locadora A,Sul,Supervisor C,SDR B,,,,,,Lead,0.0,0.0,6,5,0,0,0,0
L100994,2026-04-06,Inbound,Locadora A,Sul,Supervisor D,SDR D,,,,,,Lead,0.0,0.0,6,5,0,0,0,0
L100995,2026-04-24,Crossover,Locadora A,Sul,Supervisor B,SDR B,,,,,,Lead,0.0,0.0,6,5,0,0,0,0
L100996,2026-04-06,Crossover,Locadora A,Norte,Supervisor D,SDR A,,,,,,Lead,0.0,0.0,6,5,0,0,0,0
L100997,2026-03-07,Inbound,Locadora A,Sudeste,Supervisor C,SDR D,,,,,,Lead,0.0,0.0,6,5,0,0,0,0
L100998,2026-06-24,Inbound,Locadora A,Centro-Oeste,Supervisor C,SDR F,,,,,,Lead,0.0,0.0,6,5,0,0,0,0
L100999,2026-04-03,Inbound,Locadora A,Sudeste,Supervisor C,SDR B,,,,,,Lead,0.0,0.0,6,5,0,0,0,0
L101000,2026-05-27,Inbound,Locadora A,Centro-Oeste,Supervisor A,SDR C,,,,,,Lead,0.0,0.0,6,5,0,0,0,0
L101001,2026-05-14,Inbound,Locadora A,Sudeste,Supervisor B,SDR F,,,,,,Lead,0.0,0.0,6,5,0,0,0,0
L101002,2026-04-12,C2C,Locadora A,Sudeste,Supervisor C,SDR H,,,,,,Lead,0.0,0.0,6,5,0,0,0,0
L101003,2026-06-10,Inbound,Locadora A,Sudeste,Supervisor B,SDR E,,,,,,Lead,0.0,0.0,6,5,0,0,0,0
L101004,2026-01-24,Inbound,Locadora A,Sudeste,Supervisor A,SDR E,2026-01-25,2026-01-26,,,,Análise de Crédito,0.0,0.0,6,5,1,0,0,0
L101005,2026-06-16,Inbound,Locadora A,Norte,Supervisor C,SDR G,2026-06-20,2026-06-23,2026-06-24,,,Aprovado,0.0,0.0,6,5,1,1,0,0
L101006,2026-06-03,Inbound,Locadora A,Nordeste,Supervisor B,SDR A,,,,,,Lead,0.0,0.0,6,5,0,0,0,0
L101007,2026-04-02,Crossover,Locadora B,Sudeste,Supervisor D,SDR H,,,,,,Lead,0.0,0.0,6,5,0,0,0,0
L101008,2026-05-13,Inbound,Locadora A,Sul,Supervisor C,SDR D,,,,,,Lead,0.0,0.0,6,5,0,0,0,0
L101009,2026-04-05,Inbound,Locadora A,Centro-Oeste,Supervisor B,SDR D,,,,,,Lead,0.0,0.0,6,5,0,0,0,0
L101010,2026-02-18,Inbound,Locadora A,Sudeste,Supervisor A,SDR E,,,,,,Lead,0.0,0.0,6,5,0,0,0,0
L101011,2026-05-25,Inbound,Locadora A,Sudeste,Supervisor A,SDR H,2026-05-29,2026-05-30,2026-05-31,,,Aprovado,0.0,0.0,6,5,1,1,0,0
L101012,2026-02-14,C2C,Locadora A,Centro-Oeste,Supervisor C,SDR H,,,,,,Lead,0.0,0.0,6,5,0,0,0,0
L101013,2026-02-26,Crossover,Locadora A,Sudeste,Supervisor B,SDR G,2026-02-28,2026-03-01,,,,Análise de Crédito,0.0,0.0,6,5,1,0,0,0
L101014,2026-04-04,Inbound,Locadora B,Sul,Supervisor C,SDR D,,,,,,Lead,0.0,0.0,6,5,0,0,0,0
L101015,2026-06-01,Inbound,Locadora A,Sudeste,Supervisor C,SDR B,,,,,,Lead,0.0,0.0,6,5,0,0,0,0
L101016,2026-03-11,Inbound,Locadora A,Sudeste,Supervisor B,SDR B,,,,,,Lead,0.0,0.0,6,5,0,0,0,0
L101017,2026-03-31,Inbound,Locadora B,Centro-Oeste,Supervisor D,SDR G,,,,,,Lead,0.0,0.0,6,5,0,0,0,0
L101018,2026-01-08,Crossover,Locadora A,Centro-Oeste,Supervisor C,SDR B,,,,,,Lead,0.0,0.0,6,5,0,0,0,0
L101019,2026-01-21,Farmer,Locadora A,Norte,Supervisor D,SDR D,2026-01-22,2026-01-23,,,,Análise de Crédito,0.0,0.0,6,5,1,0,0,0
L101020,2026-01-11,Inbound,Locadora A,Sudeste,Supervisor D,SDR D,,,,,,Lead,0.0,0.0,6,5,0,0,0,0
L101021,2026-01-14,Inbound,Locadora A,Centro-Oeste,Supervisor D,SDR F,,,,,,Lead,0.0,0.0,6,5,0,0,0,0
L101022,2026-06-07,Inbound,Locadora A,Norte,Supervisor A,SDR C,,,,,,Lead,0.0,0.0,6,5,0,0,0,0
L101023,2026-06-02,C2C,Locadora B,Centro-Oeste,Supervisor C,SDR F,,,,,,Lead,0.0,0.0,6,5,0,0,0,0
L101024,2026-05-29,Farmer,Locadora A,Norte,Supervisor A,SDR E,2026-06-03,2026-06-04,2026-06-08,2026-06-09,,Formalizado,45689.4,0.0,6,5,1,1,1,0
L101025,2026-01-11,C2C,Locadora A,Norte,Supervisor D,SDR H,2026-01-15,2026-01-16,,,,Análise de Crédito,0.0,0.0,6,5,1,0,0,0
L101026,2026-01-15,Inbound,Locadora B,Nordeste,Supervisor C,SDR B,,,,,,Lead,0.0,0.0,6,5,0,0,0,0
L101027,2026-02-20,Inbound,Locadora A,Norte,Supervisor B,SDR G,,,,,,Lead,0.0,0.0,6,5,0,0,0,0
L101028,2026-04-13,Inbound,Locadora B,Sul,Supervisor C,SDR F,2026-04-17,2026-04-21,2026-04-25,,,Aprovado,0.0,0.0,6,5,1,1,0,0
L101029,2026-03-02,C2C,Locadora A,Sul,Supervisor C,SDR G,,,,,,Lead,0.0,0.0,6,5,0,0,0,0
L101030,2026-03-30,Inbound,Locadora A,Nordeste,Supervisor C,SDR D,,,,,,Lead,0.0,0.0,6,5,0,0,0,0
L101031,2026-02-01,Inbound,Locadora A,Nordeste,Supervisor C,SDR C,,,,,,Lead,0.0,0.0,6,5,0,0,0,0
L101032,2026-05-13,Inbound,Locadora A,Sudeste,Supervisor D,SDR E,,,,,,Lead,0.0,0.0,6,5,0,0,0,0
L101033,2026-02-26,Inbound,Locadora A,Sudeste,Supervisor D,SDR H,,,,,,Lead,0.0,0.0,6,5,0,0,0,0
L101034,2026-01-13,Crossover,Locadora B,Sudeste,Supervisor B,SDR B,,,,,,Lead,0.0,0.0,6,5,0,0,0,0
L101035,2026-05-15,Inbound,Locadora B,Nordeste,Supervisor D,SDR F,,,,,,Lead,0.0,0.0,6,5,0,0,0,0
L101036,2026-06-13,Inbound,Locadora B,Sudeste,Supervisor A,SDR B,,,,,,Lead,0.0,0.0,6,5,0,0,0,0
L101037,2026-01-03,C2C,Locadora A,Sudeste,Supervisor B,SDR G,2026-01-04,2026-01-05,,,,Análise de Crédito,0.0,0.0,6,5,1,0,0,0
L101038,2026-03-21,Inbound,Locadora A,Sul,Supervisor A,SDR D,,,,,,Lead,0.0,0.0,6,5,0,0,0,0
L101039,2026-05-30,C2C,Locadora A,Sudeste,Supervisor D,SDR G,,,,,,Lead,0.0,0.0,6,5,0,0,0,0
L101040,2026-05-08,Inbound,Locadora A,Norte,Supervisor A,SDR B,,,,,,Lead,0.0,0.0,6,5,0,0,0,0
L101041,2026-06-05,Farmer,Locadora A,Sul,Supervisor D,SDR A,2026-06-07,2026-06-11,,,,Análise de Crédito,0.0,0.0,6,5,1,0,0,0
L101042,2026-03-17,Crossover,Locadora A,Sudeste,Supervisor D,SDR H,,,,,,Lead,0.0,0.0,6,5,0,0,0,0
L101043,2026-03-09,C2C,Locadora A,Sudeste,Supervisor D,SDR C,,,,,,Lead,0.0,0.0,6,5,0,0,0,0
L101044,2026-05-09,Inbound,Locadora A,Nordeste,Supervisor D,SDR A,,,,,,Lead,0.0,0.0,6,5,0,0,0,0
L101045,2026-01-28,Inbound,Locadora A,Sul,Supervisor B,SDR G,,,,,,Lead,0.0,0.0,6,5,0,0,0,0
L101046,2026-02-13,Inbound,Locadora A,Sul,Supervisor D,SDR D,2026-02-18,2026-02-22,2026-02-23,2026-03-02,2026-03-09,Assinado,99684.17,100097.6,6,5,1,1,1,1
L101047,2026-04-19,Inbound,Locadora A,Sudeste,Supervisor D,SDR H,,,,,,Lead,0.0,0.0,6,5,0,0,0,0
L101048,2026-05-01,Inbound,Locadora B,Nordeste,Supervisor D,SDR D,2026-05-02,2026-05-06,2026-05-07,,,Aprovado,0.0,0.0,6,5,1,1,0,0
L101049,2026-01-22,Inbound,Locadora A,Centro-Oeste,Supervisor D,SDR G,,,,,,Lead,0.0,0.0,6,5,0,0,0,0
L101050,2026-04-03,C2C,Locadora A,Centro-Oeste,Supervisor D,SDR E,,,,,,Lead,0.0,0.0,6,5,0,0,0,0
L101051,2026-03-08,Inbound,Locadora A,Sudeste,Supervisor C,SDR D,,,,,,Lead,0.0,0.0,6,5,0,0,0,0
L101052,2026-04-01,Inbound,Locadora A,Norte,Supervisor D,SDR D,,,,,,Lead,0.0,0.0,6,5,0,0,0,0
L101053,2026-06-23,Inbound,Locadora A,Centro-Oeste,Supervisor B,SDR C,,,,,,Lead,0.0,0.0,6,5,0,0,0,0
L101054,2026-01-14,C2C,Locadora B,Sudeste,Supervisor C,SDR F,,,,,,Lead,0.0,0.0,6,5,0,0,0,0
L101055,2026-06-30,C2C,Locadora A,Norte,Supervisor D,SDR E,,,,,,Lead,0.0,0.0,6,5,0,0,0,0
L101056,2026-03-23,Inbound,Locadora A,Nordeste,Supervisor B,SDR A,2026-03-26,2026-03-30,2026-04-03,2026-04-09,,Formalizado,64317.13,0.0,6,5,1,1,1,0
L101057,2026-05-20,C2C,Locadora A,Centro-Oeste,Supervisor D,SDR D,,,,,,Lead,0.0,0.0,6,5,0,0,0,0
L101058,2026-03-18,Inbound,Locadora A,Centro-Oeste,Supervisor A,SDR D,,,,,,Lead,0.0,0.0,6,5,0,0,0,0
L101059,2026-02-26,Farmer,Locadora B,Sudeste,Supervisor C,SDR H,2026-02-27,2026-03-03,,,,Análise de Crédito,0.0,0.0,6,5,1,0,0,0
L101060,2026-05-20,C2C,Locadora B,Sul,Supervisor A,SDR D,,,,,,Lead,0.0,0.0,6,5,0,0,0,0
L101061,2026-05-05,Inbound,Locadora A,Sudeste,Supervisor D,SDR E,2026-05-06,,,,,Pedido,0.0,0.0,6,5,1,0,0,0
L101062,2026-01-27,Inbound,Locadora B,Sul,Supervisor D,SDR A,,,,,,Lead,0.0,0.0,6,5,0,0,0,0
L101063,2026-05-08,Inbound,Locadora A,Sudeste,Supervisor A,SDR D,2026-05-11,2026-05-15,,,,Análise de Crédito,0.0,0.0,6,5,1,0,0,0
L101064,2026-05-17,Crossover,Locadora A,Sudeste,Supervisor A,SDR C,2026-05-18,2026-05-19,,,,Análise de Crédito,0.0,0.0,6,5,1,0,0,0
L101065,2026-03-12,Farmer,Locadora B,Norte,Supervisor C,SDR D,2026-03-14,2026-03-16,2026-03-17,,,Aprovado,0.0,0.0,6,5,1,1,0,0
L101066,2026-06-17,Inbound,Locadora A,Sudeste,Supervisor D,SDR H,,,,,,Lead,0.0,0.0,6,5,0,0,0,0
L101067,2026-04-27,Inbound,Locadora B,Nordeste,Supervisor B,SDR H,,,,,,Lead,0.0,0.0,6,5,0,0,0,0
L101068,2026-03-02,C2C,Locadora A,Sudeste,Supervisor D,SDR C,2026-03-06,2026-03-08,2026-03-11,,,Aprovado,0.0,0.0,6,5,1,1,0,0
L101069,2026-01-02,Inbound,Locadora A,Sudeste,Supervisor B,SDR E,,,,,,Lead,0.0,0.0,6,5,0,0,0,0
L101070,2026-05-03,Inbound,Locadora A,Sudeste,Supervisor B,SDR H,2026-05-08,2026-05-12,,,,Análise de Crédito,0.0,0.0,6,5,1,0,0,0
L101071,2026-02-07,Inbound,Locadora B,Sudeste,Supervisor B,SDR B,2026-02-12,2026-02-16,2026-02-20,,,Aprovado,0.0,0.0,6,5,1,1,0,0
L101072,2026-05-17,Inbound,Locadora A,Sudeste,Supervisor B,SDR D,,,,,,Lead,0.0,0.0,6,5,0,0,0,0
L101073,2026-04-06,Inbound,Locadora B,Sudeste,Supervisor B,SDR E,2026-04-09,2026-04-11,2026-04-13,,,Aprovado,0.0,0.0,6,5,1,1,0,0
L101074,2026-03-26,Crossover,Locadora A,Centro-Oeste,Supervisor A,SDR A,2026-03-31,2026-04-04,2026-04-07,,,Aprovado,0.0,0.0,6,5,1,1,0,0
L101075,2026-01-30,Inbound,Locadora A,Sul,Supervisor B,SDR D,,,,,,Lead,0.0,0.0,6,5,0,0,0,0
L101076,2026-05-09,Inbound,Locadora A,Sudeste,Supervisor B,SDR A,,,,,,Lead,0.0,0.0,6,5,0,0,0,0
L101077,2026-01-31,Inbound,Locadora A,Sudeste,Supervisor A,SDR C,,,,,,Lead,0.0,0.0,6,5,0,0,0,0
L101078,2026-03-17,Crossover,Locadora A,Sudeste,Supervisor B,SDR A,,,,,,Lead,0.0,0.0,6,5,0,0,0,0
L101079,2026-06-01,Inbound,Locadora A,Sudeste,Supervisor A,SDR F,,,,,,Lead,0.0,0.0,6,5,0,0,0,0
L101080,2026-06-16,Inbound,Locadora A,Sudeste,Supervisor A,SDR G,,,,,,Lead,0.0,0.0,6,5,0,0,0,0
L101081,2026-06-29,Inbound,Locadora A,Centro-Oeste,Supervisor C,SDR C,,,,,,Lead,0.0,0.0,6,5,0,0,0,0
L101082,2026-06-23,Farmer,Locadora A,Centro-Oeste,Supervisor A,SDR A,,,,,,Lead,0.0,0.0,6,5,0,0,0,0
L101083,2026-04-11,Inbound,Locadora B,Nordeste,Supervisor B,SDR D,,,,,,Lead,0.0,0.0,6,5,0,0,0,0
L101084,2026-02-06,Inbound,Locadora A,Centro-Oeste,Supervisor C,SDR A,,,,,,Lead,0.0,0.0,6,5,0,0,0,0
L101085,2026-06-01,C2C,Locadora B,Sul,Supervisor A,SDR D,,,,,,Lead,0.0,0.0,6,5,0,0,0,0
L101086,2026-05-26,Inbound,Locadora A,Sudeste,Supervisor C,SDR E,,,,,,Lead,0.0,0.0,6,5,0,0,0,0
L101087,2026-06-29,Inbound,Locadora B,Sudeste,Supervisor A,SDR D,,,,,,Lead,0.0,0.0,6,5,0,0,0,0
L101088,2026-04-28,Crossover,Locadora A,Centro-Oeste,Supervisor A,SDR E,2026-04-30,2026-05-02,,,,Análise de Crédito,0.0,0.0,6,5,1,0,0,0
L101089,2026-01-26,Inbound,Locadora A,Sudeste,Supervisor A,SDR E,,,,,,Lead,0.0,0.0,6,5,0,0,0,0
L101090,2026-04-02,Crossover,Locadora A,Sudeste,Supervisor D,SDR B,2026-04-05,2026-04-07,2026-04-09,,,Aprovado,0.0,0.0,6,5,1,1,0,0
L101091,2026-03-23,Farmer,Locadora A,Norte,Supervisor A,SDR F,,,,,,Lead,0.0,0.0,6,5,0,0,0,0
L101092,2026-06-02,C2C,Locadora A,Sudeste,Supervisor A,SDR F,,,,,,Lead,0.0,0.0,6,5,0,0,0,0
L101093,2026-03-13,Inbound,Locadora A,Sudeste,Supervisor D,SDR B,,,,,,Lead,0.0,0.0,6,5,0,0,0,0
L101094,2026-03-01,Inbound,Locadora B,Norte,Supervisor C,SDR D,,,,,,Lead,0.0,0.0,6,5,0,0,0,0
L101095,2026-01-15,Inbound,Locadora A,Sudeste,Supervisor C,SDR C,,,,,,Lead,0.0,0.0,6,5,0,0,0,0
L101096,2026-06-01,Inbound,Locadora A,Sudeste,Supervisor A,SDR D,,,,,,Lead,0.0,0.0,6,5,0,0,0,0
L101097,2026-05-17,Inbound,Locadora B,Sudeste,Supervisor B,SDR G,2026-05-18,2026-05-21,,,,Análise de Crédito,0.0,0.0,6,5,1,0,0,0
L101098,2026-01-08,Inbound,Locadora A,Sudeste,Supervisor C,SDR E,,,,,,Lead,0.0,0.0,6,5,0,0,0,0
L101099,2026-03-20,C2C,Locadora A,Norte,Supervisor C,SDR H,,,,,,Lead,0.0,0.0,6,5,0,0,0,0
L101100,2026-03-28,Inbound,Locadora B,Centro-Oeste,Supervisor C,SDR E,,,,,,Lead,0.0,0.0,6,5,0,0,0,0
L101101,2026-03-26,Inbound,Locadora B,Sul,Supervisor A,SDR A,2026-03-28,2026-03-29,,,,Análise de Crédito,0.0,0.0,6,5,1,0,0,0
L101102,2026-06-16,Inbound,Locadora B,Sudeste,Supervisor D,SDR F,,,,,,Lead,0.0,0.0,6,5,0,0,0,0
L101103,2026-01-28,Inbound,Locadora B,Sudeste,Supervisor C,SDR A,2026-01-29,2026-01-31,2026-02-04,2026-02-10,2026-02-17,Assinado,165993.6,168559.44,6,5,1,1,1,1
L101104,2026-02-25,C2C,Locadora A,Sul,Supervisor A,SDR C,,,,,,Lead,0.0,0.0,6,5,0,0,0,0
L101105,2026-02-02,Crossover,Locadora A,Sudeste,Supervisor D,SDR H,,,,,,Lead,0.0,0.0,6,5,0,0,0,0
L101106,2026-02-14,Inbound,Locadora A,Sudeste,Supervisor B,SDR H,2026-02-15,2026-02-17,2026-02-21,2026-02-26,2026-02-27,Assinado,67049.26,66167.5,6,5,1,1,1,1
L101107,2026-06-14,Farmer,Locadora B,Centro-Oeste,Supervisor A,SDR B,,,,,,Lead,0.0,0.0,6,5,0,0,0,0
L101108,2026-06-20,C2C,Locadora B,Nordeste,Supervisor D,SDR H,,,,,,Lead,0.0,0.0,6,5,0,0,0,0
L101109,2026-01-09,Inbound,Locadora A,Nordeste,Supervisor A,SDR H,,,,,,Lead,0.0,0.0,6,5,0,0,0,0
L101110,2026-04-25,Inbound,Locadora A,Nordeste,Supervisor A,SDR H,,,,,,Lead,0.0,0.0,6,5,0,0,0,0
L101111,2026-02-12,C2C,Locadora A,Sul,Supervisor C,SDR G,,,,,,Lead,0.0,0.0,6,5,0,0,0,0
L101112,2026-02-04,Farmer,Locadora A,Nordeste,Supervisor B,SDR A,,,,,,Lead,0.0,0.0,6,5,0,0,0,0
L101113,2026-02-22,Inbound,Locadora B,Norte,Supervisor A,SDR A,,,,,,Lead,0.0,0.0,6,5,0,0,0,0
L101114,2026-02-05,Farmer,Locadora A,Sudeste,Supervisor A,SDR E,,,,,,Lead,0.0,0.0,6,5,0,0,0,0
L101115,2026-03-30,Inbound,Locadora A,Sudeste,Supervisor A,SDR A,,,,,,Lead,0.0,0.0,6,5,0,0,0,0
L101116,2026-06-30,Inbound,Locadora B,Sudeste,Supervisor D,SDR C,,,,,,Lead,0.0,0.0,6,5,0,0,0,0
L101117,2026-04-17,C2C,Locadora A,Norte,Supervisor C,SDR H,,,,,,Lead,0.0,0.0,6,5,0,0,0,0
L101118,2026-05-11,Inbound,Locadora A,Norte,Supervisor D,SDR H,,,,,,Lead,0.0,0.0,6,5,0,0,0,0
L101119,2026-03-31,Inbound,Locadora A,Nordeste,Supervisor C,SDR C,2026-04-04,2026-04-07,,,,Análise de Crédito,0.0,0.0,6,5,1,0,0,0
L101120,2026-01-03,C2C,Locadora A,Sudeste,Supervisor C,SDR E,,,,,,Lead,0.0,0.0,6,5,0,0,0,0
L101121,2026-01-16,Farmer,Locadora A,Norte,Supervisor A,SDR E,2026-01-18,2026-01-20,2026-01-22,2026-01-24,,Formalizado,79567.21,0.0,6,5,1,1,1,0
L101122,2026-02-18,C2C,Locadora A,Sudeste,Supervisor D,SDR C,2026-02-23,2026-02-27,2026-03-03,,,Aprovado,0.0,0.0,6,5,1,1,0,0
L101123,2026-02-14,Inbound,Locadora A,Sudeste,Supervisor D,SDR B,2026-02-18,2026-02-22,,,,Análise de Crédito,0.0,0.0,6,5,1,0,0,0
L101124,2026-06-02,C2C,Locadora A,Sul,Supervisor C,SDR D,,,,,,Lead,0.0,0.0,6,5,0,0,0,0
L101125,2026-06-02,Crossover,Locadora A,Nordeste,Supervisor A,SDR E,,,,,,Lead,0.0,0.0,6,5,0,0,0,0
L101126,2026-06-04,Inbound,Locadora A,Nordeste,Supervisor D,SDR G,,,,,,Lead,0.0,0.0,6,5,0,0,0,0
L101127,2026-04-26,Inbound,Locadora B,Sudeste,Supervisor B,SDR G,,,,,,Lead,0.0,0.0,6,5,0,0,0,0
L101128,2026-04-11,Farmer,Locadora A,Sudeste,Supervisor A,SDR A,,,,,,Lead,0.0,0.0,6,5,0,0,0,0
L101129,2026-04-28,C2C,Locadora A,Sudeste,Supervisor C,SDR F,,,,,,Lead,0.0,0.0,6,5,0,0,0,0
L101130,2026-03-15,Farmer,Locadora B,Sudeste,Supervisor D,SDR E,,,,,,Lead,0.0,0.0,6,5,0,0,0,0
L101131,2026-05-02,Inbound,Locadora A,Nordeste,Supervisor C,SDR A,2026-05-05,2026-05-06,2026-05-10,,,Aprovado,0.0,0.0,6,5,1,1,0,0
L101132,2026-05-24,Inbound,Locadora A,Sudeste,Supervisor A,SDR G,,,,,,Lead,0.0,0.0,6,5,0,0,0,0
L101133,2026-05-19,Inbound,Locadora B,Sudeste,Supervisor C,SDR E,2026-05-24,2026-05-25,2026-05-26,,,Aprovado,0.0,0.0,6,5,1,1,0,0
L101134,2026-04-22,Inbound,Locadora A,Sudeste,Supervisor D,SDR F,2026-04-25,2026-04-29,,,,Análise de Crédito,0.0,0.0,6,5,1,0,0,0
L101135,2026-01-11,Crossover,Locadora A,Centro-Oeste,Supervisor C,SDR F,2026-01-12,2026-01-14,,,,Análise de Crédito,0.0,0.0,6,5,1,0,0,0
L101136,2026-05-12,Inbound,Locadora A,Nordeste,Supervisor B,SDR C,,,,,,Lead,0.0,0.0,6,5,0,0,0,0
L101137,2026-03-08,C2C,Locadora A,Sudeste,Supervisor C,SDR B,,,,,,Lead,0.0,0.0,6,5,0,0,0,0
L101138,2026-05-15,Inbound,Locadora A,Sudeste,Supervisor A,SDR D,,,,,,Lead,0.0,0.0,6,5,0,0,0,0
L101139,2026-04-08,Farmer,Locadora A,Norte,Supervisor D,SDR G,2026-04-09,2026-04-13,2026-04-15,,,Aprovado,0.0,0.0,6,5,1,1,0,0
L101140,2026-06-09,Inbound,Locadora A,Sul,Supervisor D,SDR F,,,,,,Lead,0.0,0.0,6,5,0,0,0,0
L101141,2026-03-03,Inbound,Locadora B,Sudeste,Supervisor C,SDR F,,,,,,Lead,0.0,0.0,6,5,0,0,0,0
L101142,2026-06-18,Crossover,Locadora A,Sudeste,Supervisor A,SDR B,,,,,,Lead,0.0,0.0,6,5,0,0,0,0
L101143,2026-06-02,Inbound,Locadora A,Norte,Supervisor B,SDR A,,,,,,Lead,0.0,0.0,6,5,0,0,0,0
L101144,2026-03-01,Inbound,Locadora A,Centro-Oeste,Supervisor A,SDR F,,,,,,Lead,0.0,0.0,6,5,0,0,0,0
L101145,2026-03-29,Inbound,Locadora B,Sudeste,Supervisor D,SDR H,,,,,,Lead,0.0,0.0,6,5,0,0,0,0
L101146,2026-04-07,Crossover,Locadora A,Sudeste,Supervisor C,SDR C,,,,,,Lead,0.0,0.0,6,5,0,0,0,0
L101147,2026-05-20,Inbound,Locadora A,Sudeste,Supervisor B,SDR D,,,,,,Lead,0.0,0.0,6,5,0,0,0,0
L101148,2026-05-05,Inbound,Locadora A,Sudeste,Supervisor D,SDR H,,,,,,Lead,0.0,0.0,6,5,0,0,0,0
L101149,2026-06-04,Inbound,Locadora A,Sudeste,Supervisor D,SDR B,,,,,,Lead,0.0,0.0,6,5,0,0,0,0
L101150,2026-03-08,Inbound,Locadora A,Sudeste,Supervisor D,SDR E,2026-03-09,2026-03-11,2026-03-12,,,Aprovado,0.0,0.0,6,5,1,1,0,0
L101151,2026-04-02,Inbound,Locadora B,Sudeste,Supervisor B,SDR A,,,,,,Lead,0.0,0.0,6,5,0,0,0,0
L101152,2026-03-19,Inbound,Locadora A,Sudeste,Supervisor A,SDR C,,,,,,Lead,0.0,0.0,6,5,0,0,0,0
L101153,2026-06-14,Inbound,Locadora A,Sul,Supervisor B,SDR C,,,,,,Lead,0.0,0.0,6,5,0,0,0,0
L101154,2026-02-25,Inbound,Locadora A,Sudeste,Supervisor B,SDR F,2026-02-27,2026-03-01,,,,Análise de Crédito,0.0,0.0,6,5,1,0,0,0
L101155,2026-04-17,Crossover,Locadora A,Nordeste,Supervisor C,SDR C,,,,,,Lead,0.0,0.0,6,5,0,0,0,0
L101156,2026-01-22,C2C,Locadora A,Sudeste,Supervisor B,SDR D,,,,,,Lead,0.0,0.0,6,5,0,0,0,0
L101157,2026-06-03,Crossover,Locadora B,Nordeste,Supervisor C,SDR C,,,,,,Lead,0.0,0.0,6,5,0,0,0,0
L101158,2026-03-11,Inbound,Locadora A,Nordeste,Supervisor A,SDR B,,,,,,Lead,0.0,0.0,6,5,0,0,0,0
L101159,2026-03-03,Inbound,Locadora A,Norte,Supervisor A,SDR G,,,,,,Lead,0.0,0.0,6,5,0,0,0,0
L101160,2026-04-16,Inbound,Locadora A,Sudeste,Supervisor D,SDR F,,,,,,Lead,0.0,0.0,6,5,0,0,0,0
L101161,2026-04-01,Inbound,Locadora A,Sudeste,Supervisor B,SDR F,,,,,,Lead,0.0,0.0,6,5,0,0,0,0
L101162,2026-06-03,C2C,Locadora A,Sul,Supervisor A,SDR E,2026-06-07,2026-06-11,,,,Análise de Crédito,0.0,0.0,6,5,1,0,0,0
L101163,2026-04-07,Inbound,Locadora A,Sudeste,Supervisor D,SDR B,2026-04-09,2026-04-12,,,,Análise de Crédito,0.0,0.0,6,5,1,0,0,0
L101164,2026-04-04,Inbound,Locadora A,Sudeste,Supervisor A,SDR E,,,,,,Lead,0.0,0.0,6,5,0,0,0,0
L101165,2026-01-20,Inbound,Locadora B,Sudeste,Supervisor D,SDR F,2026-01-22,2026-01-23,2026-01-26,,,Aprovado,0.0,0.0,6,5,1,1,0,0
L101166,2026-01-04,Crossover,Locadora B,Sul,Supervisor B,SDR D,,,,,,Lead,0.0,0.0,6,5,0,0,0,0
L101167,2026-03-14,Inbound,Locadora B,Nordeste,Supervisor B,SDR F,2026-03-15,2026-03-18,,,,Análise de Crédito,0.0,0.0,6,5,1,0,0,0
L101168,2026-06-30,Inbound,Locadora B,Sudeste,Supervisor B,SDR C,2026-07-01,2026-07-05,,,,Análise de Crédito,0.0,0.0,6,5,1,0,0,0
L101169,2026-06-16,Inbound,Locadora A,Norte,Supervisor A,SDR E,2026-06-18,2026-06-20,,,,Análise de Crédito,0.0,0.0,6,5,1,0,0,0
L101170,2026-04-24,C2C,Locadora A,Nordeste,Supervisor B,SDR D,,,,,,Lead,0.0,0.0,6,5,0,0,0,0
L101171,2026-04-25,Inbound,Locadora A,Sudeste,Supervisor B,SDR H,,,,,,Lead,0.0,0.0,6,5,0,0,0,0
L101172,2026-03-12,C2C,Locadora B,Sudeste,Supervisor B,SDR B,,,,,,Lead,0.0,0.0,6,5,0,0,0,0
L101173,2026-02-02,Inbound,Locadora A,Sudeste,Supervisor B,SDR C,,,,,,Lead,0.0,0.0,6,5,0,0,0,0
L101174,2026-01-02,Farmer,Locadora A,Nordeste,Supervisor C,SDR F,2026-01-05,,,,,Pedido,0.0,0.0,6,5,1,0,0,0
L101175,2026-03-03,Inbound,Locadora A,Centro-Oeste,Supervisor A,SDR A,,,,,,Lead,0.0,0.0,6,5,0,0,0,0
L101176,2026-02-27,Inbound,Locadora A,Centro-Oeste,Supervisor B,SDR E,,,,,,Lead,0.0,0.0,6,5,0,0,0,0
L101177,2026-02-04,C2C,Locadora A,Centro-Oeste,Supervisor D,SDR A,,,,,,Lead,0.0,0.0,6,5,0,0,0,0
L101178,2026-02-16,Inbound,Locadora A,Sudeste,Supervisor D,SDR E,,,,,,Lead,0.0,0.0,6,5,0,0,0,0
L101179,2026-01-05,C2C,Locadora A,Norte,Supervisor C,SDR C,2026-01-07,2026-01-09,2026-01-10,,,Aprovado,0.0,0.0,6,5,1,1,0,0
L101180,2026-04-21,Farmer,Locadora B,Norte,Supervisor B,SDR B,,,,,,Lead,0.0,0.0,6,5,0,0,0,0
L101181,2026-06-17,Crossover,Locadora A,Centro-Oeste,Supervisor B,SDR D,2026-06-21,2026-06-22,2026-06-23,2026-06-29,2026-07-08,Assinado,68931.91,68571.58,6,5,1,1,1,1
L101182,2026-05-06,Inbound,Locadora A,Sul,Supervisor D,SDR C,,,,,,Lead,0.0,0.0,6,5,0,0,0,0
L101183,2026-03-23,Inbound,Locadora A,Sudeste,Supervisor B,SDR A,,,,,,Lead,0.0,0.0,6,5,0,0,0,0
L101184,2026-03-18,C2C,Locadora A,Sudeste,Supervisor D,SDR E,,,,,,Lead,0.0,0.0,6,5,0,0,0,0
L101185,2026-02-25,Farmer,Locadora A,Sudeste,Supervisor A,SDR E,,,,,,Lead,0.0,0.0,6,5,0,0,0,0
L101186,2026-01-26,Crossover,Locadora A,Sul,Supervisor C,SDR F,,,,,,Lead,0.0,0.0,6,5,0,0,0,0
L101187,2026-04-19,Crossover,Locadora A,Nordeste,Supervisor C,SDR H,,,,,,Lead,0.0,0.0,6,5,0,0,0,0
L101188,2026-04-13,Crossover,Locadora A,Norte,Supervisor B,SDR F,2026-04-18,2026-04-20,,,,Análise de Crédito,0.0,0.0,6,5,1,0,0,0
L101189,2026-01-02,Inbound,Locadora A,Sudeste,Supervisor B,SDR G,,,,,,Lead,0.0,0.0,6,5,0,0,0,0
L101190,2026-03-17,Crossover,Locadora B,Sudeste,Supervisor A,SDR F,2026-03-19,2026-03-20,2026-03-22,,,Aprovado,0.0,0.0,6,5,1,1,0,0
L101191,2026-02-20,Farmer,Locadora A,Sudeste,Supervisor B,SDR F,,,,,,Lead,0.0,0.0,6,5,0,0,0,0
L101192,2026-01-31,Inbound,Locadora A,Norte,Supervisor B,SDR G,,,,,,Lead,0.0,0.0,6,5,0,0,0,0
L101193,2026-05-08,C2C,Locadora A,Nordeste,Supervisor C,SDR F,,,,,,Lead,0.0,0.0,6,5,0,0,0,0
L101194,2026-04-06,Inbound,Locadora A,Sul,Supervisor C,SDR E,,,,,,Lead,0.0,0.0,6,5,0,0,0,0
L101195,2026-04-25,Inbound,Locadora B,Sul,Supervisor B,SDR F,,,,,,Lead,0.0,0.0,6,5,0,0,0,0
L101196,2026-05-10,Crossover,Locadora A,Sul,Supervisor C,SDR H,2026-05-14,2026-05-16,2026-05-17,2026-05-24,2026-05-30,Assinado,75136.94,70354.33,6,5,1,1,1,1
L101197,2026-06-27,C2C,Locadora A,Sudeste,Supervisor C,SDR D,,,,,,Lead,0.0,0.0,6,5,0,0,0,0
L101198,2026-05-26,Inbound,Locadora A,Sudeste,Supervisor A,SDR B,,,,,,Lead,0.0,0.0,6,5,0,0,0,0
L101199,2026-04-23,Crossover,Locadora B,Sudeste,Supervisor D,SDR D,2026-04-27,2026-04-29,2026-05-02,2026-05-09,2026-05-16,Assinado,37800.35,33899.92,6,5,1,1,1,1
L101200,2026-06-09,Inbound,Locadora A,Sudeste,Supervisor D,SDR A,,,,,,Lead,0.0,0.0,6,5,0,0,0,0
L101201,2026-03-28,Farmer,Locadora B,Sul,Supervisor B,SDR C,2026-04-02,2026-04-04,2026-04-08,2026-04-13,2026-04-18,Assinado,36697.09,34069.32,6,5,1,1,1,1
L101202,2026-06-28,Crossover,Locadora A,Sudeste,Supervisor D,SDR H,,,,,,Lead,0.0,0.0,6,5,0,0,0,0
L101203,2026-05-18,Inbound,Locadora A,Centro-Oeste,Supervisor B,SDR A,,,,,,Lead,0.0,0.0,6,5,0,0,0,0
L101204,2026-04-28,Farmer,Locadora A,Sul,Supervisor A,SDR H,,,,,,Lead,0.0,0.0,6,5,0,0,0,0
L101205,2026-06-13,Farmer,Locadora A,Sul,Supervisor D,SDR E,,,,,,Lead,0.0,0.0,6,5,0,0,0,0
L101206,2026-04-04,Inbound,Locadora A,Norte,Supervisor B,SDR C,,,,,,Lead,0.0,0.0,6,5,0,0,0,0
L101207,2026-05-11,Crossover,Locadora A,Sudeste,Supervisor B,SDR D,,,,,,Lead,0.0,0.0,6,5,0,0,0,0
L101208,2026-02-21,Inbound,Locadora A,Sul,Supervisor C,SDR H,,,,,,Lead,0.0,0.0,6,5,0,0,0,0
L101209,2026-06-24,Inbound,Locadora A,Sudeste,Supervisor B,SDR A,,,,,,Lead,0.0,0.0,6,5,0,0,0,0
L101210,2026-04-23,Inbound,Locadora A,Centro-Oeste,Supervisor B,SDR E,,,,,,Lead,0.0,0.0,6,5,0,0,0,0
L101211,2026-05-22,Inbound,Locadora A,Sul,Supervisor D,SDR C,,,,,,Lead,0.0,0.0,6,5,0,0,0,0
L101212,2026-03-25,Inbound,Locadora A,Sudeste,Supervisor B,SDR E,2026-03-27,2026-03-28,,,,Análise de Crédito,0.0,0.0,6,5,1,0,0,0
L101213,2026-06-06,Crossover,Locadora A,Sudeste,Supervisor C,SDR G,,,,,,Lead,0.0,0.0,6,5,0,0,0,0
L101214,2026-01-14,Inbound,Locadora A,Centro-Oeste,Supervisor C,SDR H,,,,,,Lead,0.0,0.0,6,5,0,0,0,0
L101215,2026-01-21,Inbound,Locadora A,Centro-Oeste,Supervisor D,SDR C,,,,,,Lead,0.0,0.0,6,5,0,0,0,0
L101216,2026-04-02,Inbound,Locadora A,Centro-Oeste,Supervisor B,SDR F,,,,,,Lead,0.0,0.0,6,5,0,0,0,0
L101217,2026-05-13,Crossover,Locadora A,Sudeste,Supervisor B,SDR D,,,,,,Lead,0.0,0.0,6,5,0,0,0,0
L101218,2026-05-27,C2C,Locadora A,Sul,Supervisor D,SDR E,,,,,,Lead,0.0,0.0,6,5,0,0,0,0
L101219,2026-03-21,Inbound,Locadora A,Sul,Supervisor B,SDR B,2026-03-25,2026-03-29,2026-04-01,,,Aprovado,0.0,0.0,6,5,1,1,0,0
L101220,2026-04-28,Inbound,Locadora B,Sudeste,Supervisor B,SDR G,,,,,,Lead,0.0,0.0,6,5,0,0,0,0
L101221,2026-04-11,Crossover,Locadora A,Sul,Supervisor A,SDR B,,,,,,Lead,0.0,0.0,6,5,0,0,0,0
L101222,2026-06-24,Inbound,Locadora A,Sul,Supervisor B,SDR A,,,,,,Lead,0.0,0.0,6,5,0,0,0,0
L101223,2026-04-29,Crossover,Locadora A,Nordeste,Supervisor A,SDR G,,,,,,Lead,0.0,0.0,6,5,0,0,0,0
L101224,2026-03-17,Inbound,Locadora A,Sudeste,Supervisor B,SDR D,2026-03-21,2026-03-24,,,,Análise de Crédito,0.0,0.0,6,5,1,0,0,0
L101225,2026-06-25,C2C,Locadora A,Sudeste,Supervisor C,SDR A,,,,,,Lead,0.0,0.0,6,5,0,0,0,0
L101226,2026-01-20,Inbound,Locadora A,Norte,Supervisor C,SDR F,2026-01-23,2026-01-25,,,,Análise de Crédito,0.0,0.0,6,5,1,0,0,0
L101227,2026-06-28,Inbound,Locadora A,Nordeste,Supervisor A,SDR C,,,,,,Lead,0.0,0.0,6,5,0,0,0,0
L101228,2026-01-28,Inbound,Locadora A,Sudeste,Supervisor B,SDR H,2026-02-02,2026-02-06,2026-02-10,,,Aprovado,0.0,0.0,6,5,1,1,0,0
L101229,2026-02-22,Inbound,Locadora A,Nordeste,Supervisor B,SDR H,,,,,,Lead,0.0,0.0,6,5,0,0,0,0
L101230,2026-05-29,C2C,Locadora A,Sudeste,Supervisor A,SDR E,,,,,,Lead,0.0,0.0,6,5,0,0,0,0
L101231,2026-05-13,Crossover,Locadora B,Nordeste,Supervisor B,SDR D,,,,,,Lead,0.0,0.0,6,5,0,0,0,0
L101232,2026-06-25,Farmer,Locadora A,Sudeste,Supervisor C,SDR D,,,,,,Lead,0.0,0.0,6,5,0,0,0,0
L101233,2026-05-16,Farmer,Locadora A,Sudeste,Supervisor A,SDR E,,,,,,Lead,0.0,0.0,6,5,0,0,0,0
L101234,2026-04-26,Crossover,Locadora B,Norte,Supervisor B,SDR H,,,,,,Lead,0.0,0.0,6,5,0,0,0,0
L101235,2026-03-04,Inbound,Locadora A,Sudeste,Supervisor B,SDR F,,,,,,Lead,0.0,0.0,6,5,0,0,0,0
L101236,2026-01-01,Inbound,Locadora B,Nordeste,Supervisor A,SDR A,,,,,,Lead,0.0,0.0,6,5,0,0,0,0
L101237,2026-01-23,C2C,Locadora A,Sul,Supervisor C,SDR B,2026-01-24,2026-01-25,2026-01-27,,,Aprovado,0.0,0.0,6,5,1,1,0,0
L101238,2026-02-23,Inbound,Locadora A,Sudeste,Supervisor C,SDR F,,,,,,Lead,0.0,0.0,6,5,0,0,0,0
L101239,2026-01-08,Inbound,Locadora A,Norte,Supervisor B,SDR C,,,,,,Lead,0.0,0.0,6,5,0,0,0,0
L101240,2026-04-02,Farmer,Locadora A,Sul,Supervisor A,SDR D,,,,,,Lead,0.0,0.0,6,5,0,0,0,0
L101241,2026-05-21,C2C,Locadora A,Nordeste,Supervisor D,SDR D,,,,,,Lead,0.0,0.0,6,5,0,0,0,0
L101242,2026-06-24,Inbound,Locadora A,Nordeste,Supervisor A,SDR E,2026-06-29,2026-07-01,2026-07-03,,,Aprovado,0.0,0.0,6,5,1,1,0,0
L101243,2026-03-30,Inbound,Locadora A,Sudeste,Supervisor A,SDR B,,,,,,Lead,0.0,0.0,6,5,0,0,0,0
L101244,2026-06-08,Inbound,Locadora A,Sudeste,Supervisor A,SDR A,2026-06-11,,,,,Pedido,0.0,0.0,6,5,1,0,0,0
L101245,2026-06-28,Inbound,Locadora B,Sudeste,Supervisor A,SDR B,,,,,,Lead,0.0,0.0,6,5,0,0,0,0
L101246,2026-06-05,C2C,Locadora A,Sul,Supervisor D,SDR F,2026-06-10,2026-06-12,,,,Análise de Crédito,0.0,0.0,6,5,1,0,0,0
L101247,2026-03-26,Crossover,Locadora A,Sudeste,Supervisor D,SDR E,,,,,,Lead,0.0,0.0,6,5,0,0,0,0
L101248,2026-02-28,Inbound,Locadora A,Sudeste,Supervisor C,SDR G,,,,,,Lead,0.0,0.0,6,5,0,0,0,0
L101249,2026-06-27,Farmer,Locadora B,Nordeste,Supervisor D,SDR A,2026-06-30,,,,,Pedido,0.0,0.0,6,5,1,0,0,0
L101250,2026-02-13,Inbound,Locadora B,Sudeste,Supervisor C,SDR B,,,,,,Lead,0.0,0.0,6,5,0,0,0,0
L101251,2026-03-16,Crossover,Locadora B,Centro-Oeste,Supervisor B,SDR B,2026-03-21,2026-03-25,2026-03-28,2026-03-31,2026-04-08,Assinado,46747.08,47303.51,6,5,1,1,1,1
L101252,2026-01-14,Inbound,Locadora B,Sul,Supervisor C,SDR E,,,,,,Lead,0.0,0.0,6,5,0,0,0,0
L101253,2026-05-24,Inbound,Locadora A,Sudeste,Supervisor B,SDR E,,,,,,Lead,0.0,0.0,6,5,0,0,0,0
L101254,2026-04-28,C2C,Locadora A,Sudeste,Supervisor D,SDR B,,,,,,Lead,0.0,0.0,6,5,0,0,0,0
L101255,2026-01-16,Crossover,Locadora A,Sudeste,Supervisor D,SDR D,,,,,,Lead,0.0,0.0,6,5,0,0,0,0
L101256,2026-02-10,Crossover,Locadora B,Sul,Supervisor D,SDR A,,,,,,Lead,0.0,0.0,6,5,0,0,0,0
L101257,2026-04-11,Inbound,Locadora A,Sudeste,Supervisor C,SDR E,,,,,,Lead,0.0,0.0,6,5,0,0,0,0
L101258,2026-04-08,C2C,Locadora A,Nordeste,Supervisor C,SDR E,,,,,,Lead,0.0,0.0,6,5,0,0,0,0
L101259,2026-05-26,Inbound,Locadora B,Nordeste,Supervisor A,SDR A,,,,,,Lead,0.0,0.0,6,5,0,0,0,0
L101260,2026-02-18,C2C,Locadora B,Sudeste,Supervisor C,SDR A,,,,,,Lead,0.0,0.0,6,5,0,0,0,0
L101261,2026-06-17,C2C,Locadora B,Nordeste,Supervisor A,SDR F,2026-06-21,2026-06-24,,,,Análise de Crédito,0.0,0.0,6,5,1,0,0,0
L101262,2026-03-22,Inbound,Locadora A,Norte,Supervisor C,SDR H,,,,,,Lead,0.0,0.0,6,5,0,0,0,0
L101263,2026-05-29,Farmer,Locadora A,Sudeste,Supervisor A,SDR G,,,,,,Lead,0.0,0.0,6,5,0,0,0,0
L101264,2026-02-13,Inbound,Locadora A,Norte,Supervisor B,SDR E,,,,,,Lead,0.0,0.0,6,5,0,0,0,0
L101265,2026-01-07,Inbound,Locadora A,Sudeste,Supervisor D,SDR E,2026-01-08,2026-01-10,2026-01-11,,,Aprovado,0.0,0.0,6,5,1,1,0,0
L101266,2026-01-10,Inbound,Locadora A,Centro-Oeste,Supervisor B,SDR G,,,,,,Lead,0.0,0.0,6,5,0,0,0,0
L101267,2026-03-09,Farmer,Locadora A,Sudeste,Supervisor C,SDR G,,,,,,Lead,0.0,0.0,6,5,0,0,0,0
L101268,2026-06-22,Farmer,Locadora B,Nordeste,Supervisor B,SDR H,,,,,,Lead,0.0,0.0,6,5,0,0,0,0
L101269,2026-01-09,Farmer,Locadora A,Nordeste,Supervisor B,SDR D,2026-01-10,2026-01-13,2026-01-14,2026-01-19,2026-01-27,Assinado,109318.46,96366.05,6,5,1,1,1,1
L101270,2026-03-08,C2C,Locadora A,Norte,Supervisor A,SDR D,,,,,,Lead,0.0,0.0,6,5,0,0,0,0
L101271,2026-01-20,Inbound,Locadora B,Norte,Supervisor A,SDR A,,,,,,Lead,0.0,0.0,6,5,0,0,0,0
L101272,2026-06-18,Farmer,Locadora A,Sudeste,Supervisor B,SDR B,2026-06-21,2026-06-25,2026-06-27,2026-07-04,2026-07-13,Assinado,49745.66,43412.28,6,5,1,1,1,1
L101273,2026-05-03,C2C,Locadora A,Centro-Oeste,Supervisor A,SDR D,,,,,,Lead,0.0,0.0,6,5,0,0,0,0
L101274,2026-05-19,Inbound,Locadora A,Sudeste,Supervisor D,SDR G,,,,,,Lead,0.0,0.0,6,5,0,0,0,0
L101275,2026-05-10,Crossover,Locadora A,Sudeste,Supervisor C,SDR D,,,,,,Lead,0.0,0.0,6,5,0,0,0,0
L101276,2026-04-29,Inbound,Locadora A,Sudeste,Supervisor A,SDR E,,,,,,Lead,0.0,0.0,6,5,0,0,0,0
L101277,2026-05-21,C2C,Locadora A,Norte,Supervisor D,SDR G,,,,,,Lead,0.0,0.0,6,5,0,0,0,0
L101278,2026-01-02,Inbound,Locadora A,Centro-Oeste,Supervisor B,SDR D,,,,,,Lead,0.0,0.0,6,5,0,0,0,0
L101279,2026-06-06,Inbound,Locadora B,Sudeste,Supervisor C,SDR C,,,,,,Lead,0.0,0.0,6,5,0,0,0,0
L101280,2026-05-14,Crossover,Locadora A,Norte,Supervisor C,SDR F,,,,,,Lead,0.0,0.0,6,5,0,0,0,0
L101281,2026-05-14,Inbound,Locadora B,Nordeste,Supervisor D,SDR C,,,,,,Lead,0.0,0.0,6,5,0,0,0,0
L101282,2026-03-13,Inbound,Locadora A,Sudeste,Supervisor A,SDR D,,,,,,Lead,0.0,0.0,6,5,0,0,0,0
L101283,2026-05-25,Crossover,Locadora B,Sul,Supervisor B,SDR H,2026-05-29,2026-05-31,,,,Análise de Crédito,0.0,0.0,6,5,1,0,0,0
L101284,2026-03-11,C2C,Locadora A,Centro-Oeste,Supervisor B,SDR D,,,,,,Lead,0.0,0.0,6,5,0,0,0,0
L101285,2026-01-09,Crossover,Locadora A,Centro-Oeste,Supervisor C,SDR C,,,,,,Lead,0.0,0.0,6,5,0,0,0,0
L101286,2026-06-14,C2C,Locadora B,Sul,Supervisor D,SDR G,2026-06-15,2026-06-16,,,,Análise de Crédito,0.0,0.0,6,5,1,0,0,0
L101287,2026-02-12,Inbound,Locadora B,Sul,Supervisor B,SDR F,,,,,,Lead,0.0,0.0,6,5,0,0,0,0
L101288,2026-01-19,C2C,Locadora A,Sudeste,Supervisor B,SDR G,,,,,,Lead,0.0,0.0,6,5,0,0,0,0
L101289,2026-04-23,Inbound,Locadora A,Sul,Supervisor A,SDR C,,,,,,Lead,0.0,0.0,6,5,0,0,0,0
L101290,2026-02-12,Crossover,Locadora A,Sudeste,Supervisor C,SDR G,,,,,,Lead,0.0,0.0,6,5,0,0,0,0
L101291,2026-06-05,Crossover,Locadora A,Sudeste,Supervisor B,SDR H,,,,,,Lead,0.0,0.0,6,5,0,0,0,0
L101292,2026-03-22,Crossover,Locadora B,Sudeste,Supervisor C,SDR B,,,,,,Lead,0.0,0.0,6,5,0,0,0,0
L101293,2026-01-01,Inbound,Locadora A,Centro-Oeste,Supervisor D,SDR B,,,,,,Lead,0.0,0.0,6,5,0,0,0,0
L101294,2026-06-22,Farmer,Locadora A,Sudeste,Supervisor C,SDR E,2026-06-25,2026-06-28,2026-06-29,,,Aprovado,0.0,0.0,6,5,1,1,0,0
L101295,2026-04-04,Inbound,Locadora A,Sudeste,Supervisor A,SDR F,,,,,,Lead,0.0,0.0,6,5,0,0,0,0
L101296,2026-02-17,Inbound,Locadora A,Sudeste,Supervisor D,SDR A,,,,,,Lead,0.0,0.0,6,5,0,0,0,0
L101297,2026-05-03,Inbound,Locadora A,Norte,Supervisor B,SDR E,,,,,,Lead,0.0,0.0,6,5,0,0,0,0
L101298,2026-04-07,Inbound,Locadora A,Sudeste,Supervisor B,SDR B,,,,,,Lead,0.0,0.0,6,5,0,0,0,0
L101299,2026-01-06,Inbound,Locadora B,Sudeste,Supervisor D,SDR H,,,,,,Lead,0.0,0.0,6,5,0,0,0,0
L101300,2026-05-18,Inbound,Locadora A,Sudeste,Supervisor C,SDR F,,,,,,Lead,0.0,0.0,6,5,0,0,0,0
L101301,2026-03-14,Inbound,Locadora A,Centro-Oeste,Supervisor D,SDR H,,,,,,Lead,0.0,0.0,6,5,0,0,0,0
L101302,2026-05-07,C2C,Locadora A,Sudeste,Supervisor D,SDR B,,,,,,Lead,0.0,0.0,6,5,0,0,0,0
L101303,2026-06-12,Inbound,Locadora A,Sudeste,Supervisor B,SDR G,,,,,,Lead,0.0,0.0,6,5,0,0,0,0
L101304,2026-04-21,Crossover,Locadora B,Nordeste,Supervisor D,SDR D,2026-04-22,2026-04-23,2026-04-27,,,Aprovado,0.0,0.0,6,5,1,1,0,0
L101305,2026-05-02,Crossover,Locadora A,Centro-Oeste,Supervisor A,SDR A,,,,,,Lead,0.0,0.0,6,5,0,0,0,0
L101306,2026-02-16,Inbound,Locadora A,Sul,Supervisor D,SDR D,,,,,,Lead,0.0,0.0,6,5,0,0,0,0
L101307,2026-02-13,Inbound,Locadora A,Sul,Supervisor D,SDR D,,,,,,Lead,0.0,0.0,6,5,0,0,0,0
L101308,2026-03-17,C2C,Locadora A,Norte,Supervisor A,SDR E,,,,,,Lead,0.0,0.0,6,5,0,0,0,0
L101309,2026-06-04,Inbound,Locadora A,Norte,Supervisor A,SDR G,2026-06-05,2026-06-07,,,,Análise de Crédito,0.0,0.0,6,5,1,0,0,0
L101310,2026-04-05,Inbound,Locadora A,Centro-Oeste,Supervisor A,SDR C,,,,,,Lead,0.0,0.0,6,5,0,0,0,0
L101311,2026-03-04,Farmer,Locadora A,Centro-Oeste,Supervisor B,SDR F,,,,,,Lead,0.0,0.0,6,5,0,0,0,0
L101312,2026-05-22,Inbound,Locadora A,Nordeste,Supervisor D,SDR B,2026-05-27,2026-05-30,,,,Análise de Crédito,0.0,0.0,6,5,1,0,0,0
L101313,2026-06-04,Farmer,Locadora B,Norte,Supervisor A,SDR H,,,,,,Lead,0.0,0.0,6,5,0,0,0,0
L101314,2026-06-13,Crossover,Locadora A,Sudeste,Supervisor A,SDR D,,,,,,Lead,0.0,0.0,6,5,0,0,0,0
L101315,2026-02-24,Inbound,Locadora B,Norte,Supervisor B,SDR G,,,,,,Lead,0.0,0.0,6,5,0,0,0,0
L101316,2026-05-09,C2C,Locadora A,Centro-Oeste,Supervisor B,SDR C,,,,,,Lead,0.0,0.0,6,5,0,0,0,0
L101317,2026-04-17,Farmer,Locadora A,Sul,Supervisor C,SDR C,,,,,,Lead,0.0,0.0,6,5,0,0,0,0
L101318,2026-03-23,C2C,Locadora B,Sudeste,Supervisor C,SDR H,,,,,,Lead,0.0,0.0,6,5,0,0,0,0
L101319,2026-03-13,Inbound,Locadora A,Sudeste,Supervisor D,SDR B,,,,,,Lead,0.0,0.0,6,5,0,0,0,0
L101320,2026-01-21,C2C,Locadora B,Nordeste,Supervisor B,SDR E,,,,,,Lead,0.0,0.0,6,5,0,0,0,0
L101321,2026-02-19,Inbound,Locadora A,Centro-Oeste,Supervisor B,SDR C,,,,,,Lead,0.0,0.0,6,5,0,0,0,0
L101322,2026-04-10,Inbound,Locadora A,Sudeste,Supervisor A,SDR D,,,,,,Lead,0.0,0.0,6,5,0,0,0,0
L101323,2026-06-10,Crossover,Locadora A,Sul,Supervisor D,SDR F,,,,,,Lead,0.0,0.0,6,5,0,0,0,0
L101324,2026-06-06,Inbound,Locadora A,Sudeste,Supervisor A,SDR G,,,,,,Lead,0.0,0.0,6,5,0,0,0,0
L101325,2026-02-03,Inbound,Locadora A,Sul,Supervisor C,SDR D,,,,,,Lead,0.0,0.0,6,5,0,0,0,0
L101326,2026-05-03,Crossover,Locadora A,Sul,Supervisor D,SDR F,,,,,,Lead,0.0,0.0,6,5,0,0,0,0
L101327,2026-01-16,Farmer,Locadora A,Sul,Supervisor C,SDR A,,,,,,Lead,0.0,0.0,6,5,0,0,0,0
L101328,2026-05-03,C2C,Locadora A,Sudeste,Supervisor C,SDR B,,,,,,Lead,0.0,0.0,6,5,0,0,0,0
L101329,2026-03-03,C2C,Locadora B,Sudeste,Supervisor A,SDR F,2026-03-04,2026-03-07,2026-03-08,,,Aprovado,0.0,0.0,6,5,1,1,0,0
L101330,2026-03-23,Crossover,Locadora A,Sudeste,Supervisor C,SDR F,,,,,,Lead,0.0,0.0,6,5,0,0,0,0
L101331,2026-05-10,C2C,Locadora B,Sul,Supervisor A,SDR A,,,,,,Lead,0.0,0.0,6,5,0,0,0,0
L101332,2026-03-18,Crossover,Locadora A,Norte,Supervisor C,SDR H,,,,,,Lead,0.0,0.0,6,5,0,0,0,0
L101333,2026-05-27,Inbound,Locadora A,Centro-Oeste,Supervisor C,SDR D,2026-05-28,2026-06-01,2026-06-02,2026-06-09,2026-06-13,Assinado,114073.12,99348.04,6,5,1,1,1,1
L101334,2026-04-07,C2C,Locadora A,Centro-Oeste,Supervisor B,SDR C,,,,,,Lead,0.0,0.0,6,5,0,0,0,0
L101335,2026-06-30,Crossover,Locadora B,Sudeste,Supervisor C,SDR D,,,,,,Lead,0.0,0.0,6,5,0,0,0,0
L101336,2026-04-26,Crossover,Locadora A,Sudeste,Supervisor C,SDR D,2026-05-01,2026-05-02,2026-05-03,2026-05-05,,Formalizado,121563.4,0.0,6,5,1,1,1,0
L101337,2026-02-23,Crossover,Locadora B,Nordeste,Supervisor A,SDR E,,,,,,Lead,0.0,0.0,6,5,0,0,0,0
L101338,2026-05-21,Inbound,Locadora A,Sul,Supervisor B,SDR B,,,,,,Lead,0.0,0.0,6,5,0,0,0,0
L101339,2026-03-15,Farmer,Locadora A,Sudeste,Supervisor B,SDR B,2026-03-20,2026-03-24,2026-03-28,2026-04-03,2026-04-12,Assinado,62303.37,55300.21,6,5,1,1,1,1
L101340,2026-04-07,Crossover,Locadora B,Sul,Supervisor A,SDR H,,,,,,Lead,0.0,0.0,6,5,0,0,0,0
L101341,2026-01-25,Crossover,Locadora B,Centro-Oeste,Supervisor B,SDR F,,,,,,Lead,0.0,0.0,6,5,0,0,0,0
L101342,2026-01-22,Inbound,Locadora A,Sudeste,Supervisor A,SDR C,,,,,,Lead,0.0,0.0,6,5,0,0,0,0
L101343,2026-04-15,Inbound,Locadora B,Sudeste,Supervisor B,SDR G,,,,,,Lead,0.0,0.0,6,5,0,0,0,0
L101344,2026-02-03,Farmer,Locadora A,Sul,Supervisor A,SDR G,,,,,,Lead,0.0,0.0,6,5,0,0,0,0
L101345,2026-06-30,C2C,Locadora B,Sudeste,Supervisor A,SDR F,,,,,,Lead,0.0,0.0,6,5,0,0,0,0
L101346,2026-06-04,Farmer,Locadora A,Sudeste,Supervisor D,SDR F,2026-06-08,2026-06-10,2026-06-12,,,Aprovado,0.0,0.0,6,5,1,1,0,0
L101347,2026-05-07,C2C,Locadora A,Nordeste,Supervisor A,SDR H,,,,,,Lead,0.0,0.0,6,5,0,0,0,0
L101348,2026-05-13,Inbound,Locadora A,Norte,Supervisor A,SDR G,,,,,,Lead,0.0,0.0,6,5,0,0,0,0
L101349,2026-04-18,C2C,Locadora B,Sudeste,Supervisor B,SDR C,,,,,,Lead,0.0,0.0,6,5,0,0,0,0
L101350,2026-01-11,Inbound,Locadora A,Sudeste,Supervisor A,SDR F,,,,,,Lead,0.0,0.0,6,5,0,0,0,0
L101351,2026-03-13,Crossover,Locadora A,Sul,Supervisor D,SDR B,2026-03-17,2026-03-21,,,,Análise de Crédito,0.0,0.0,6,5,1,0,0,0
L101352,2026-03-31,Inbound,Locadora A,Sudeste,Supervisor D,SDR E,,,,,,Lead,0.0,0.0,6,5,0,0,0,0
L101353,2026-06-15,Crossover,Locadora A,Nordeste,Supervisor D,SDR A,2026-06-17,2026-06-21,,,,Análise de Crédito,0.0,0.0,6,5,1,0,0,0
L101354,2026-02-09,C2C,Locadora A,Centro-Oeste,Supervisor D,SDR B,,,,,,Lead,0.0,0.0,6,5,0,0,0,0
L101355,2026-03-31,Inbound,Locadora A,Sudeste,Supervisor A,SDR F,,,,,,Lead,0.0,0.0,6,5,0,0,0,0
L101356,2026-03-04,C2C,Locadora A,Centro-Oeste,Supervisor C,SDR C,,,,,,Lead,0.0,0.0,6,5,0,0,0,0
L101357,2026-01-25,Inbound,Locadora A,Sudeste,Supervisor A,SDR B,2026-01-30,2026-02-02,2026-02-06,,,Aprovado,0.0,0.0,6,5,1,1,0,0
L101358,2026-01-19,Inbound,Locadora A,Sul,Supervisor B,SDR H,,,,,,Lead,0.0,0.0,6,5,0,0,0,0
L101359,2026-03-08,Farmer,Locadora A,Norte,Supervisor B,SDR H,,,,,,Lead,0.0,0.0,6,5,0,0,0,0
L101360,2026-01-15,Inbound,Locadora B,Sudeste,Supervisor C,SDR B,,,,,,Lead,0.0,0.0,6,5,0,0,0,0
L101361,2026-01-13,Inbound,Locadora A,Sudeste,Supervisor B,SDR E,,,,,,Lead,0.0,0.0,6,5,0,0,0,0
L101362,2026-03-05,Inbound,Locadora A,Nordeste,Supervisor B,SDR C,,,,,,Lead,0.0,0.0,6,5,0,0,0,0
L101363,2026-02-06,C2C,Locadora A,Sul,Supervisor D,SDR G,,,,,,Lead,0.0,0.0,6,5,0,0,0,0
L101364,2026-04-11,Farmer,Locadora A,Sudeste,Supervisor A,SDR F,,,,,,Lead,0.0,0.0,6,5,0,0,0,0
L101365,2026-01-04,Crossover,Locadora A,Sudeste,Supervisor B,SDR D,,,,,,Lead,0.0,0.0,6,5,0,0,0,0
L101366,2026-02-24,Inbound,Locadora B,Sudeste,Supervisor B,SDR H,,,,,,Lead,0.0,0.0,6,5,0,0,0,0
L101367,2026-03-24,Inbound,Locadora A,Sul,Supervisor D,SDR F,,,,,,Lead,0.0,0.0,6,5,0,0,0,0
L101368,2026-06-24,Crossover,Locadora A,Sudeste,Supervisor C,SDR B,,,,,,Lead,0.0,0.0,6,5,0,0,0,0
L101369,2026-04-25,Inbound,Locadora B,Sudeste,Supervisor A,SDR D,,,,,,Lead,0.0,0.0,6,5,0,0,0,0
L101370,2026-06-09,Inbound,Locadora A,Sudeste,Supervisor A,SDR G,,,,,,Lead,0.0,0.0,6,5,0,0,0,0
L101371,2026-03-04,Crossover,Locadora A,Centro-Oeste,Supervisor D,SDR E,,,,,,Lead,0.0,0.0,6,5,0,0,0,0
L101372,2026-03-23,Inbound,Locadora A,Nordeste,Supervisor D,SDR A,2026-03-27,2026-03-28,2026-03-30,,,Aprovado,0.0,0.0,6,5,1,1,0,0
L101373,2026-03-18,Inbound,Locadora A,Centro-Oeste,Supervisor D,SDR G,2026-03-23,2026-03-24,2026-03-26,2026-04-01,2026-04-09,Assinado,43291.06,39729.76,6,5,1,1,1,1
L101374,2026-06-10,Inbound,Locadora A,Centro-Oeste,Supervisor A,SDR D,2026-06-11,2026-06-13,2026-06-16,,,Aprovado,0.0,0.0,6,5,1,1,0,0
L101375,2026-06-23,Inbound,Locadora B,Nordeste,Supervisor C,SDR B,,,,,,Lead,0.0,0.0,6,5,0,0,0,0
L101376,2026-06-24,Farmer,Locadora A,Sudeste,Supervisor C,SDR G,2026-06-25,2026-06-29,2026-07-03,,,Aprovado,0.0,0.0,6,5,1,1,0,0
L101377,2026-05-17,Inbound,Locadora A,Sudeste,Supervisor D,SDR H,,,,,,Lead,0.0,0.0,6,5,0,0,0,0
L101378,2026-04-02,C2C,Locadora A,Sudeste,Supervisor B,SDR E,,,,,,Lead,0.0,0.0,6,5,0,0,0,0
L101379,2026-04-08,Crossover,Locadora A,Sudeste,Supervisor B,SDR F,,,,,,Lead,0.0,0.0,6,5,0,0,0,0
L101380,2026-06-27,Inbound,Locadora A,Norte,Supervisor C,SDR B,,,,,,Lead,0.0,0.0,6,5,0,0,0,0
L101381,2026-02-21,Inbound,Locadora A,Sudeste,Supervisor A,SDR F,,,,,,Lead,0.0,0.0,6,5,0,0,0,0
L101382,2026-03-04,Inbound,Locadora A,Nordeste,Supervisor C,SDR H,,,,,,Lead,0.0,0.0,6,5,0,0,0,0
L101383,2026-06-12,Inbound,Locadora B,Sudeste,Supervisor B,SDR B,,,,,,Lead,0.0,0.0,6,5,0,0,0,0
L101384,2026-03-11,C2C,Locadora B,Sudeste,Supervisor A,SDR H,,,,,,Lead,0.0,0.0,6,5,0,0,0,0
L101385,2026-02-12,C2C,Locadora A,Sudeste,Supervisor D,SDR A,,,,,,Lead,0.0,0.0,6,5,0,0,0,0
L101386,2026-04-12,Inbound,Locadora A,Sudeste,Supervisor B,SDR D,,,,,,Lead,0.0,0.0,6,5,0,0,0,0
L101387,2026-02-28,Crossover,Locadora A,Sudeste,Supervisor D,SDR A,,,,,,Lead,0.0,0.0,6,5,0,0,0,0
L101388,2026-06-11,Farmer,Locadora A,Centro-Oeste,Supervisor B,SDR D,2026-06-14,2026-06-15,2026-06-17,,,Aprovado,0.0,0.0,6,5,1,1,0,0
L101389,2026-06-14,Inbound,Locadora A,Sul,Supervisor B,SDR F,,,,,,Lead,0.0,0.0,6,5,0,0,0,0
L101390,2026-02-25,Inbound,Locadora A,Nordeste,Supervisor B,SDR G,2026-03-02,2026-03-04,2026-03-05,,,Aprovado,0.0,0.0,6,5,1,1,0,0
L101391,2026-04-06,Farmer,Locadora B,Nordeste,Supervisor C,SDR B,,,,,,Lead,0.0,0.0,6,5,0,0,0,0
L101392,2026-06-28,Inbound,Locadora A,Sul,Supervisor A,SDR H,,,,,,Lead,0.0,0.0,6,5,0,0,0,0
L101393,2026-05-15,Inbound,Locadora A,Norte,Supervisor A,SDR H,,,,,,Lead,0.0,0.0,6,5,0,0,0,0
L101394,2026-02-09,Inbound,Locadora A,Sudeste,Supervisor A,SDR A,,,,,,Lead,0.0,0.0,6,5,0,0,0,0
L101395,2026-04-17,Inbound,Locadora A,Sudeste,Supervisor A,SDR H,,,,,,Lead,0.0,0.0,6,5,0,0,0,0
L101396,2026-04-23,Inbound,Locadora A,Sudeste,Supervisor B,SDR H,,,,,,Lead,0.0,0.0,6,5,0,0,0,0
L101397,2026-04-29,Farmer,Locadora A,Sul,Supervisor C,SDR A,2026-04-30,2026-05-01,2026-05-05,2026-05-07,2026-05-12,Assinado,72920.6,64760.86,6,5,1,1,1,1
L101398,2026-01-05,Crossover,Locadora B,Sul,Supervisor D,SDR A,,,,,,Lead,0.0,0.0,6,5,0,0,0,0
L101399,2026-02-24,Farmer,Locadora B,Sul,Supervisor B,SDR F,,,,,,Lead,0.0,0.0,6,5,0,0,0,0
L101400,2026-06-04,Farmer,Locadora B,Nordeste,Supervisor B,SDR D,,,,,,Lead,0.0,0.0,6,5,0,0,0,0
L101401,2026-02-13,Farmer,Locadora A,Sudeste,Supervisor A,SDR C,,,,,,Lead,0.0,0.0,6,5,0,0,0,0
L101402,2026-02-24,Crossover,Locadora A,Nordeste,Supervisor A,SDR D,,,,,,Lead,0.0,0.0,6,5,0,0,0,0
L101403,2026-02-28,Inbound,Locadora A,Sul,Supervisor D,SDR C,,,,,,Lead,0.0,0.0,6,5,0,0,0,0
L101404,2026-02-02,Inbound,Locadora A,Sul,Supervisor C,SDR H,2026-02-07,2026-02-11,,,,Análise de Crédito,0.0,0.0,6,5,1,0,0,0
L101405,2026-01-29,Inbound,Locadora A,Sudeste,Supervisor C,SDR B,2026-01-30,2026-02-02,2026-02-06,2026-02-11,2026-02-19,Assinado,52877.98,45887.32,6,5,1,1,1,1
L101406,2026-03-04,C2C,Locadora B,Sudeste,Supervisor B,SDR A,,,,,,Lead,0.0,0.0,6,5,0,0,0,0
L101407,2026-06-08,Inbound,Locadora A,Sudeste,Supervisor C,SDR G,2026-06-13,2026-06-15,2026-06-18,,,Aprovado,0.0,0.0,6,5,1,1,0,0
L101408,2026-01-01,C2C,Locadora A,Centro-Oeste,Supervisor D,SDR G,,,,,,Lead,0.0,0.0,6,5,0,0,0,0
L101409,2026-02-21,Inbound,Locadora A,Sul,Supervisor A,SDR H,,,,,,Lead,0.0,0.0,6,5,0,0,0,0
L101410,2026-01-11,Inbound,Locadora A,Sudeste,Supervisor B,SDR H,,,,,,Lead,0.0,0.0,6,5,0,0,0,0
L101411,2026-04-12,Crossover,Locadora A,Centro-Oeste,Supervisor A,SDR A,2026-04-13,2026-04-15,2026-04-16,,,Aprovado,0.0,0.0,6,5,1,1,0,0
L101412,2026-02-15,Farmer,Locadora A,Centro-Oeste,Supervisor A,SDR G,2026-02-17,2026-02-21,2026-02-25,2026-03-01,2026-03-02,Assinado,56711.5,54384.52,6,5,1,1,1,1
L101413,2026-05-24,Crossover,Locadora A,Norte,Supervisor C,SDR C,,,,,,Lead,0.0,0.0,6,5,0,0,0,0
L101414,2026-04-16,Inbound,Locadora A,Sul,Supervisor C,SDR D,,,,,,Lead,0.0,0.0,6,5,0,0,0,0
L101415,2026-05-22,Farmer,Locadora B,Centro-Oeste,Supervisor D,SDR D,2026-05-24,2026-05-28,,,,Análise de Crédito,0.0,0.0,6,5,1,0,0,0
L101416,2026-04-25,Inbound,Locadora A,Sul,Supervisor A,SDR H,,,,,,Lead,0.0,0.0,6,5,0,0,0,0
L101417,2026-03-21,Crossover,Locadora A,Centro-Oeste,Supervisor A,SDR E,2026-03-26,2026-03-28,2026-04-01,,,Aprovado,0.0,0.0,6,5,1,1,0,0
L101418,2026-06-05,Crossover,Locadora A,Sudeste,Supervisor C,SDR B,,,,,,Lead,0.0,0.0,6,5,0,0,0,0
L101419,2026-03-28,Inbound,Locadora A,Sudeste,Supervisor D,SDR A,,,,,,Lead,0.0,0.0,6,5,0,0,0,0
L101420,2026-06-21,Inbound,Locadora A,Norte,Supervisor D,SDR E,,,,,,Lead,0.0,0.0,6,5,0,0,0,0
L101421,2026-06-30,Inbound,Locadora A,Centro-Oeste,Supervisor D,SDR G,,,,,,Lead,0.0,0.0,6,5,0,0,0,0
L101422,2026-04-17,Inbound,Locadora A,Sul,Supervisor D,SDR F,,,,,,Lead,0.0,0.0,6,5,0,0,0,0
L101423,2026-05-03,Inbound,Locadora A,Sul,Supervisor D,SDR H,,,,,,Lead,0.0,0.0,6,5,0,0,0,0
L101424,2026-02-16,Inbound,Locadora A,Centro-Oeste,Supervisor B,SDR A,,,,,,Lead,0.0,0.0,6,5,0,0,0,0
L101425,2026-05-28,Inbound,Locadora A,Sudeste,Supervisor C,SDR D,,,,,,Lead,0.0,0.0,6,5,0,0,0,0
L101426,2026-05-02,Inbound,Locadora A,Sudeste,Supervisor C,SDR E,,,,,,Lead,0.0,0.0,6,5,0,0,0,0
L101427,2026-06-13,Crossover,Locadora B,Sudeste,Supervisor B,SDR G,,,,,,Lead,0.0,0.0,6,5,0,0,0,0
L101428,2026-02-18,Inbound,Locadora A,Sudeste,Supervisor D,SDR C,,,,,,Lead,0.0,0.0,6,5,0,0,0,0
L101429,2026-05-23,Crossover,Locadora A,Sudeste,Supervisor D,SDR F,,,,,,Lead,0.0,0.0,6,5,0,0,0,0
L101430,2026-03-27,Inbound,Locadora A,Centro-Oeste,Supervisor C,SDR B,,,,,,Lead,0.0,0.0,6,5,0,0,0,0
L101431,2026-02-03,C2C,Locadora A,Sudeste,Supervisor B,SDR E,,,,,,Lead,0.0,0.0,6,5,0,0,0,0
L101432,2026-01-31,C2C,Locadora A,Nordeste,Supervisor D,SDR G,,,,,,Lead,0.0,0.0,6,5,0,0,0,0
L101433,2026-04-12,Inbound,Locadora A,Nordeste,Supervisor A,SDR G,,,,,,Lead,0.0,0.0,6,5,0,0,0,0
L101434,2026-02-27,Inbound,Locadora A,Sudeste,Supervisor A,SDR D,,,,,,Lead,0.0,0.0,6,5,0,0,0,0
L101435,2026-01-19,Inbound,Locadora B,Centro-Oeste,Supervisor B,SDR D,,,,,,Lead,0.0,0.0,6,5,0,0,0,0
L101436,2026-03-19,C2C,Locadora A,Sul,Supervisor A,SDR H,,,,,,Lead,0.0,0.0,6,5,0,0,0,0
L101437,2026-04-29,Inbound,Locadora B,Nordeste,Supervisor B,SDR E,,,,,,Lead,0.0,0.0,6,5,0,0,0,0
L101438,2026-02-27,Inbound,Locadora B,Sul,Supervisor B,SDR C,2026-03-02,2026-03-03,2026-03-07,2026-03-08,2026-03-16,Assinado,137963.06,131226.05,6,5,1,1,1,1
L101439,2026-06-22,Inbound,Locadora A,Sudeste,Supervisor C,SDR C,,,,,,Lead,0.0,0.0,6,5,0,0,0,0
L101440,2026-05-22,Crossover,Locadora A,Sudeste,Supervisor B,SDR F,,,,,,Lead,0.0,0.0,6,5,0,0,0,0
L101441,2026-04-03,Inbound,Locadora A,Nordeste,Supervisor D,SDR F,,,,,,Lead,0.0,0.0,6,5,0,0,0,0
L101442,2026-06-19,C2C,Locadora B,Sudeste,Supervisor B,SDR E,,,,,,Lead,0.0,0.0,6,5,0,0,0,0
L101443,2026-03-20,C2C,Locadora A,Nordeste,Supervisor B,SDR B,2026-03-21,2026-03-23,,,,Análise de Crédito,0.0,0.0,6,5,1,0,0,0
L101444,2026-01-26,Crossover,Locadora A,Sudeste,Supervisor C,SDR B,,,,,,Lead,0.0,0.0,6,5,0,0,0,0
L101445,2026-01-07,Inbound,Locadora A,Centro-Oeste,Supervisor B,SDR B,2026-01-09,2026-01-13,2026-01-15,,,Aprovado,0.0,0.0,6,5,1,1,0,0
L101446,2026-06-19,Inbound,Locadora B,Sudeste,Supervisor C,SDR A,,,,,,Lead,0.0,0.0,6,5,0,0,0,0
L101447,2026-06-23,Inbound,Locadora A,Sudeste,Supervisor D,SDR D,,,,,,Lead,0.0,0.0,6,5,0,0,0,0
L101448,2026-05-14,Inbound,Locadora A,Sudeste,Supervisor B,SDR D,,,,,,Lead,0.0,0.0,6,5,0,0,0,0
L101449,2026-01-19,Crossover,Locadora A,Sudeste,Supervisor A,SDR D,2026-01-24,2026-01-25,,,,Análise de Crédito,0.0,0.0,6,5,1,0,0,0
L101450,2026-02-23,C2C,Locadora A,Centro-Oeste,Supervisor A,SDR H,,,,,,Lead,0.0,0.0,6,5,0,0,0,0
L101451,2026-01-08,C2C,Locadora B,Centro-Oeste,Supervisor A,SDR B,,,,,,Lead,0.0,0.0,6,5,0,0,0,0
L101452,2026-01-10,Inbound,Locadora B,Sudeste,Supervisor B,SDR G,,,,,,Lead,0.0,0.0,6,5,0,0,0,0
L101453,2026-02-14,Inbound,Locadora A,Sul,Supervisor D,SDR B,,,,,,Lead,0.0,0.0,6,5,0,0,0,0
L101454,2026-04-14,Inbound,Locadora A,Sudeste,Supervisor B,SDR E,,,,,,Lead,0.0,0.0,6,5,0,0,0,0
L101455,2026-01-12,Inbound,Locadora B,Centro-Oeste,Supervisor D,SDR G,2026-01-16,2026-01-18,2026-01-19,2026-01-26,2026-02-03,Assinado,68816.89,58725.74,6,5,1,1,1,1
L101456,2026-06-28,Crossover,Locadora A,Nordeste,Supervisor D,SDR G,,,,,,Lead,0.0,0.0,6,5,0,0,0,0
L101457,2026-03-24,Inbound,Locadora A,Nordeste,Supervisor C,SDR E,,,,,,Lead,0.0,0.0,6,5,0,0,0,0
L101458,2026-02-17,Crossover,Locadora A,Nordeste,Supervisor D,SDR B,,,,,,Lead,0.0,0.0,6,5,0,0,0,0
L101459,2026-04-04,C2C,Locadora A,Sudeste,Supervisor B,SDR D,,,,,,Lead,0.0,0.0,6,5,0,0,0,0
L101460,2026-05-24,Inbound,Locadora B,Sudeste,Supervisor D,SDR D,,,,,,Lead,0.0,0.0,6,5,0,0,0,0
L101461,2026-02-26,Inbound,Locadora A,Nordeste,Supervisor C,SDR G,2026-02-28,2026-03-03,2026-03-05,,,Aprovado,0.0,0.0,6,5,1,1,0,0
L101462,2026-01-09,Inbound,Locadora A,Sudeste,Supervisor A,SDR D,,,,,,Lead,0.0,0.0,6,5,0,0,0,0
L101463,2026-01-10,C2C,Locadora A,Sudeste,Supervisor D,SDR G,2026-01-15,2026-01-17,,,,Análise de Crédito,0.0,0.0,6,5,1,0,0,0
L101464,2026-06-04,Inbound,Locadora A,Sudeste,Supervisor D,SDR H,,,,,,Lead,0.0,0.0,6,5,0,0,0,0
L101465,2026-01-21,Crossover,Locadora B,Centro-Oeste,Supervisor D,SDR A,,,,,,Lead,0.0,0.0,6,5,0,0,0,0
L101466,2026-04-26,Inbound,Locadora A,Centro-Oeste,Supervisor B,SDR H,,,,,,Lead,0.0,0.0,6,5,0,0,0,0
L101467,2026-03-11,Inbound,Locadora A,Norte,Supervisor A,SDR E,,,,,,Lead,0.0,0.0,6,5,0,0,0,0
L101468,2026-05-21,C2C,Locadora A,Sudeste,Supervisor C,SDR E,,,,,,Lead,0.0,0.0,6,5,0,0,0,0
L101469,2026-01-11,Inbound,Locadora A,Sudeste,Supervisor D,SDR C,,,,,,Lead,0.0,0.0,6,5,0,0,0,0
L101470,2026-06-12,C2C,Locadora A,Sudeste,Supervisor D,SDR C,,,,,,Lead,0.0,0.0,6,5,0,0,0,0
L101471,2026-05-07,Inbound,Locadora A,Nordeste,Supervisor C,SDR E,,,,,,Lead,0.0,0.0,6,5,0,0,0,0
L101472,2026-03-23,Inbound,Locadora B,Sudeste,Supervisor D,SDR B,2026-03-28,2026-03-29,2026-03-30,2026-04-04,,Formalizado,59691.05,0.0,6,5,1,1,1,0
L101473,2026-02-07,Crossover,Locadora B,Norte,Supervisor A,SDR F,2026-02-09,2026-02-13,,,,Análise de Crédito,0.0,0.0,6,5,1,0,0,0
L101474,2026-06-26,Inbound,Locadora A,Sul,Supervisor C,SDR F,,,,,,Lead,0.0,0.0,6,5,0,0,0,0
L101475,2026-02-24,Inbound,Locadora A,Nordeste,Supervisor A,SDR A,,,,,,Lead,0.0,0.0,6,5,0,0,0,0
L101476,2026-03-30,Inbound,Locadora A,Nordeste,Supervisor C,SDR B,,,,,,Lead,0.0,0.0,6,5,0,0,0,0
L101477,2026-03-13,Inbound,Locadora A,Sul,Supervisor A,SDR E,,,,,,Lead,0.0,0.0,6,5,0,0,0,0
L101478,2026-02-11,C2C,Locadora A,Centro-Oeste,Supervisor C,SDR F,,,,,,Lead,0.0,0.0,6,5,0,0,0,0
L101479,2026-03-17,C2C,Locadora B,Sudeste,Supervisor D,SDR C,,,,,,Lead,0.0,0.0,6,5,0,0,0,0
L101480,2026-01-28,Inbound,Locadora B,Nordeste,Supervisor A,SDR H,,,,,,Lead,0.0,0.0,6,5,0,0,0,0
L101481,2026-01-01,Inbound,Locadora A,Nordeste,Supervisor B,SDR E,,,,,,Lead,0.0,0.0,6,5,0,0,0,0
L101482,2026-02-22,Farmer,Locadora B,Sul,Supervisor A,SDR E,,,,,,Lead,0.0,0.0,6,5,0,0,0,0
L101483,2026-01-21,Inbound,Locadora A,Sudeste,Supervisor C,SDR A,,,,,,Lead,0.0,0.0,6,5,0,0,0,0
L101484,2026-03-17,C2C,Locadora A,Norte,Supervisor D,SDR F,,,,,,Lead,0.0,0.0,6,5,0,0,0,0
L101485,2026-06-06,Inbound,Locadora A,Norte,Supervisor A,SDR G,,,,,,Lead,0.0,0.0,6,5,0,0,0,0
L101486,2026-01-30,Farmer,Locadora A,Sul,Supervisor C,SDR B,2026-02-03,2026-02-04,2026-02-07,,,Aprovado,0.0,0.0,6,5,1,1,0,0
L101487,2026-01-01,Crossover,Locadora A,Norte,Supervisor D,SDR E,2026-01-03,2026-01-04,2026-01-07,2026-01-11,2026-01-13,Assinado,83193.61,70415.81,6,5,1,1,1,1
L101488,2026-01-21,Inbound,Locadora B,Sul,Supervisor A,SDR A,,,,,,Lead,0.0,0.0,6,5,0,0,0,0
L101489,2026-04-02,Inbound,Locadora A,Sudeste,Supervisor B,SDR B,,,,,,Lead,0.0,0.0,6,5,0,0,0,0
L101490,2026-02-19,Inbound,Locadora A,Sul,Supervisor A,SDR A,,,,,,Lead,0.0,0.0,6,5,0,0,0,0
L101491,2026-03-30,C2C,Locadora A,Sudeste,Supervisor D,SDR G,,,,,,Lead,0.0,0.0,6,5,0,0,0,0
L101492,2026-01-06,C2C,Locadora B,Sul,Supervisor C,SDR H,,,,,,Lead,0.0,0.0,6,5,0,0,0,0
L101493,2026-03-02,Crossover,Locadora A,Centro-Oeste,Supervisor C,SDR A,2026-03-06,2026-03-08,,,,Análise de Crédito,0.0,0.0,6,5,1,0,0,0
L101494,2026-03-16,Inbound,Locadora B,Sudeste,Supervisor D,SDR F,,,,,,Lead,0.0,0.0,6,5,0,0,0,0
L101495,2026-03-20,Inbound,Locadora B,Sudeste,Supervisor D,SDR E,,,,,,Lead,0.0,0.0,6,5,0,0,0,0
L101496,2026-04-10,Inbound,Locadora A,Centro-Oeste,Supervisor B,SDR F,2026-04-13,2026-04-14,,,,Análise de Crédito,0.0,0.0,6,5,1,0,0,0
L101497,2026-05-22,Inbound,Locadora A,Nordeste,Supervisor C,SDR E,,,,,,Lead,0.0,0.0,6,5,0,0,0,0
L101498,2026-03-26,C2C,Locadora A,Norte,Supervisor B,SDR H,2026-03-29,2026-03-30,2026-04-03,,,Aprovado,0.0,0.0,6,5,1,1,0,0
L101499,2026-06-02,Farmer,Locadora B,Sudeste,Supervisor C,SDR A,,,,,,Lead,0.0,0.0,6,5,0,0,0,0
L101500,2026-04-06,Crossover,Locadora A,Nordeste,Supervisor D,SDR B,,,,,,Lead,0.0,0.0,6,5,0,0,0,0
L101501,2026-02-17,Inbound,Locadora A,Sudeste,Supervisor D,SDR B,,,,,,Lead,0.0,0.0,6,5,0,0,0,0
L101502,2026-02-11,Inbound,Locadora A,Sudeste,Supervisor D,SDR G,,,,,,Lead,0.0,0.0,6,5,0,0,0,0
L101503,2026-02-28,Inbound,Locadora A,Centro-Oeste,Supervisor B,SDR A,2026-03-05,2026-03-06,2026-03-08,,,Aprovado,0.0,0.0,6,5,1,1,0,0
L101504,2026-04-19,Crossover,Locadora B,Sudeste,Supervisor D,SDR A,,,,,,Lead,0.0,0.0,6,5,0,0,0,0
L101505,2026-02-13,Inbound,Locadora A,Nordeste,Supervisor D,SDR F,2026-02-17,2026-02-21,2026-02-25,2026-03-02,,Formalizado,92960.15,0.0,6,5,1,1,1,0
L101506,2026-06-15,Inbound,Locadora A,Sudeste,Supervisor C,SDR D,,,,,,Lead,0.0,0.0,6,5,0,0,0,0
L101507,2026-03-28,Inbound,Locadora A,Sudeste,Supervisor A,SDR F,,,,,,Lead,0.0,0.0,6,5,0,0,0,0
L101508,2026-06-06,Farmer,Locadora A,Sul,Supervisor A,SDR C,,,,,,Lead,0.0,0.0,6,5,0,0,0,0
L101509,2026-05-04,Inbound,Locadora B,Sudeste,Supervisor C,SDR A,,,,,,Lead,0.0,0.0,6,5,0,0,0,0
L101510,2026-03-02,Inbound,Locadora A,Sudeste,Supervisor D,SDR E,2026-03-03,2026-03-05,2026-03-07,2026-03-10,2026-03-11,Assinado,61613.57,56322.92,6,5,1,1,1,1
L101511,2026-02-11,Inbound,Locadora B,Sudeste,Supervisor D,SDR A,,,,,,Lead,0.0,0.0,6,5,0,0,0,0
L101512,2026-05-15,C2C,Locadora A,Sudeste,Supervisor A,SDR D,,,,,,Lead,0.0,0.0,6,5,0,0,0,0
L101513,2026-03-01,Crossover,Locadora A,Centro-Oeste,Supervisor D,SDR H,,,,,,Lead,0.0,0.0,6,5,0,0,0,0
L101514,2026-02-14,Crossover,Locadora B,Sudeste,Supervisor D,SDR B,2026-02-15,2026-02-17,2026-02-20,,,Aprovado,0.0,0.0,6,5,1,1,0,0
L101515,2026-06-18,Inbound,Locadora A,Sul,Supervisor B,SDR B,2026-06-19,2026-06-20,,,,Análise de Crédito,0.0,0.0,6,5,1,0,0,0
L101516,2026-03-29,Inbound,Locadora A,Sul,Supervisor B,SDR H,2026-03-31,2026-04-04,2026-04-06,2026-04-10,2026-04-16,Assinado,65799.23,59428.52,6,5,1,1,1,1
L101517,2026-01-09,Inbound,Locadora A,Sul,Supervisor B,SDR C,2026-01-13,2026-01-14,,,,Análise de Crédito,0.0,0.0,6,5,1,0,0,0
L101518,2026-03-31,Farmer,Locadora A,Sul,Supervisor C,SDR C,,,,,,Lead,0.0,0.0,6,5,0,0,0,0
L101519,2026-03-25,Inbound,Locadora B,Centro-Oeste,Supervisor D,SDR F,,,,,,Lead,0.0,0.0,6,5,0,0,0,0
L101520,2026-06-06,Crossover,Locadora B,Nordeste,Supervisor A,SDR B,,,,,,Lead,0.0,0.0,6,5,0,0,0,0
L101521,2026-05-09,Inbound,Locadora A,Sudeste,Supervisor B,SDR A,,,,,,Lead,0.0,0.0,6,5,0,0,0,0
L101522,2026-02-04,Farmer,Locadora A,Nordeste,Supervisor A,SDR G,,,,,,Lead,0.0,0.0,6,5,0,0,0,0
L101523,2026-01-28,C2C,Locadora A,Sudeste,Supervisor D,SDR H,,,,,,Lead,0.0,0.0,6,5,0,0,0,0
L101524,2026-04-20,Farmer,Locadora B,Sul,Supervisor B,SDR H,,,,,,Lead,0.0,0.0,6,5,0,0,0,0
L101525,2026-01-09,Inbound,Locadora A,Sul,Supervisor B,SDR A,,,,,,Lead,0.0,0.0,6,5,0,0,0,0
L101526,2026-02-27,Farmer,Locadora B,Sudeste,Supervisor A,SDR E,,,,,,Lead,0.0,0.0,6,5,0,0,0,0
L101527,2026-01-26,Inbound,Locadora A,Sudeste,Supervisor A,SDR G,,,,,,Lead,0.0,0.0,6,5,0,0,0,0
L101528,2026-01-04,Inbound,Locadora A,Sudeste,Supervisor B,SDR G,2026-01-05,2026-01-07,,,,Análise de Crédito,0.0,0.0,6,5,1,0,0,0
L101529,2026-06-16,Inbound,Locadora A,Sudeste,Supervisor D,SDR C,2026-06-18,2026-06-19,2026-06-21,,,Aprovado,0.0,0.0,6,5,1,1,0,0
L101530,2026-01-17,Farmer,Locadora A,Sul,Supervisor B,SDR D,,,,,,Lead,0.0,0.0,6,5,0,0,0,0
L101531,2026-01-02,Inbound,Locadora A,Sudeste,Supervisor B,SDR B,,,,,,Lead,0.0,0.0,6,5,0,0,0,0
L101532,2026-06-18,Inbound,Locadora A,Nordeste,Supervisor C,SDR B,,,,,,Lead,0.0,0.0,6,5,0,0,0,0
L101533,2026-02-04,Inbound,Locadora A,Nordeste,Supervisor B,SDR D,,,,,,Lead,0.0,0.0,6,5,0,0,0,0
L101534,2026-05-28,Inbound,Locadora A,Sudeste,Supervisor C,SDR B,2026-06-01,2026-06-02,2026-06-05,2026-06-10,2026-06-15,Assinado,77441.51,69093.84,6,5,1,1,1,1
L101535,2026-01-06,Crossover,Locadora A,Sudeste,Supervisor B,SDR H,,,,,,Lead,0.0,0.0,6,5,0,0,0,0
L101536,2026-01-28,Inbound,Locadora A,Sudeste,Supervisor B,SDR A,,,,,,Lead,0.0,0.0,6,5,0,0,0,0
L101537,2026-01-21,C2C,Locadora B,Nordeste,Supervisor D,SDR E,2026-01-22,2026-01-26,,,,Análise de Crédito,0.0,0.0,6,5,1,0,0,0
L101538,2026-05-08,Crossover,Locadora A,Sudeste,Supervisor D,SDR E,,,,,,Lead,0.0,0.0,6,5,0,0,0,0
L101539,2026-04-23,Inbound,Locadora B,Sudeste,Supervisor C,SDR A,,,,,,Lead,0.0,0.0,6,5,0,0,0,0
L101540,2026-03-28,Crossover,Locadora B,Norte,Supervisor B,SDR D,,,,,,Lead,0.0,0.0,6,5,0,0,0,0
L101541,2026-02-13,Crossover,Locadora A,Sul,Supervisor D,SDR H,,,,,,Lead,0.0,0.0,6,5,0,0,0,0
L101542,2026-01-17,C2C,Locadora A,Sudeste,Supervisor B,SDR A,,,,,,Lead,0.0,0.0,6,5,0,0,0,0
L101543,2026-04-14,Inbound,Locadora B,Nordeste,Supervisor B,SDR B,,,,,,Lead,0.0,0.0,6,5,0,0,0,0
L101544,2026-02-11,Inbound,Locadora A,Norte,Supervisor C,SDR B,,,,,,Lead,0.0,0.0,6,5,0,0,0,0
L101545,2026-04-17,Inbound,Locadora B,Sul,Supervisor B,SDR A,,,,,,Lead,0.0,0.0,6,5,0,0,0,0
L101546,2026-05-05,C2C,Locadora A,Sudeste,Supervisor D,SDR H,2026-05-10,2026-05-14,2026-05-15,,,Aprovado,0.0,0.0,6,5,1,1,0,0
L101547,2026-06-03,Inbound,Locadora A,Sul,Supervisor A,SDR A,,,,,,Lead,0.0,0.0,6,5,0,0,0,0
L101548,2026-03-31,Farmer,Locadora A,Sudeste,Supervisor A,SDR C,,,,,,Lead,0.0,0.0,6,5,0,0,0,0
L101549,2026-01-01,Inbound,Locadora A,Sul,Supervisor B,SDR G,2026-01-03,2026-01-07,,,,Análise de Crédito,0.0,0.0,6,5,1,0,0,0
L101550,2026-02-20,Crossover,Locadora B,Sudeste,Supervisor D,SDR H,2026-02-21,,,,,Pedido,0.0,0.0,6,5,1,0,0,0
L101551,2026-06-04,Inbound,Locadora A,Sul,Supervisor A,SDR B,2026-06-08,2026-06-12,,,,Análise de Crédito,0.0,0.0,6,5,1,0,0,0
L101552,2026-04-07,Crossover,Locadora B,Centro-Oeste,Supervisor D,SDR C,,,,,,Lead,0.0,0.0,6,5,0,0,0,0
L101553,2026-04-23,Inbound,Locadora A,Norte,Supervisor A,SDR B,,,,,,Lead,0.0,0.0,6,5,0,0,0,0
L101554,2026-03-24,Inbound,Locadora B,Nordeste,Supervisor C,SDR B,,,,,,Lead,0.0,0.0,6,5,0,0,0,0
L101555,2026-01-30,Farmer,Locadora B,Sudeste,Supervisor B,SDR H,2026-02-02,2026-02-06,2026-02-08,,,Aprovado,0.0,0.0,6,5,1,1,0,0
L101556,2026-06-12,Farmer,Locadora A,Sudeste,Supervisor A,SDR C,,,,,,Lead,0.0,0.0,6,5,0,0,0,0
L101557,2026-05-20,Farmer,Locadora A,Sul,Supervisor C,SDR E,,,,,,Lead,0.0,0.0,6,5,0,0,0,0
L101558,2026-06-30,Crossover,Locadora B,Sudeste,Supervisor A,SDR B,,,,,,Lead,0.0,0.0,6,5,0,0,0,0
L101559,2026-06-04,Inbound,Locadora B,Sudeste,Supervisor B,SDR C,,,,,,Lead,0.0,0.0,6,5,0,0,0,0
L101560,2026-02-22,C2C,Locadora A,Centro-Oeste,Supervisor C,SDR C,2026-02-24,2026-02-27,2026-03-03,,,Aprovado,0.0,0.0,6,5,1,1,0,0
L101561,2026-02-16,Inbound,Locadora A,Sudeste,Supervisor C,SDR E,2026-02-19,2026-02-20,2026-02-21,,,Aprovado,0.0,0.0,6,5,1,1,0,0
L101562,2026-02-14,Inbound,Locadora B,Sudeste,Supervisor A,SDR H,2026-02-17,2026-02-18,2026-02-21,2026-02-22,,Formalizado,63437.7,0.0,6,5,1,1,1,0
L101563,2026-06-16,Farmer,Locadora A,Sul,Supervisor B,SDR B,,,,,,Lead,0.0,0.0,6,5,0,0,0,0
L101564,2026-04-11,Inbound,Locadora A,Norte,Supervisor C,SDR F,,,,,,Lead,0.0,0.0,6,5,0,0,0,0
L101565,2026-03-24,Inbound,Locadora A,Centro-Oeste,Supervisor C,SDR D,2026-03-25,2026-03-27,2026-03-30,,,Aprovado,0.0,0.0,6,5,1,1,0,0
L101566,2026-06-25,Farmer,Locadora A,Sudeste,Supervisor C,SDR G,,,,,,Lead,0.0,0.0,6,5,0,0,0,0
L101567,2026-04-20,Crossover,Locadora B,Sul,Supervisor D,SDR C,,,,,,Lead,0.0,0.0,6,5,0,0,0,0
L101568,2026-06-14,Inbound,Locadora A,Nordeste,Supervisor A,SDR D,2026-06-15,2026-06-17,,,,Análise de Crédito,0.0,0.0,6,5,1,0,0,0
L101569,2026-06-28,Inbound,Locadora B,Sudeste,Supervisor D,SDR E,,,,,,Lead,0.0,0.0,6,5,0,0,0,0
L101570,2026-01-15,Inbound,Locadora A,Sul,Supervisor D,SDR D,,,,,,Lead,0.0,0.0,6,5,0,0,0,0
L101571,2026-03-07,C2C,Locadora A,Centro-Oeste,Supervisor D,SDR G,2026-03-09,2026-03-12,,,,Análise de Crédito,0.0,0.0,6,5,1,0,0,0
L101572,2026-05-13,Inbound,Locadora A,Centro-Oeste,Supervisor D,SDR A,,,,,,Lead,0.0,0.0,6,5,0,0,0,0
L101573,2026-05-28,Inbound,Locadora A,Sudeste,Supervisor A,SDR C,,,,,,Lead,0.0,0.0,6,5,0,0,0,0
L101574,2026-01-27,C2C,Locadora B,Nordeste,Supervisor C,SDR B,,,,,,Lead,0.0,0.0,6,5,0,0,0,0
L101575,2026-02-27,Inbound,Locadora A,Sudeste,Supervisor B,SDR B,,,,,,Lead,0.0,0.0,6,5,0,0,0,0
L101576,2026-04-10,C2C,Locadora B,Sudeste,Supervisor D,SDR A,,,,,,Lead,0.0,0.0,6,5,0,0,0,0
L101577,2026-05-25,Crossover,Locadora A,Sudeste,Supervisor D,SDR C,,,,,,Lead,0.0,0.0,6,5,0,0,0,0
L101578,2026-01-21,Inbound,Locadora A,Sudeste,Supervisor A,SDR B,,,,,,Lead,0.0,0.0,6,5,0,0,0,0
L101579,2026-04-19,Crossover,Locadora A,Sudeste,Supervisor D,SDR G,,,,,,Lead,0.0,0.0,6,5,0,0,0,0
L101580,2026-02-23,Inbound,Locadora B,Centro-Oeste,Supervisor C,SDR E,,,,,,Lead,0.0,0.0,6,5,0,0,0,0
L101581,2026-02-09,Farmer,Locadora A,Nordeste,Supervisor C,SDR G,,,,,,Lead,0.0,0.0,6,5,0,0,0,0
L101582,2026-04-04,C2C,Locadora A,Sudeste,Supervisor B,SDR H,2026-04-07,2026-04-10,2026-04-14,2026-04-16,2026-04-20,Assinado,69342.2,61553.83,6,5,1,1,1,1
L101583,2026-03-16,C2C,Locadora A,Nordeste,Supervisor B,SDR G,,,,,,Lead,0.0,0.0,6,5,0,0,0,0
L101584,2026-04-26,Inbound,Locadora A,Norte,Supervisor D,SDR D,,,,,,Lead,0.0,0.0,6,5,0,0,0,0
L101585,2026-02-27,Farmer,Locadora A,Sudeste,Supervisor D,SDR H,,,,,,Lead,0.0,0.0,6,5,0,0,0,0
L101586,2026-05-30,Inbound,Locadora A,Centro-Oeste,Supervisor C,SDR D,,,,,,Lead,0.0,0.0,6,5,0,0,0,0
L101587,2026-01-15,C2C,Locadora B,Norte,Supervisor D,SDR G,,,,,,Lead,0.0,0.0,6,5,0,0,0,0
L101588,2026-06-06,Inbound,Locadora A,Nordeste,Supervisor A,SDR B,2026-06-11,2026-06-12,2026-06-16,,,Aprovado,0.0,0.0,6,5,1,1,0,0
L101589,2026-01-06,C2C,Locadora A,Sul,Supervisor B,SDR H,,,,,,Lead,0.0,0.0,6,5,0,0,0,0
L101590,2026-05-14,Inbound,Locadora A,Nordeste,Supervisor C,SDR C,,,,,,Lead,0.0,0.0,6,5,0,0,0,0
L101591,2026-03-04,Inbound,Locadora B,Centro-Oeste,Supervisor A,SDR F,,,,,,Lead,0.0,0.0,6,5,0,0,0,0
L101592,2026-03-11,Farmer,Locadora A,Sudeste,Supervisor B,SDR C,,,,,,Lead,0.0,0.0,6,5,0,0,0,0
L101593,2026-01-04,Inbound,Locadora A,Sudeste,Supervisor D,SDR B,,,,,,Lead,0.0,0.0,6,5,0,0,0,0
L101594,2026-05-08,Inbound,Locadora B,Sul,Supervisor C,SDR C,,,,,,Lead,0.0,0.0,6,5,0,0,0,0
L101595,2026-01-30,C2C,Locadora A,Sudeste,Supervisor C,SDR E,,,,,,Lead,0.0,0.0,6,5,0,0,0,0
L101596,2026-04-30,Inbound,Locadora A,Sudeste,Supervisor A,SDR A,,,,,,Lead,0.0,0.0,6,5,0,0,0,0
L101597,2026-05-12,Inbound,Locadora A,Sudeste,Supervisor A,SDR B,,,,,,Lead,0.0,0.0,6,5,0,0,0,0
L101598,2026-06-02,Inbound,Locadora A,Nordeste,Supervisor B,SDR H,,,,,,Lead,0.0,0.0,6,5,0,0,0,0
L101599,2026-05-09,Inbound,Locadora B,Centro-Oeste,Supervisor B,SDR A,,,,,,Lead,0.0,0.0,6,5,0,0,0,0
L101600,2026-02-24,Inbound,Locadora A,Sudeste,Supervisor A,SDR F,,,,,,Lead,0.0,0.0,6,5,0,0,0,0
L101601,2026-05-14,C2C,Locadora B,Sudeste,Supervisor C,SDR C,,,,,,Lead,0.0,0.0,6,5,0,0,0,0
L101602,2026-05-30,C2C,Locadora B,Sudeste,Supervisor D,SDR C,,,,,,Lead,0.0,0.0,6,5,0,0,0,0
L101603,2026-02-27,Inbound,Locadora B,Sudeste,Supervisor C,SDR C,,,,,,Lead,0.0,0.0,6,5,0,0,0,0
L101604,2026-01-23,Inbound,Locadora A,Sul,Supervisor A,SDR D,,,,,,Lead,0.0,0.0,6,5,0,0,0,0
L101605,2026-06-11,Inbound,Locadora A,Sudeste,Supervisor D,SDR F,,,,,,Lead,0.0,0.0,6,5,0,0,0,0
L101606,2026-01-27,C2C,Locadora A,Norte,Supervisor B,SDR G,,,,,,Lead,0.0,0.0,6,5,0,0,0,0
L101607,2026-04-18,Inbound,Locadora B,Sudeste,Supervisor A,SDR C,,,,,,Lead,0.0,0.0,6,5,0,0,0,0
L101608,2026-02-12,Crossover,Locadora B,Sudeste,Supervisor B,SDR B,,,,,,Lead,0.0,0.0,6,5,0,0,0,0
L101609,2026-01-23,C2C,Locadora B,Nordeste,Supervisor A,SDR A,,,,,,Lead,0.0,0.0,6,5,0,0,0,0
L101610,2026-05-21,C2C,Locadora A,Sudeste,Supervisor C,SDR F,,,,,,Lead,0.0,0.0,6,5,0,0,0,0
L101611,2026-01-27,Inbound,Locadora A,Sudeste,Supervisor C,SDR H,2026-01-29,2026-02-01,,,,Análise de Crédito,0.0,0.0,6,5,1,0,0,0
L101612,2026-05-02,Inbound,Locadora B,Sudeste,Supervisor C,SDR A,2026-05-04,2026-05-05,,,,Análise de Crédito,0.0,0.0,6,5,1,0,0,0
L101613,2026-05-06,Inbound,Locadora A,Centro-Oeste,Supervisor A,SDR E,,,,,,Lead,0.0,0.0,6,5,0,0,0,0
L101614,2026-01-11,Inbound,Locadora A,Sudeste,Supervisor B,SDR B,,,,,,Lead,0.0,0.0,6,5,0,0,0,0
L101615,2026-02-01,Inbound,Locadora A,Nordeste,Supervisor B,SDR B,2026-02-04,2026-02-06,2026-02-08,2026-02-09,,Formalizado,94101.9,0.0,6,5,1,1,1,0
L101616,2026-05-24,Crossover,Locadora A,Sul,Supervisor D,SDR G,,,,,,Lead,0.0,0.0,6,5,0,0,0,0
L101617,2026-04-02,Inbound,Locadora A,Nordeste,Supervisor C,SDR C,2026-04-03,2026-04-07,2026-04-10,2026-04-13,,Formalizado,87979.83,0.0,6,5,1,1,1,0
L101618,2026-01-22,Inbound,Locadora B,Sul,Supervisor C,SDR C,,,,,,Lead,0.0,0.0,6,5,0,0,0,0
L101619,2026-06-29,Inbound,Locadora B,Centro-Oeste,Supervisor B,SDR A,2026-07-02,2026-07-03,2026-07-05,,,Aprovado,0.0,0.0,6,5,1,1,0,0
L101620,2026-02-17,Inbound,Locadora A,Centro-Oeste,Supervisor B,SDR H,,,,,,Lead,0.0,0.0,6,5,0,0,0,0
L101621,2026-01-01,C2C,Locadora A,Sul,Supervisor D,SDR H,,,,,,Lead,0.0,0.0,6,5,0,0,0,0
L101622,2026-06-17,Inbound,Locadora B,Centro-Oeste,Supervisor D,SDR H,2026-06-20,2026-06-23,,,,Análise de Crédito,0.0,0.0,6,5,1,0,0,0
L101623,2026-01-04,C2C,Locadora A,Centro-Oeste,Supervisor A,SDR B,,,,,,Lead,0.0,0.0,6,5,0,0,0,0
L101624,2026-04-11,Crossover,Locadora A,Sudeste,Supervisor C,SDR B,2026-04-15,2026-04-17,2026-04-21,,,Aprovado,0.0,0.0,6,5,1,1,0,0
L101625,2026-06-29,Inbound,Locadora A,Centro-Oeste,Supervisor D,SDR H,,,,,,Lead,0.0,0.0,6,5,0,0,0,0
L101626,2026-04-15,C2C,Locadora A,Sudeste,Supervisor A,SDR E,,,,,,Lead,0.0,0.0,6,5,0,0,0,0
L101627,2026-04-16,Inbound,Locadora A,Sul,Supervisor C,SDR C,,,,,,Lead,0.0,0.0,6,5,0,0,0,0
L101628,2026-03-12,Inbound,Locadora B,Sudeste,Supervisor B,SDR A,2026-03-15,2026-03-19,,,,Análise de Crédito,0.0,0.0,6,5,1,0,0,0
L101629,2026-01-23,Inbound,Locadora A,Sudeste,Supervisor C,SDR G,2026-01-24,2026-01-26,2026-01-30,,,Aprovado,0.0,0.0,6,5,1,1,0,0
L101630,2026-04-14,Inbound,Locadora A,Sudeste,Supervisor C,SDR G,,,,,,Lead,0.0,0.0,6,5,0,0,0,0
L101631,2026-06-12,Inbound,Locadora A,Sudeste,Supervisor D,SDR A,,,,,,Lead,0.0,0.0,6,5,0,0,0,0
L101632,2026-01-17,Inbound,Locadora B,Sudeste,Supervisor A,SDR D,,,,,,Lead,0.0,0.0,6,5,0,0,0,0
L101633,2026-06-09,Inbound,Locadora A,Sudeste,Supervisor A,SDR D,,,,,,Lead,0.0,0.0,6,5,0,0,0,0
L101634,2026-03-17,Inbound,Locadora A,Sul,Supervisor B,SDR D,,,,,,Lead,0.0,0.0,6,5,0,0,0,0
L101635,2026-04-08,Crossover,Locadora A,Sudeste,Supervisor D,SDR C,,,,,,Lead,0.0,0.0,6,5,0,0,0,0
L101636,2026-01-30,Inbound,Locadora B,Norte,Supervisor C,SDR C,,,,,,Lead,0.0,0.0,6,5,0,0,0,0
L101637,2026-04-23,Inbound,Locadora B,Nordeste,Supervisor A,SDR C,,,,,,Lead,0.0,0.0,6,5,0,0,0,0
L101638,2026-02-03,Inbound,Locadora A,Sudeste,Supervisor A,SDR H,2026-02-06,2026-02-07,,,,Análise de Crédito,0.0,0.0,6,5,1,0,0,0
L101639,2026-02-19,Inbound,Locadora A,Sudeste,Supervisor D,SDR H,,,,,,Lead,0.0,0.0,6,5,0,0,0,0
L101640,2026-05-11,Inbound,Locadora A,Sudeste,Supervisor A,SDR A,,,,,,Lead,0.0,0.0,6,5,0,0,0,0
L101641,2026-01-10,Crossover,Locadora B,Sudeste,Supervisor A,SDR F,,,,,,Lead,0.0,0.0,6,5,0,0,0,0
L101642,2026-03-22,Inbound,Locadora B,Sul,Supervisor B,SDR E,,,,,,Lead,0.0,0.0,6,5,0,0,0,0
L101643,2026-04-18,Crossover,Locadora B,Centro-Oeste,Supervisor C,SDR C,,,,,,Lead,0.0,0.0,6,5,0,0,0,0
L101644,2026-01-24,Inbound,Locadora A,Centro-Oeste,Supervisor B,SDR B,,,,,,Lead,0.0,0.0,6,5,0,0,0,0
L101645,2026-02-23,C2C,Locadora A,Sudeste,Supervisor A,SDR G,,,,,,Lead,0.0,0.0,6,5,0,0,0,0
L101646,2026-03-04,C2C,Locadora A,Centro-Oeste,Supervisor A,SDR C,,,,,,Lead,0.0,0.0,6,5,0,0,0,0
L101647,2026-05-01,Inbound,Locadora B,Sudeste,Supervisor B,SDR B,,,,,,Lead,0.0,0.0,6,5,0,0,0,0
L101648,2026-06-26,Inbound,Locadora A,Nordeste,Supervisor D,SDR H,,,,,,Lead,0.0,0.0,6,5,0,0,0,0
L101649,2026-06-01,Inbound,Locadora A,Norte,Supervisor A,SDR H,,,,,,Lead,0.0,0.0,6,5,0,0,0,0
L101650,2026-02-04,C2C,Locadora A,Sudeste,Supervisor C,SDR D,2026-02-06,2026-02-09,2026-02-13,,,Aprovado,0.0,0.0,6,5,1,1,0,0
L101651,2026-01-04,Farmer,Locadora A,Nordeste,Supervisor A,SDR D,,,,,,Lead,0.0,0.0,6,5,0,0,0,0
L101652,2026-01-10,Crossover,Locadora B,Nordeste,Supervisor C,SDR D,,,,,,Lead,0.0,0.0,6,5,0,0,0,0
L101653,2026-04-18,Crossover,Locadora A,Sul,Supervisor A,SDR B,,,,,,Lead,0.0,0.0,6,5,0,0,0,0
L101654,2026-01-29,Inbound,Locadora A,Sudeste,Supervisor A,SDR A,2026-02-02,2026-02-03,,,,Análise de Crédito,0.0,0.0,6,5,1,0,0,0
L101655,2026-02-11,C2C,Locadora A,Nordeste,Supervisor A,SDR C,,,,,,Lead,0.0,0.0,6,5,0,0,0,0
L101656,2026-06-03,C2C,Locadora A,Sudeste,Supervisor C,SDR D,2026-06-07,2026-06-09,2026-06-13,,,Aprovado,0.0,0.0,6,5,1,1,0,0
L101657,2026-06-08,Crossover,Locadora A,Sudeste,Supervisor C,SDR B,,,,,,Lead,0.0,0.0,6,5,0,0,0,0
L101658,2026-06-01,Inbound,Locadora A,Sul,Supervisor A,SDR A,2026-06-04,2026-06-08,,,,Análise de Crédito,0.0,0.0,6,5,1,0,0,0
L101659,2026-02-15,Crossover,Locadora A,Sudeste,Supervisor B,SDR H,,,,,,Lead,0.0,0.0,6,5,0,0,0,0
L101660,2026-04-23,Inbound,Locadora A,Sudeste,Supervisor B,SDR H,2026-04-24,2026-04-26,2026-04-30,,,Aprovado,0.0,0.0,6,5,1,1,0,0
L101661,2026-04-21,C2C,Locadora A,Norte,Supervisor A,SDR C,,,,,,Lead,0.0,0.0,6,5,0,0,0,0
L101662,2026-02-03,Inbound,Locadora B,Sudeste,Supervisor A,SDR E,,,,,,Lead,0.0,0.0,6,5,0,0,0,0
L101663,2026-04-11,Crossover,Locadora B,Sul,Supervisor D,SDR B,,,,,,Lead,0.0,0.0,6,5,0,0,0,0
L101664,2026-04-06,Inbound,Locadora A,Centro-Oeste,Supervisor C,SDR H,2026-04-09,2026-04-11,,,,Análise de Crédito,0.0,0.0,6,5,1,0,0,0
L101665,2026-03-13,Inbound,Locadora A,Sudeste,Supervisor C,SDR G,,,,,,Lead,0.0,0.0,6,5,0,0,0,0
L101666,2026-05-17,Farmer,Locadora A,Centro-Oeste,Supervisor B,SDR B,2026-05-18,2026-05-22,2026-05-23,,,Aprovado,0.0,0.0,6,5,1,1,0,0
L101667,2026-05-03,Inbound,Locadora A,Centro-Oeste,Supervisor B,SDR B,,,,,,Lead,0.0,0.0,6,5,0,0,0,0
L101668,2026-04-07,C2C,Locadora A,Sul,Supervisor D,SDR C,,,,,,Lead,0.0,0.0,6,5,0,0,0,0
L101669,2026-05-12,Inbound,Locadora A,Sul,Supervisor B,SDR A,,,,,,Lead,0.0,0.0,6,5,0,0,0,0
L101670,2026-05-19,Crossover,Locadora A,Norte,Supervisor A,SDR C,,,,,,Lead,0.0,0.0,6,5,0,0,0,0
L101671,2026-04-13,Inbound,Locadora B,Nordeste,Supervisor B,SDR F,,,,,,Lead,0.0,0.0,6,5,0,0,0,0
L101672,2026-02-18,Crossover,Locadora A,Sudeste,Supervisor C,SDR F,,,,,,Lead,0.0,0.0,6,5,0,0,0,0
L101673,2026-05-18,Inbound,Locadora A,Sudeste,Supervisor C,SDR A,,,,,,Lead,0.0,0.0,6,5,0,0,0,0
L101674,2026-05-10,Inbound,Locadora B,Sul,Supervisor C,SDR C,2026-05-12,2026-05-15,2026-05-16,,,Aprovado,0.0,0.0,6,5,1,1,0,0
L101675,2026-06-27,Crossover,Locadora A,Nordeste,Supervisor D,SDR G,2026-06-28,2026-06-29,2026-07-03,,,Aprovado,0.0,0.0,6,5,1,1,0,0
L101676,2026-01-28,Crossover,Locadora A,Nordeste,Supervisor A,SDR G,,,,,,Lead,0.0,0.0,6,5,0,0,0,0
L101677,2026-03-17,Crossover,Locadora A,Sudeste,Supervisor C,SDR E,2026-03-21,2026-03-22,,,,Análise de Crédito,0.0,0.0,6,5,1,0,0,0
L101678,2026-06-17,Crossover,Locadora A,Nordeste,Supervisor D,SDR F,2026-06-19,,,,,Pedido,0.0,0.0,6,5,1,0,0,0
L101679,2026-04-04,C2C,Locadora A,Sudeste,Supervisor D,SDR B,,,,,,Lead,0.0,0.0,6,5,0,0,0,0
L101680,2026-06-20,C2C,Locadora A,Sudeste,Supervisor D,SDR G,,,,,,Lead,0.0,0.0,6,5,0,0,0,0
L101681,2026-01-03,Crossover,Locadora B,Sul,Supervisor C,SDR D,,,,,,Lead,0.0,0.0,6,5,0,0,0,0
L101682,2026-01-07,Farmer,Locadora B,Sudeste,Supervisor A,SDR F,,,,,,Lead,0.0,0.0,6,5,0,0,0,0
L101683,2026-05-25,Farmer,Locadora B,Sul,Supervisor D,SDR C,2026-05-28,2026-06-01,2026-06-02,2026-06-03,2026-06-05,Assinado,59843.32,49496.97,6,5,1,1,1,1
L101684,2026-03-06,C2C,Locadora A,Sudeste,Supervisor A,SDR B,,,,,,Lead,0.0,0.0,6,5,0,0,0,0
L101685,2026-04-05,Inbound,Locadora A,Nordeste,Supervisor C,SDR E,2026-04-08,2026-04-09,2026-04-10,,,Aprovado,0.0,0.0,6,5,1,1,0,0
L101686,2026-03-19,Inbound,Locadora B,Norte,Supervisor B,SDR E,,,,,,Lead,0.0,0.0,6,5,0,0,0,0
L101687,2026-03-15,Inbound,Locadora B,Sudeste,Supervisor C,SDR E,,,,,,Lead,0.0,0.0,6,5,0,0,0,0
L101688,2026-06-20,C2C,Locadora A,Sul,Supervisor D,SDR G,,,,,,Lead,0.0,0.0,6,5,0,0,0,0
L101689,2026-01-18,Farmer,Locadora B,Centro-Oeste,Supervisor C,SDR G,2026-01-21,2026-01-22,2026-01-25,,,Aprovado,0.0,0.0,6,5,1,1,0,0
L101690,2026-05-20,Inbound,Locadora B,Sudeste,Supervisor A,SDR C,,,,,,Lead,0.0,0.0,6,5,0,0,0,0
L101691,2026-06-11,Inbound,Locadora A,Nordeste,Supervisor D,SDR D,,,,,,Lead,0.0,0.0,6,5,0,0,0,0
L101692,2026-04-29,Farmer,Locadora A,Sul,Supervisor D,SDR A,2026-05-03,2026-05-05,,,,Análise de Crédito,0.0,0.0,6,5,1,0,0,0
L101693,2026-03-13,C2C,Locadora A,Sudeste,Supervisor A,SDR G,,,,,,Lead,0.0,0.0,6,5,0,0,0,0
L101694,2026-01-29,Inbound,Locadora B,Nordeste,Supervisor C,SDR B,,,,,,Lead,0.0,0.0,6,5,0,0,0,0
L101695,2026-05-04,Inbound,Locadora A,Sudeste,Supervisor A,SDR A,,,,,,Lead,0.0,0.0,6,5,0,0,0,0
L101696,2026-03-26,Inbound,Locadora A,Sudeste,Supervisor C,SDR E,,,,,,Lead,0.0,0.0,6,5,0,0,0,0
L101697,2026-01-28,Inbound,Locadora A,Sudeste,Supervisor A,SDR H,,,,,,Lead,0.0,0.0,6,5,0,0,0,0
L101698,2026-03-07,Inbound,Locadora B,Nordeste,Supervisor B,SDR D,,,,,,Lead,0.0,0.0,6,5,0,0,0,0
L101699,2026-06-24,Farmer,Locadora B,Norte,Supervisor B,SDR B,,,,,,Lead,0.0,0.0,6,5,0,0,0,0
L101700,2026-02-18,C2C,Locadora B,Sudeste,Supervisor D,SDR B,,,,,,Lead,0.0,0.0,6,5,0,0,0,0
L101701,2026-02-02,Inbound,Locadora A,Sudeste,Supervisor D,SDR G,,,,,,Lead,0.0,0.0,6,5,0,0,0,0
L101702,2026-05-04,Inbound,Locadora A,Sudeste,Supervisor D,SDR F,2026-05-06,2026-05-08,,,,Análise de Crédito,0.0,0.0,6,5,1,0,0,0
L101703,2026-02-06,Inbound,Locadora A,Centro-Oeste,Supervisor C,SDR D,,,,,,Lead,0.0,0.0,6,5,0,0,0,0
L101704,2026-06-16,Crossover,Locadora A,Sudeste,Supervisor B,SDR H,,,,,,Lead,0.0,0.0,6,5,0,0,0,0
L101705,2026-06-05,Inbound,Locadora A,Sudeste,Supervisor A,SDR A,,,,,,Lead,0.0,0.0,6,5,0,0,0,0
L101706,2026-06-28,Crossover,Locadora B,Sudeste,Supervisor C,SDR E,2026-06-30,2026-07-04,2026-07-07,,,Aprovado,0.0,0.0,6,5,1,1,0,0
L101707,2026-06-15,Inbound,Locadora A,Sul,Supervisor B,SDR C,,,,,,Lead,0.0,0.0,6,5,0,0,0,0
L101708,2026-02-14,Inbound,Locadora A,Centro-Oeste,Supervisor B,SDR B,,,,,,Lead,0.0,0.0,6,5,0,0,0,0
L101709,2026-02-08,Inbound,Locadora A,Sul,Supervisor A,SDR H,2026-02-09,2026-02-10,2026-02-11,,,Aprovado,0.0,0.0,6,5,1,1,0,0
L101710,2026-03-04,Farmer,Locadora B,Sudeste,Supervisor A,SDR H,,,,,,Lead,0.0,0.0,6,5,0,0,0,0
L101711,2026-03-27,Inbound,Locadora A,Sul,Supervisor D,SDR G,,,,,,Lead,0.0,0.0,6,5,0,0,0,0
L101712,2026-06-09,Inbound,Locadora A,Sul,Supervisor B,SDR B,,,,,,Lead,0.0,0.0,6,5,0,0,0,0
L101713,2026-05-13,C2C,Locadora A,Sul,Supervisor D,SDR F,,,,,,Lead,0.0,0.0,6,5,0,0,0,0
L101714,2026-04-27,Inbound,Locadora A,Sudeste,Supervisor C,SDR C,,,,,,Lead,0.0,0.0,6,5,0,0,0,0
L101715,2026-06-08,Inbound,Locadora A,Sudeste,Supervisor A,SDR D,,,,,,Lead,0.0,0.0,6,5,0,0,0,0
L101716,2026-04-27,Inbound,Locadora A,Sul,Supervisor A,SDR B,,,,,,Lead,0.0,0.0,6,5,0,0,0,0
L101717,2026-03-10,Inbound,Locadora B,Sudeste,Supervisor B,SDR E,,,,,,Lead,0.0,0.0,6,5,0,0,0,0
L101718,2026-03-16,Inbound,Locadora A,Sul,Supervisor A,SDR G,2026-03-17,2026-03-20,2026-03-24,2026-03-25,,Formalizado,86275.91,0.0,6,5,1,1,1,0
L101719,2026-04-04,Crossover,Locadora A,Sudeste,Supervisor D,SDR B,2026-04-08,2026-04-11,,,,Análise de Crédito,0.0,0.0,6,5,1,0,0,0
L101720,2026-01-17,Inbound,Locadora A,Sudeste,Supervisor D,SDR E,,,,,,Lead,0.0,0.0,6,5,0,0,0,0
L101721,2026-05-15,Inbound,Locadora A,Centro-Oeste,Supervisor C,SDR F,,,,,,Lead,0.0,0.0,6,5,0,0,0,0
L101722,2026-04-29,Inbound,Locadora A,Sudeste,Supervisor B,SDR F,,,,,,Lead,0.0,0.0,6,5,0,0,0,0
L101723,2026-05-13,Inbound,Locadora A,Sudeste,Supervisor D,SDR C,,,,,,Lead,0.0,0.0,6,5,0,0,0,0
L101724,2026-04-07,Crossover,Locadora B,Nordeste,Supervisor C,SDR A,,,,,,Lead,0.0,0.0,6,5,0,0,0,0
L101725,2026-05-22,Inbound,Locadora B,Sudeste,Supervisor B,SDR G,,,,,,Lead,0.0,0.0,6,5,0,0,0,0
L101726,2026-06-21,Farmer,Locadora A,Nordeste,Supervisor D,SDR E,,,,,,Lead,0.0,0.0,6,5,0,0,0,0
L101727,2026-04-14,Inbound,Locadora A,Sudeste,Supervisor A,SDR F,2026-04-16,2026-04-17,2026-04-20,,,Aprovado,0.0,0.0,6,5,1,1,0,0
L101728,2026-03-22,Inbound,Locadora B,Nordeste,Supervisor C,SDR E,,,,,,Lead,0.0,0.0,6,5,0,0,0,0
L101729,2026-01-19,Inbound,Locadora B,Nordeste,Supervisor C,SDR D,2026-01-23,2026-01-24,2026-01-26,2026-01-31,,Formalizado,71161.08,0.0,6,5,1,1,1,0
L101730,2026-05-21,Inbound,Locadora A,Sudeste,Supervisor D,SDR C,,,,,,Lead,0.0,0.0,6,5,0,0,0,0
L101731,2026-06-13,C2C,Locadora A,Sul,Supervisor A,SDR F,,,,,,Lead,0.0,0.0,6,5,0,0,0,0
L101732,2026-05-07,Inbound,Locadora A,Centro-Oeste,Supervisor B,SDR G,,,,,,Lead,0.0,0.0,6,5,0,0,0,0
L101733,2026-06-06,Inbound,Locadora B,Sul,Supervisor D,SDR C,2026-06-08,2026-06-09,,,,Análise de Crédito,0.0,0.0,6,5,1,0,0,0
L101734,2026-06-05,C2C,Locadora A,Sudeste,Supervisor B,SDR A,2026-06-07,2026-06-10,2026-06-13,,,Aprovado,0.0,0.0,6,5,1,1,0,0
L101735,2026-05-25,Farmer,Locadora A,Norte,Supervisor D,SDR B,,,,,,Lead,0.0,0.0,6,5,0,0,0,0
L101736,2026-04-02,Inbound,Locadora A,Centro-Oeste,Supervisor D,SDR E,,,,,,Lead,0.0,0.0,6,5,0,0,0,0
L101737,2026-01-19,Crossover,Locadora A,Norte,Supervisor B,SDR B,2026-01-21,2026-01-23,2026-01-24,,,Aprovado,0.0,0.0,6,5,1,1,0,0
L101738,2026-01-01,Crossover,Locadora A,Nordeste,Supervisor B,SDR G,,,,,,Lead,0.0,0.0,6,5,0,0,0,0
L101739,2026-02-06,Inbound,Locadora A,Nordeste,Supervisor B,SDR C,2026-02-10,2026-02-11,,,,Análise de Crédito,0.0,0.0,6,5,1,0,0,0
L101740,2026-03-20,Inbound,Locadora B,Centro-Oeste,Supervisor A,SDR D,,,,,,Lead,0.0,0.0,6,5,0,0,0,0
L101741,2026-05-15,Inbound,Locadora B,Centro-Oeste,Supervisor D,SDR B,,,,,,Lead,0.0,0.0,6,5,0,0,0,0
L101742,2026-03-24,Farmer,Locadora A,Nordeste,Supervisor A,SDR D,,,,,,Lead,0.0,0.0,6,5,0,0,0,0
L101743,2026-01-05,Inbound,Locadora B,Sul,Supervisor D,SDR F,,,,,,Lead,0.0,0.0,6,5,0,0,0,0
L101744,2026-02-08,Crossover,Locadora B,Sudeste,Supervisor D,SDR G,,,,,,Lead,0.0,0.0,6,5,0,0,0,0
L101745,2026-06-27,Crossover,Locadora A,Sul,Supervisor B,SDR F,,,,,,Lead,0.0,0.0,6,5,0,0,0,0
L101746,2026-06-28,Inbound,Locadora A,Sudeste,Supervisor A,SDR E,,,,,,Lead,0.0,0.0,6,5,0,0,0,0
L101747,2026-03-10,Inbound,Locadora B,Norte,Supervisor D,SDR D,,,,,,Lead,0.0,0.0,6,5,0,0,0,0
L101748,2026-05-26,C2C,Locadora A,Centro-Oeste,Supervisor B,SDR C,,,,,,Lead,0.0,0.0,6,5,0,0,0,0
L101749,2026-05-11,Crossover,Locadora A,Sul,Supervisor A,SDR H,,,,,,Lead,0.0,0.0,6,5,0,0,0,0
L101750,2026-06-18,Inbound,Locadora A,Sudeste,Supervisor B,SDR F,,,,,,Lead,0.0,0.0,6,5,0,0,0,0
L101751,2026-06-10,Inbound,Locadora A,Sul,Supervisor D,SDR H,,,,,,Lead,0.0,0.0,6,5,0,0,0,0
L101752,2026-04-24,Inbound,Locadora A,Sudeste,Supervisor C,SDR F,,,,,,Lead,0.0,0.0,6,5,0,0,0,0
L101753,2026-03-13,Inbound,Locadora A,Centro-Oeste,Supervisor C,SDR A,,,,,,Lead,0.0,0.0,6,5,0,0,0,0
L101754,2026-04-24,C2C,Locadora A,Sul,Supervisor C,SDR C,,,,,,Lead,0.0,0.0,6,5,0,0,0,0
L101755,2026-02-27,Inbound,Locadora A,Sul,Supervisor A,SDR D,2026-03-01,2026-03-05,,,,Análise de Crédito,0.0,0.0,6,5,1,0,0,0
L101756,2026-03-05,Inbound,Locadora B,Sudeste,Supervisor D,SDR C,2026-03-08,2026-03-12,,,,Análise de Crédito,0.0,0.0,6,5,1,0,0,0
L101757,2026-04-21,C2C,Locadora A,Sul,Supervisor C,SDR H,,,,,,Lead,0.0,0.0,6,5,0,0,0,0
L101758,2026-04-14,Crossover,Locadora B,Sul,Supervisor C,SDR D,2026-04-16,2026-04-19,,,,Análise de Crédito,0.0,0.0,6,5,1,0,0,0
L101759,2026-04-16,C2C,Locadora B,Nordeste,Supervisor C,SDR B,,,,,,Lead,0.0,0.0,6,5,0,0,0,0
L101760,2026-03-11,Inbound,Locadora A,Nordeste,Supervisor B,SDR E,,,,,,Lead,0.0,0.0,6,5,0,0,0,0
L101761,2026-03-16,Inbound,Locadora A,Centro-Oeste,Supervisor C,SDR D,,,,,,Lead,0.0,0.0,6,5,0,0,0,0
L101762,2026-01-02,C2C,Locadora A,Sudeste,Supervisor D,SDR B,2026-01-06,2026-01-07,,,,Análise de Crédito,0.0,0.0,6,5,1,0,0,0
L101763,2026-04-19,Inbound,Locadora B,Sudeste,Supervisor B,SDR H,2026-04-22,2026-04-24,,,,Análise de Crédito,0.0,0.0,6,5,1,0,0,0
L101764,2026-04-15,Inbound,Locadora A,Norte,Supervisor A,SDR H,,,,,,Lead,0.0,0.0,6,5,0,0,0,0
L101765,2026-06-19,Inbound,Locadora A,Norte,Supervisor C,SDR G,,,,,,Lead,0.0,0.0,6,5,0,0,0,0
L101766,2026-04-02,Inbound,Locadora A,Sudeste,Supervisor D,SDR C,,,,,,Lead,0.0,0.0,6,5,0,0,0,0
L101767,2026-03-26,Inbound,Locadora A,Centro-Oeste,Supervisor D,SDR G,2026-03-31,2026-04-01,2026-04-04,,,Aprovado,0.0,0.0,6,5,1,1,0,0
L101768,2026-01-13,Inbound,Locadora B,Sudeste,Supervisor D,SDR C,,,,,,Lead,0.0,0.0,6,5,0,0,0,0
L101769,2026-02-05,Inbound,Locadora B,Sudeste,Supervisor B,SDR H,,,,,,Lead,0.0,0.0,6,5,0,0,0,0
L101770,2026-03-03,Inbound,Locadora A,Norte,Supervisor D,SDR H,2026-03-05,2026-03-06,2026-03-09,2026-03-16,2026-03-19,Assinado,76651.05,77831.68,6,5,1,1,1,1
L101771,2026-03-10,Inbound,Locadora A,Norte,Supervisor A,SDR B,,,,,,Lead,0.0,0.0,6,5,0,0,0,0
L101772,2026-03-07,Crossover,Locadora A,Norte,Supervisor C,SDR C,,,,,,Lead,0.0,0.0,6,5,0,0,0,0
L101773,2026-03-13,Inbound,Locadora A,Sudeste,Supervisor D,SDR F,,,,,,Lead,0.0,0.0,6,5,0,0,0,0
L101774,2026-05-20,Crossover,Locadora A,Sul,Supervisor D,SDR B,,,,,,Lead,0.0,0.0,6,5,0,0,0,0
L101775,2026-01-24,Crossover,Locadora A,Nordeste,Supervisor C,SDR G,,,,,,Lead,0.0,0.0,6,5,0,0,0,0
L101776,2026-03-02,Inbound,Locadora B,Centro-Oeste,Supervisor C,SDR F,,,,,,Lead,0.0,0.0,6,5,0,0,0,0
L101777,2026-01-30,Crossover,Locadora A,Sudeste,Supervisor B,SDR B,,,,,,Lead,0.0,0.0,6,5,0,0,0,0
L101778,2026-02-25,Inbound,Locadora A,Sul,Supervisor D,SDR G,,,,,,Lead,0.0,0.0,6,5,0,0,0,0
L101779,2026-05-04,Inbound,Locadora A,Sudeste,Supervisor D,SDR A,,,,,,Lead,0.0,0.0,6,5,0,0,0,0
L101780,2026-01-09,Inbound,Locadora A,Sul,Supervisor A,SDR D,,,,,,Lead,0.0,0.0,6,5,0,0,0,0
L101781,2026-03-03,C2C,Locadora A,Nordeste,Supervisor A,SDR B,,,,,,Lead,0.0,0.0,6,5,0,0,0,0
L101782,2026-01-05,C2C,Locadora A,Sudeste,Supervisor D,SDR A,,,,,,Lead,0.0,0.0,6,5,0,0,0,0
L101783,2026-06-22,Inbound,Locadora A,Sudeste,Supervisor D,SDR F,,,,,,Lead,0.0,0.0,6,5,0,0,0,0
L101784,2026-05-12,C2C,Locadora B,Sul,Supervisor A,SDR B,,,,,,Lead,0.0,0.0,6,5,0,0,0,0
L101785,2026-02-14,C2C,Locadora B,Sul,Supervisor B,SDR F,,,,,,Lead,0.0,0.0,6,5,0,0,0,0
L101786,2026-02-05,Inbound,Locadora A,Sudeste,Supervisor C,SDR A,,,,,,Lead,0.0,0.0,6,5,0,0,0,0
L101787,2026-01-18,Farmer,Locadora A,Sudeste,Supervisor A,SDR H,,,,,,Lead,0.0,0.0,6,5,0,0,0,0
L101788,2026-03-27,Crossover,Locadora A,Centro-Oeste,Supervisor C,SDR H,2026-03-30,2026-04-02,2026-04-04,2026-04-05,2026-04-07,Assinado,76320.73,62936.18,6,5,1,1,1,1
L101789,2026-05-17,Inbound,Locadora A,Sudeste,Supervisor D,SDR C,,,,,,Lead,0.0,0.0,6,5,0,0,0,0
L101790,2026-04-16,Inbound,Locadora B,Centro-Oeste,Supervisor A,SDR D,,,,,,Lead,0.0,0.0,6,5,0,0,0,0
L101791,2026-06-09,Crossover,Locadora B,Sul,Supervisor D,SDR E,,,,,,Lead,0.0,0.0,6,5,0,0,0,0
L101792,2026-03-04,Inbound,Locadora A,Sudeste,Supervisor A,SDR E,,,,,,Lead,0.0,0.0,6,5,0,0,0,0
L101793,2026-02-20,C2C,Locadora B,Sul,Supervisor A,SDR A,,,,,,Lead,0.0,0.0,6,5,0,0,0,0
L101794,2026-03-28,Inbound,Locadora A,Centro-Oeste,Supervisor C,SDR H,,,,,,Lead,0.0,0.0,6,5,0,0,0,0
L101795,2026-02-06,Inbound,Locadora A,Sul,Supervisor D,SDR H,,,,,,Lead,0.0,0.0,6,5,0,0,0,0
L101796,2026-06-26,Inbound,Locadora A,Sul,Supervisor D,SDR D,,,,,,Lead,0.0,0.0,6,5,0,0,0,0
L101797,2026-02-03,Inbound,Locadora A,Sudeste,Supervisor D,SDR E,,,,,,Lead,0.0,0.0,6,5,0,0,0,0
L101798,2026-03-28,C2C,Locadora B,Sudeste,Supervisor D,SDR B,,,,,,Lead,0.0,0.0,6,5,0,0,0,0
L101799,2026-04-05,Farmer,Locadora B,Sul,Supervisor D,SDR F,,,,,,Lead,0.0,0.0,6,5,0,0,0,0
L101800,2026-01-11,Inbound,Locadora A,Sudeste,Supervisor B,SDR E,2026-01-15,2026-01-18,,,,Análise de Crédito,0.0,0.0,6,5,1,0,0,0
L101801,2026-03-26,Inbound,Locadora A,Sudeste,Supervisor A,SDR C,2026-03-30,2026-04-03,,,,Análise de Crédito,0.0,0.0,6,5,1,0,0,0
L101802,2026-03-24,Crossover,Locadora A,Sudeste,Supervisor D,SDR C,,,,,,Lead,0.0,0.0,6,5,0,0,0,0
L101803,2026-02-16,Inbound,Locadora A,Centro-Oeste,Supervisor A,SDR A,2026-02-20,,,,,Pedido,0.0,0.0,6,5,1,0,0,0
L101804,2026-01-24,Farmer,Locadora A,Sudeste,Supervisor C,SDR G,,,,,,Lead,0.0,0.0,6,5,0,0,0,0
L101805,2026-01-09,Farmer,Locadora A,Nordeste,Supervisor D,SDR A,,,,,,Lead,0.0,0.0,6,5,0,0,0,0
L101806,2026-01-02,Inbound,Locadora A,Sul,Supervisor A,SDR E,,,,,,Lead,0.0,0.0,6,5,0,0,0,0
L101807,2026-03-29,Inbound,Locadora A,Sudeste,Supervisor D,SDR G,,,,,,Lead,0.0,0.0,6,5,0,0,0,0
L101808,2026-01-17,Inbound,Locadora A,Centro-Oeste,Supervisor B,SDR A,2026-01-18,2026-01-20,2026-01-23,,,Aprovado,0.0,0.0,6,5,1,1,0,0
L101809,2026-06-23,Inbound,Locadora B,Sudeste,Supervisor A,SDR B,,,,,,Lead,0.0,0.0,6,5,0,0,0,0
L101810,2026-02-14,Inbound,Locadora A,Norte,Supervisor B,SDR G,,,,,,Lead,0.0,0.0,6,5,0,0,0,0
L101811,2026-04-29,Inbound,Locadora A,Norte,Supervisor B,SDR G,,,,,,Lead,0.0,0.0,6,5,0,0,0,0
L101812,2026-05-02,Inbound,Locadora A,Nordeste,Supervisor B,SDR A,,,,,,Lead,0.0,0.0,6,5,0,0,0,0
L101813,2026-03-31,C2C,Locadora A,Sul,Supervisor A,SDR C,,,,,,Lead,0.0,0.0,6,5,0,0,0,0
L101814,2026-06-09,Inbound,Locadora A,Nordeste,Supervisor A,SDR E,,,,,,Lead,0.0,0.0,6,5,0,0,0,0
L101815,2026-01-21,Crossover,Locadora A,Centro-Oeste,Supervisor B,SDR E,,,,,,Lead,0.0,0.0,6,5,0,0,0,0
L101816,2026-02-12,Inbound,Locadora A,Nordeste,Supervisor A,SDR E,,,,,,Lead,0.0,0.0,6,5,0,0,0,0
L101817,2026-02-15,Inbound,Locadora A,Sudeste,Supervisor C,SDR C,,,,,,Lead,0.0,0.0,6,5,0,0,0,0
L101818,2026-01-25,Inbound,Locadora A,Nordeste,Supervisor D,SDR E,,,,,,Lead,0.0,0.0,6,5,0,0,0,0
L101819,2026-02-23,Inbound,Locadora A,Centro-Oeste,Supervisor A,SDR A,,,,,,Lead,0.0,0.0,6,5,0,0,0,0
L101820,2026-02-26,Inbound,Locadora B,Sudeste,Supervisor A,SDR G,,,,,,Lead,0.0,0.0,6,5,0,0,0,0
L101821,2026-05-19,Inbound,Locadora A,Norte,Supervisor C,SDR E,,,,,,Lead,0.0,0.0,6,5,0,0,0,0
L101822,2026-02-24,Inbound,Locadora A,Centro-Oeste,Supervisor A,SDR C,,,,,,Lead,0.0,0.0,6,5,0,0,0,0
L101823,2026-06-08,Inbound,Locadora A,Nordeste,Supervisor C,SDR C,,,,,,Lead,0.0,0.0,6,5,0,0,0,0
L101824,2026-05-20,Inbound,Locadora A,Sudeste,Supervisor B,SDR C,2026-05-25,2026-05-28,2026-05-29,2026-05-30,2026-06-06,Assinado,59157.9,53061.37,6,5,1,1,1,1
L101825,2026-06-13,Inbound,Locadora A,Sul,Supervisor B,SDR D,,,,,,Lead,0.0,0.0,6,5,0,0,0,0
L101826,2026-01-20,Inbound,Locadora A,Centro-Oeste,Supervisor C,SDR B,,,,,,Lead,0.0,0.0,6,5,0,0,0,0
L101827,2026-06-28,Inbound,Locadora A,Sudeste,Supervisor D,SDR E,,,,,,Lead,0.0,0.0,6,5,0,0,0,0
L101828,2026-04-22,Farmer,Locadora A,Centro-Oeste,Supervisor A,SDR B,,,,,,Lead,0.0,0.0,6,5,0,0,0,0
L101829,2026-06-27,C2C,Locadora A,Centro-Oeste,Supervisor A,SDR C,,,,,,Lead,0.0,0.0,6,5,0,0,0,0
L101830,2026-03-06,Inbound,Locadora B,Sudeste,Supervisor C,SDR G,,,,,,Lead,0.0,0.0,6,5,0,0,0,0
L101831,2026-06-22,Inbound,Locadora A,Centro-Oeste,Supervisor A,SDR E,,,,,,Lead,0.0,0.0,6,5,0,0,0,0
L101832,2026-04-17,Inbound,Locadora A,Sudeste,Supervisor B,SDR H,,,,,,Lead,0.0,0.0,6,5,0,0,0,0
L101833,2026-01-13,Farmer,Locadora A,Nordeste,Supervisor B,SDR F,,,,,,Lead,0.0,0.0,6,5,0,0,0,0
L101834,2026-03-16,Inbound,Locadora A,Nordeste,Supervisor B,SDR G,2026-03-18,2026-03-20,,,,Análise de Crédito,0.0,0.0,6,5,1,0,0,0
L101835,2026-01-25,C2C,Locadora A,Sul,Supervisor C,SDR A,,,,,,Lead,0.0,0.0,6,5,0,0,0,0
L101836,2026-06-20,Crossover,Locadora A,Sul,Supervisor A,SDR E,2026-06-24,2026-06-25,,,,Análise de Crédito,0.0,0.0,6,5,1,0,0,0
L101837,2026-02-25,Crossover,Locadora A,Sudeste,Supervisor B,SDR C,,,,,,Lead,0.0,0.0,6,5,0,0,0,0
L101838,2026-02-10,Crossover,Locadora A,Sudeste,Supervisor A,SDR A,2026-02-15,,,,,Pedido,0.0,0.0,6,5,1,0,0,0
L101839,2026-04-11,Crossover,Locadora A,Nordeste,Supervisor D,SDR A,2026-04-15,2026-04-19,2026-04-21,,,Aprovado,0.0,0.0,6,5,1,1,0,0
L101840,2026-03-18,C2C,Locadora B,Sudeste,Supervisor D,SDR B,,,,,,Lead,0.0,0.0,6,5,0,0,0,0
L101841,2026-01-18,Inbound,Locadora A,Sudeste,Supervisor B,SDR A,,,,,,Lead,0.0,0.0,6,5,0,0,0,0
L101842,2026-05-28,Inbound,Locadora A,Sudeste,Supervisor A,SDR D,,,,,,Lead,0.0,0.0,6,5,0,0,0,0
L101843,2026-06-03,Inbound,Locadora B,Centro-Oeste,Supervisor B,SDR A,2026-06-08,2026-06-11,2026-06-12,,,Aprovado,0.0,0.0,6,5,1,1,0,0
L101844,2026-05-15,Inbound,Locadora A,Nordeste,Supervisor D,SDR G,,,,,,Lead,0.0,0.0,6,5,0,0,0,0
L101845,2026-04-22,Inbound,Locadora B,Sudeste,Supervisor D,SDR E,2026-04-23,2026-04-26,2026-04-30,,,Aprovado,0.0,0.0,6,5,1,1,0,0
L101846,2026-03-14,Crossover,Locadora A,Sudeste,Supervisor C,SDR H,,,,,,Lead,0.0,0.0,6,5,0,0,0,0
L101847,2026-04-09,Inbound,Locadora A,Sudeste,Supervisor D,SDR A,,,,,,Lead,0.0,0.0,6,5,0,0,0,0
L101848,2026-04-05,Crossover,Locadora B,Sudeste,Supervisor A,SDR A,,,,,,Lead,0.0,0.0,6,5,0,0,0,0
L101849,2026-01-30,Farmer,Locadora A,Sudeste,Supervisor C,SDR G,2026-02-02,2026-02-03,,,,Análise de Crédito,0.0,0.0,6,5,1,0,0,0
L101850,2026-01-15,Inbound,Locadora A,Centro-Oeste,Supervisor D,SDR D,,,,,,Lead,0.0,0.0,6,5,0,0,0,0
L101851,2026-02-15,Farmer,Locadora A,Sul,Supervisor A,SDR G,,,,,,Lead,0.0,0.0,6,5,0,0,0,0
L101852,2026-03-24,Farmer,Locadora A,Sudeste,Supervisor B,SDR B,2026-03-27,2026-03-28,2026-03-30,2026-04-06,2026-04-14,Assinado,47365.15,40964.41,6,5,1,1,1,1
L101853,2026-01-30,Crossover,Locadora A,Sul,Supervisor B,SDR A,,,,,,Lead,0.0,0.0,6,5,0,0,0,0
L101854,2026-01-20,Crossover,Locadora B,Nordeste,Supervisor A,SDR D,,,,,,Lead,0.0,0.0,6,5,0,0,0,0
L101855,2026-06-04,C2C,Locadora A,Sudeste,Supervisor A,SDR E,,,,,,Lead,0.0,0.0,6,5,0,0,0,0
L101856,2026-03-09,Inbound,Locadora A,Sudeste,Supervisor D,SDR A,,,,,,Lead,0.0,0.0,6,5,0,0,0,0
L101857,2026-04-16,Inbound,Locadora A,Centro-Oeste,Supervisor C,SDR A,2026-04-18,2026-04-20,,,,Análise de Crédito,0.0,0.0,6,5,1,0,0,0
L101858,2026-04-05,Crossover,Locadora A,Sudeste,Supervisor A,SDR B,,,,,,Lead,0.0,0.0,6,5,0,0,0,0
L101859,2026-05-14,Inbound,Locadora A,Nordeste,Supervisor C,SDR A,,,,,,Lead,0.0,0.0,6,5,0,0,0,0
L101860,2026-05-14,Inbound,Locadora A,Nordeste,Supervisor C,SDR H,,,,,,Lead,0.0,0.0,6,5,0,0,0,0
L101861,2026-02-23,C2C,Locadora B,Nordeste,Supervisor B,SDR H,,,,,,Lead,0.0,0.0,6,5,0,0,0,0
L101862,2026-06-03,Inbound,Locadora A,Sudeste,Supervisor B,SDR A,,,,,,Lead,0.0,0.0,6,5,0,0,0,0
L101863,2026-03-09,Farmer,Locadora A,Sudeste,Supervisor C,SDR D,,,,,,Lead,0.0,0.0,6,5,0,0,0,0
L101864,2026-06-01,Inbound,Locadora A,Nordeste,Supervisor D,SDR D,,,,,,Lead,0.0,0.0,6,5,0,0,0,0
L101865,2026-03-15,Crossover,Locadora A,Sul,Supervisor D,SDR A,2026-03-17,2026-03-19,,,,Análise de Crédito,0.0,0.0,6,5,1,0,0,0
L101866,2026-01-21,Inbound,Locadora A,Sudeste,Supervisor B,SDR F,2026-01-26,,,,,Pedido,0.0,0.0,6,5,1,0,0,0
L101867,2026-05-18,Inbound,Locadora A,Sul,Supervisor A,SDR G,,,,,,Lead,0.0,0.0,6,5,0,0,0,0
L101868,2026-01-06,Inbound,Locadora A,Sudeste,Supervisor A,SDR E,2026-01-10,,,,,Pedido,0.0,0.0,6,5,1,0,0,0
L101869,2026-05-20,Inbound,Locadora B,Centro-Oeste,Supervisor A,SDR H,,,,,,Lead,0.0,0.0,6,5,0,0,0,0
L101870,2026-01-08,Inbound,Locadora A,Norte,Supervisor A,SDR F,,,,,,Lead,0.0,0.0,6,5,0,0,0,0
L101871,2026-02-07,Inbound,Locadora A,Centro-Oeste,Supervisor D,SDR E,,,,,,Lead,0.0,0.0,6,5,0,0,0,0
L101872,2026-04-20,Inbound,Locadora B,Sul,Supervisor C,SDR H,,,,,,Lead,0.0,0.0,6,5,0,0,0,0
L101873,2026-06-20,Inbound,Locadora A,Norte,Supervisor A,SDR F,,,,,,Lead,0.0,0.0,6,5,0,0,0,0
L101874,2026-03-15,Inbound,Locadora B,Centro-Oeste,Supervisor D,SDR G,,,,,,Lead,0.0,0.0,6,5,0,0,0,0
L101875,2026-01-22,Inbound,Locadora A,Sudeste,Supervisor A,SDR G,,,,,,Lead,0.0,0.0,6,5,0,0,0,0
L101876,2026-02-12,Inbound,Locadora A,Centro-Oeste,Supervisor C,SDR A,,,,,,Lead,0.0,0.0,6,5,0,0,0,0
L101877,2026-06-12,Inbound,Locadora A,Sudeste,Supervisor A,SDR F,,,,,,Lead,0.0,0.0,6,5,0,0,0,0
L101878,2026-05-12,Inbound,Locadora A,Sudeste,Supervisor C,SDR F,,,,,,Lead,0.0,0.0,6,5,0,0,0,0
L101879,2026-01-19,Inbound,Locadora B,Sul,Supervisor C,SDR D,2026-01-24,2026-01-28,,,,Análise de Crédito,0.0,0.0,6,5,1,0,0,0
L101880,2026-03-11,Crossover,Locadora A,Sudeste,Supervisor D,SDR E,2026-03-12,2026-03-15,2026-03-18,,,Aprovado,0.0,0.0,6,5,1,1,0,0
L101881,2026-02-17,Inbound,Locadora B,Sudeste,Supervisor C,SDR G,2026-02-22,2026-02-23,,,,Análise de Crédito,0.0,0.0,6,5,1,0,0,0
L101882,2026-02-02,Inbound,Locadora B,Sul,Supervisor B,SDR B,,,,,,Lead,0.0,0.0,6,5,0,0,0,0
L101883,2026-06-03,Inbound,Locadora B,Sudeste,Supervisor C,SDR E,,,,,,Lead,0.0,0.0,6,5,0,0,0,0
L101884,2026-04-22,C2C,Locadora B,Sul,Supervisor C,SDR G,,,,,,Lead,0.0,0.0,6,5,0,0,0,0
L101885,2026-02-02,C2C,Locadora A,Sudeste,Supervisor B,SDR C,2026-02-06,2026-02-08,,,,Análise de Crédito,0.0,0.0,6,5,1,0,0,0
L101886,2026-04-28,Crossover,Locadora A,Centro-Oeste,Supervisor C,SDR C,,,,,,Lead,0.0,0.0,6,5,0,0,0,0
L101887,2026-03-16,Inbound,Locadora B,Nordeste,Supervisor C,SDR A,,,,,,Lead,0.0,0.0,6,5,0,0,0,0
L101888,2026-01-12,Inbound,Locadora A,Sudeste,Supervisor D,SDR C,,,,,,Lead,0.0,0.0,6,5,0,0,0,0
L101889,2026-03-23,C2C,Locadora A,Nordeste,Supervisor A,SDR C,2026-03-26,2026-03-28,,,,Análise de Crédito,0.0,0.0,6,5,1,0,0,0
L101890,2026-02-03,Inbound,Locadora A,Sudeste,Supervisor C,SDR H,,,,,,Lead,0.0,0.0,6,5,0,0,0,0
L101891,2026-02-14,Inbound,Locadora A,Sudeste,Supervisor D,SDR A,,,,,,Lead,0.0,0.0,6,5,0,0,0,0
L101892,2026-06-09,Inbound,Locadora B,Sudeste,Supervisor C,SDR F,2026-06-11,2026-06-15,,,,Análise de Crédito,0.0,0.0,6,5,1,0,0,0
L101893,2026-05-09,Inbound,Locadora A,Sudeste,Supervisor D,SDR A,,,,,,Lead,0.0,0.0,6,5,0,0,0,0
L101894,2026-01-25,Inbound,Locadora A,Sudeste,Supervisor B,SDR G,,,,,,Lead,0.0,0.0,6,5,0,0,0,0
L101895,2026-06-04,Inbound,Locadora B,Centro-Oeste,Supervisor C,SDR D,2026-06-09,2026-06-10,2026-06-14,,,Aprovado,0.0,0.0,6,5,1,1,0,0
L101896,2026-04-14,Inbound,Locadora A,Nordeste,Supervisor A,SDR D,,,,,,Lead,0.0,0.0,6,5,0,0,0,0
L101897,2026-06-08,Inbound,Locadora B,Norte,Supervisor B,SDR H,,,,,,Lead,0.0,0.0,6,5,0,0,0,0
L101898,2026-05-16,C2C,Locadora A,Norte,Supervisor A,SDR F,,,,,,Lead,0.0,0.0,6,5,0,0,0,0
L101899,2026-03-03,Farmer,Locadora A,Sudeste,Supervisor D,SDR A,,,,,,Lead,0.0,0.0,6,5,0,0,0,0
L101900,2026-04-07,Inbound,Locadora A,Sudeste,Supervisor D,SDR C,2026-04-12,2026-04-14,,,,Análise de Crédito,0.0,0.0,6,5,1,0,0,0
L101901,2026-04-07,Inbound,Locadora A,Sudeste,Supervisor A,SDR C,,,,,,Lead,0.0,0.0,6,5,0,0,0,0
L101902,2026-05-11,Inbound,Locadora A,Sul,Supervisor D,SDR E,,,,,,Lead,0.0,0.0,6,5,0,0,0,0
L101903,2026-02-14,C2C,Locadora A,Nordeste,Supervisor B,SDR G,,,,,,Lead,0.0,0.0,6,5,0,0,0,0
L101904,2026-03-02,Inbound,Locadora A,Sudeste,Supervisor C,SDR F,,,,,,Lead,0.0,0.0,6,5,0,0,0,0
L101905,2026-02-14,Inbound,Locadora A,Sudeste,Supervisor D,SDR D,2026-02-15,2026-02-16,2026-02-19,2026-02-21,,Formalizado,31419.6,0.0,6,5,1,1,1,0
L101906,2026-02-23,C2C,Locadora A,Sudeste,Supervisor D,SDR F,,,,,,Lead,0.0,0.0,6,5,0,0,0,0
L101907,2026-01-30,Crossover,Locadora A,Nordeste,Supervisor A,SDR G,2026-01-31,2026-02-02,2026-02-04,2026-02-10,2026-02-17,Assinado,88106.45,88925.27,6,5,1,1,1,1
L101908,2026-01-07,Inbound,Locadora B,Sudeste,Supervisor A,SDR A,,,,,,Lead,0.0,0.0,6,5,0,0,0,0
L101909,2026-06-20,Inbound,Locadora B,Centro-Oeste,Supervisor A,SDR E,,,,,,Lead,0.0,0.0,6,5,0,0,0,0
L101910,2026-01-14,Crossover,Locadora A,Sul,Supervisor D,SDR F,,,,,,Lead,0.0,0.0,6,5,0,0,0,0
L101911,2026-06-10,Inbound,Locadora A,Sudeste,Supervisor C,SDR E,,,,,,Lead,0.0,0.0,6,5,0,0,0,0
L101912,2026-01-01,Inbound,Locadora A,Sudeste,Supervisor A,SDR B,,,,,,Lead,0.0,0.0,6,5,0,0,0,0
L101913,2026-05-21,C2C,Locadora A,Centro-Oeste,Supervisor C,SDR B,,,,,,Lead,0.0,0.0,6,5,0,0,0,0
L101914,2026-03-01,Inbound,Locadora B,Centro-Oeste,Supervisor C,SDR C,,,,,,Lead,0.0,0.0,6,5,0,0,0,0
L101915,2026-04-04,Farmer,Locadora B,Sudeste,Supervisor C,SDR C,2026-04-05,2026-04-07,2026-04-10,,,Aprovado,0.0,0.0,6,5,1,1,0,0
L101916,2026-02-21,Farmer,Locadora A,Sudeste,Supervisor C,SDR H,2026-02-24,2026-02-25,2026-02-26,,,Aprovado,0.0,0.0,6,5,1,1,0,0
L101917,2026-03-30,Inbound,Locadora A,Sudeste,Supervisor A,SDR E,2026-04-03,2026-04-04,2026-04-08,,,Aprovado,0.0,0.0,6,5,1,1,0,0
L101918,2026-03-23,C2C,Locadora B,Sudeste,Supervisor B,SDR G,,,,,,Lead,0.0,0.0,6,5,0,0,0,0
L101919,2026-04-06,Inbound,Locadora A,Sudeste,Supervisor C,SDR A,2026-04-11,2026-04-14,2026-04-16,2026-04-23,2026-04-25,Assinado,36042.12,30526.37,6,5,1,1,1,1
L101920,2026-03-13,Inbound,Locadora A,Sudeste,Supervisor D,SDR G,,,,,,Lead,0.0,0.0,6,5,0,0,0,0
L101921,2026-04-08,Inbound,Locadora A,Centro-Oeste,Supervisor A,SDR B,,,,,,Lead,0.0,0.0,6,5,0,0,0,0
L101922,2026-05-30,Inbound,Locadora A,Nordeste,Supervisor C,SDR E,,,,,,Lead,0.0,0.0,6,5,0,0,0,0
L101923,2026-03-20,C2C,Locadora A,Centro-Oeste,Supervisor D,SDR D,,,,,,Lead,0.0,0.0,6,5,0,0,0,0
L101924,2026-03-07,Inbound,Locadora A,Centro-Oeste,Supervisor C,SDR G,,,,,,Lead,0.0,0.0,6,5,0,0,0,0
L101925,2026-01-24,Inbound,Locadora A,Norte,Supervisor A,SDR F,,,,,,Lead,0.0,0.0,6,5,0,0,0,0
L101926,2026-03-07,Inbound,Locadora A,Norte,Supervisor C,SDR D,2026-03-10,2026-03-13,,,,Análise de Crédito,0.0,0.0,6,5,1,0,0,0
L101927,2026-01-23,Inbound,Locadora B,Sudeste,Supervisor A,SDR E,,,,,,Lead,0.0,0.0,6,5,0,0,0,0
L101928,2026-02-03,Inbound,Locadora B,Sudeste,Supervisor B,SDR F,2026-02-04,2026-02-05,,,,Análise de Crédito,0.0,0.0,6,5,1,0,0,0
L101929,2026-06-22,Inbound,Locadora A,Sudeste,Supervisor C,SDR F,2026-06-24,2026-06-28,,,,Análise de Crédito,0.0,0.0,6,5,1,0,0,0
L101930,2026-01-17,Farmer,Locadora A,Nordeste,Supervisor A,SDR E,2026-01-22,2026-01-26,2026-01-28,2026-01-30,2026-01-31,Assinado,56734.63,54431.04,6,5,1,1,1,1
L101931,2026-03-29,Inbound,Locadora B,Sudeste,Supervisor A,SDR F,,,,,,Lead,0.0,0.0,6,5,0,0,0,0
L101932,2026-06-01,Farmer,Locadora A,Sudeste,Supervisor D,SDR G,,,,,,Lead,0.0,0.0,6,5,0,0,0,0
L101933,2026-06-22,Inbound,Locadora A,Sul,Supervisor C,SDR A,2026-06-27,2026-06-28,,,,Análise de Crédito,0.0,0.0,6,5,1,0,0,0
L101934,2026-01-27,Inbound,Locadora A,Sul,Supervisor B,SDR C,,,,,,Lead,0.0,0.0,6,5,0,0,0,0
L101935,2026-01-30,Crossover,Locadora A,Sul,Supervisor A,SDR H,,,,,,Lead,0.0,0.0,6,5,0,0,0,0
L101936,2026-03-09,Inbound,Locadora B,Nordeste,Supervisor A,SDR C,,,,,,Lead,0.0,0.0,6,5,0,0,0,0
L101937,2026-04-11,Farmer,Locadora A,Sul,Supervisor B,SDR G,2026-04-16,2026-04-19,,,,Análise de Crédito,0.0,0.0,6,5,1,0,0,0
L101938,2026-06-23,Inbound,Locadora A,Nordeste,Supervisor C,SDR E,,,,,,Lead,0.0,0.0,6,5,0,0,0,0
L101939,2026-02-07,Inbound,Locadora B,Sudeste,Supervisor A,SDR C,,,,,,Lead,0.0,0.0,6,5,0,0,0,0
L101940,2026-01-30,C2C,Locadora A,Nordeste,Supervisor D,SDR C,,,,,,Lead,0.0,0.0,6,5,0,0,0,0
L101941,2026-02-15,Crossover,Locadora B,Sul,Supervisor B,SDR D,,,,,,Lead,0.0,0.0,6,5,0,0,0,0
L101942,2026-06-08,Inbound,Locadora A,Sudeste,Supervisor A,SDR A,,,,,,Lead,0.0,0.0,6,5,0,0,0,0
L101943,2026-01-06,C2C,Locadora A,Norte,Supervisor A,SDR C,2026-01-09,2026-01-13,,,,Análise de Crédito,0.0,0.0,6,5,1,0,0,0
L101944,2026-03-10,Inbound,Locadora B,Norte,Supervisor D,SDR F,,,,,,Lead,0.0,0.0,6,5,0,0,0,0
L101945,2026-01-22,Farmer,Locadora B,Nordeste,Supervisor B,SDR H,,,,,,Lead,0.0,0.0,6,5,0,0,0,0
L101946,2026-01-29,Inbound,Locadora B,Nordeste,Supervisor B,SDR H,,,,,,Lead,0.0,0.0,6,5,0,0,0,0
L101947,2026-06-15,Farmer,Locadora B,Sudeste,Supervisor A,SDR D,,,,,,Lead,0.0,0.0,6,5,0,0,0,0
L101948,2026-01-01,Inbound,Locadora A,Sudeste,Supervisor D,SDR G,,,,,,Lead,0.0,0.0,6,5,0,0,0,0
L101949,2026-02-28,Inbound,Locadora A,Sudeste,Supervisor D,SDR D,,,,,,Lead,0.0,0.0,6,5,0,0,0,0
L101950,2026-06-15,Inbound,Locadora A,Nordeste,Supervisor A,SDR G,,,,,,Lead,0.0,0.0,6,5,0,0,0,0
L101951,2026-04-21,Farmer,Locadora B,Nordeste,Supervisor C,SDR H,,,,,,Lead,0.0,0.0,6,5,0,0,0,0
L101952,2026-01-13,Inbound,Locadora A,Norte,Supervisor B,SDR D,,,,,,Lead,0.0,0.0,6,5,0,0,0,0
L101953,2026-03-26,C2C,Locadora A,Nordeste,Supervisor A,SDR E,,,,,,Lead,0.0,0.0,6,5,0,0,0,0
L101954,2026-06-25,Inbound,Locadora B,Sul,Supervisor D,SDR G,,,,,,Lead,0.0,0.0,6,5,0,0,0,0
L101955,2026-03-14,Inbound,Locadora B,Sudeste,Supervisor A,SDR B,,,,,,Lead,0.0,0.0,6,5,0,0,0,0
L101956,2026-04-06,C2C,Locadora B,Sudeste,Supervisor D,SDR B,,,,,,Lead,0.0,0.0,6,5,0,0,0,0
L101957,2026-04-07,Inbound,Locadora A,Sul,Supervisor A,SDR F,,,,,,Lead,0.0,0.0,6,5,0,0,0,0
L101958,2026-04-30,Inbound,Locadora A,Centro-Oeste,Supervisor B,SDR B,,,,,,Lead,0.0,0.0,6,5,0,0,0,0
L101959,2026-02-03,Inbound,Locadora B,Sudeste,Supervisor A,SDR G,,,,,,Lead,0.0,0.0,6,5,0,0,0,0
L101960,2026-06-01,Crossover,Locadora A,Nordeste,Supervisor A,SDR C,,,,,,Lead,0.0,0.0,6,5,0,0,0,0
L101961,2026-06-28,Crossover,Locadora A,Centro-Oeste,Supervisor B,SDR C,,,,,,Lead,0.0,0.0,6,5,0,0,0,0
L101962,2026-01-26,Inbound,Locadora B,Sudeste,Supervisor D,SDR G,2026-01-29,2026-01-30,,,,Análise de Crédito,0.0,0.0,6,5,1,0,0,0
L101963,2026-05-29,Inbound,Locadora A,Nordeste,Supervisor B,SDR E,2026-05-31,2026-06-04,2026-06-06,,,Aprovado,0.0,0.0,6,5,1,1,0,0
L101964,2026-05-28,Inbound,Locadora A,Sul,Supervisor C,SDR G,,,,,,Lead,0.0,0.0,6,5,0,0,0,0
L101965,2026-05-15,Crossover,Locadora A,Centro-Oeste,Supervisor D,SDR F,,,,,,Lead,0.0,0.0,6,5,0,0,0,0
L101966,2026-03-09,Inbound,Locadora A,Sudeste,Supervisor B,SDR E,,,,,,Lead,0.0,0.0,6,5,0,0,0,0
L101967,2026-03-26,Inbound,Locadora B,Sudeste,Supervisor D,SDR E,,,,,,Lead,0.0,0.0,6,5,0,0,0,0
L101968,2026-06-01,Crossover,Locadora A,Sudeste,Supervisor B,SDR G,2026-06-03,,,,,Pedido,0.0,0.0,6,5,1,0,0,0
L101969,2026-01-28,Inbound,Locadora A,Sul,Supervisor A,SDR H,,,,,,Lead,0.0,0.0,6,5,0,0,0,0
L101970,2026-05-31,Inbound,Locadora A,Centro-Oeste,Supervisor B,SDR A,2026-06-05,2026-06-06,,,,Análise de Crédito,0.0,0.0,6,5,1,0,0,0
L101971,2026-06-16,Crossover,Locadora B,Norte,Supervisor A,SDR E,2026-06-18,2026-06-20,,,,Análise de Crédito,0.0,0.0,6,5,1,0,0,0
L101972,2026-05-04,Inbound,Locadora B,Nordeste,Supervisor D,SDR G,,,,,,Lead,0.0,0.0,6,5,0,0,0,0
L101973,2026-03-03,C2C,Locadora A,Sudeste,Supervisor A,SDR F,,,,,,Lead,0.0,0.0,6,5,0,0,0,0
L101974,2026-04-12,Inbound,Locadora A,Norte,Supervisor D,SDR D,,,,,,Lead,0.0,0.0,6,5,0,0,0,0
L101975,2026-01-10,Inbound,Locadora A,Sudeste,Supervisor A,SDR G,,,,,,Lead,0.0,0.0,6,5,0,0,0,0
L101976,2026-06-18,Inbound,Locadora A,Sudeste,Supervisor A,SDR D,,,,,,Lead,0.0,0.0,6,5,0,0,0,0
L101977,2026-03-03,Inbound,Locadora A,Centro-Oeste,Supervisor C,SDR B,2026-03-04,2026-03-05,,,,Análise de Crédito,0.0,0.0,6,5,1,0,0,0
L101978,2026-01-11,Farmer,Locadora A,Nordeste,Supervisor A,SDR C,,,,,,Lead,0.0,0.0,6,5,0,0,0,0
L101979,2026-05-24,C2C,Locadora A,Norte,Supervisor A,SDR A,,,,,,Lead,0.0,0.0,6,5,0,0,0,0
L101980,2026-04-30,C2C,Locadora A,Nordeste,Supervisor D,SDR F,2026-05-03,2026-05-05,,,,Análise de Crédito,0.0,0.0,6,5,1,0,0,0
L101981,2026-04-23,Inbound,Locadora A,Sudeste,Supervisor A,SDR H,,,,,,Lead,0.0,0.0,6,5,0,0,0,0
L101982,2026-01-10,Inbound,Locadora A,Sudeste,Supervisor C,SDR D,,,,,,Lead,0.0,0.0,6,5,0,0,0,0
L101983,2026-05-16,Inbound,Locadora A,Sudeste,Supervisor A,SDR F,,,,,,Lead,0.0,0.0,6,5,0,0,0,0
L101984,2026-04-26,Inbound,Locadora A,Sul,Supervisor A,SDR H,,,,,,Lead,0.0,0.0,6,5,0,0,0,0
L101985,2026-05-24,Inbound,Locadora A,Sul,Supervisor C,SDR D,2026-05-27,2026-05-28,2026-05-30,,,Aprovado,0.0,0.0,6,5,1,1,0,0
L101986,2026-05-30,Inbound,Locadora A,Sudeste,Supervisor B,SDR H,,,,,,Lead,0.0,0.0,6,5,0,0,0,0
L101987,2026-02-08,Inbound,Locadora B,Sul,Supervisor A,SDR A,,,,,,Lead,0.0,0.0,6,5,0,0,0,0
L101988,2026-02-08,C2C,Locadora A,Sul,Supervisor C,SDR F,,,,,,Lead,0.0,0.0,6,5,0,0,0,0
L101989,2026-06-17,Crossover,Locadora B,Centro-Oeste,Supervisor D,SDR B,,,,,,Lead,0.0,0.0,6,5,0,0,0,0
L101990,2026-04-07,Crossover,Locadora A,Sudeste,Supervisor C,SDR G,,,,,,Lead,0.0,0.0,6,5,0,0,0,0
L101991,2026-03-21,C2C,Locadora A,Sudeste,Supervisor B,SDR A,,,,,,Lead,0.0,0.0,6,5,0,0,0,0
L101992,2026-02-21,Inbound,Locadora A,Centro-Oeste,Supervisor D,SDR G,2026-02-24,2026-02-26,2026-03-02,,,Aprovado,0.0,0.0,6,5,1,1,0,0
L101993,2026-04-26,Inbound,Locadora A,Centro-Oeste,Supervisor B,SDR D,,,,,,Lead,0.0,0.0,6,5,0,0,0,0
L101994,2026-05-17,Inbound,Locadora B,Sudeste,Supervisor C,SDR B,,,,,,Lead,0.0,0.0,6,5,0,0,0,0
L101995,2026-01-01,Inbound,Locadora B,Sudeste,Supervisor B,SDR E,2026-01-03,2026-01-06,,,,Análise de Crédito,0.0,0.0,6,5,1,0,0,0
L101996,2026-04-11,Inbound,Locadora A,Norte,Supervisor C,SDR H,,,,,,Lead,0.0,0.0,6,5,0,0,0,0
L101997,2026-06-29,Inbound,Locadora B,Centro-Oeste,Supervisor C,SDR B,,,,,,Lead,0.0,0.0,6,5,0,0,0,0
L101998,2026-02-20,Inbound,Locadora A,Sudeste,Supervisor B,SDR C,2026-02-24,2026-02-27,2026-02-28,2026-03-06,2026-03-14,Assinado,59110.54,54246.46,6,5,1,1,1,1
L101999,2026-02-20,Inbound,Locadora B,Sul,Supervisor B,SDR F,,,,,,Lead,0.0,0.0,6,5,0,0,0,0
L102000,2026-06-08,Inbound,Locadora B,Sul,Supervisor B,SDR A,,,,,,Lead,0.0,0.0,6,5,0,0,0,0
L102001,2026-01-12,Inbound,Locadora A,Sudeste,Supervisor B,SDR H,,,,,,Lead,0.0,0.0,6,5,0,0,0,0
L102002,2026-03-13,Farmer,Locadora B,Sudeste,Supervisor A,SDR E,,,,,,Lead,0.0,0.0,6,5,0,0,0,0
L102003,2026-03-24,Inbound,Locadora B,Norte,Supervisor B,SDR H,,,,,,Lead,0.0,0.0,6,5,0,0,0,0
L102004,2026-05-25,Crossover,Locadora A,Sul,Supervisor A,SDR D,2026-05-26,2026-05-27,2026-05-31,,,Aprovado,0.0,0.0,6,5,1,1,0,0
L102005,2026-01-24,Inbound,Locadora A,Sudeste,Supervisor B,SDR G,,,,,,Lead,0.0,0.0,6,5,0,0,0,0
L102006,2026-03-20,Farmer,Locadora B,Nordeste,Supervisor B,SDR C,,,,,,Lead,0.0,0.0,6,5,0,0,0,0
L102007,2026-01-28,Inbound,Locadora A,Sul,Supervisor A,SDR D,2026-01-30,,,,,Pedido,0.0,0.0,6,5,1,0,0,0
L102008,2026-05-23,Inbound,Locadora A,Sul,Supervisor B,SDR C,,,,,,Lead,0.0,0.0,6,5,0,0,0,0
L102009,2026-04-25,Inbound,Locadora B,Sudeste,Supervisor C,SDR E,,,,,,Lead,0.0,0.0,6,5,0,0,0,0
L102010,2026-03-31,Inbound,Locadora A,Sudeste,Supervisor D,SDR B,,,,,,Lead,0.0,0.0,6,5,0,0,0,0
L102011,2026-03-13,Inbound,Locadora B,Sudeste,Supervisor C,SDR E,,,,,,Lead,0.0,0.0,6,5,0,0,0,0
L102012,2026-01-28,Inbound,Locadora A,Norte,Supervisor C,SDR G,,,,,,Lead,0.0,0.0,6,5,0,0,0,0
L102013,2026-06-16,Farmer,Locadora A,Sul,Supervisor C,SDR B,,,,,,Lead,0.0,0.0,6,5,0,0,0,0
L102014,2026-04-28,Inbound,Locadora B,Nordeste,Supervisor D,SDR G,2026-05-03,2026-05-07,,,,Análise de Crédito,0.0,0.0,6,5,1,0,0,0
L102015,2026-02-27,Inbound,Locadora A,Sudeste,Supervisor D,SDR G,,,,,,Lead,0.0,0.0,6,5,0,0,0,0
L102016,2026-03-16,Inbound,Locadora A,Centro-Oeste,Supervisor A,SDR A,,,,,,Lead,0.0,0.0,6,5,0,0,0,0
L102017,2026-05-12,Inbound,Locadora A,Sul,Supervisor B,SDR F,,,,,,Lead,0.0,0.0,6,5,0,0,0,0
L102018,2026-05-11,Inbound,Locadora A,Centro-Oeste,Supervisor D,SDR D,,,,,,Lead,0.0,0.0,6,5,0,0,0,0
L102019,2026-03-25,Inbound,Locadora A,Sudeste,Supervisor D,SDR F,,,,,,Lead,0.0,0.0,6,5,0,0,0,0
L102020,2026-02-24,C2C,Locadora A,Sul,Supervisor C,SDR C,,,,,,Lead,0.0,0.0,6,5,0,0,0,0
L102021,2026-04-30,C2C,Locadora B,Sudeste,Supervisor B,SDR B,,,,,,Lead,0.0,0.0,6,5,0,0,0,0
L102022,2026-04-30,C2C,Locadora B,Sudeste,Supervisor A,SDR C,,,,,,Lead,0.0,0.0,6,5,0,0,0,0
L102023,2026-04-19,Inbound,Locadora B,Nordeste,Supervisor B,SDR B,,,,,,Lead,0.0,0.0,6,5,0,0,0,0
L102024,2026-01-14,Inbound,Locadora A,Sudeste,Supervisor C,SDR D,,,,,,Lead,0.0,0.0,6,5,0,0,0,0
L102025,2026-03-27,Inbound,Locadora A,Sudeste,Supervisor C,SDR G,,,,,,Lead,0.0,0.0,6,5,0,0,0,0
L102026,2026-04-22,Inbound,Locadora A,Nordeste,Supervisor C,SDR G,,,,,,Lead,0.0,0.0,6,5,0,0,0,0
L102027,2026-06-21,Inbound,Locadora B,Sudeste,Supervisor A,SDR B,,,,,,Lead,0.0,0.0,6,5,0,0,0,0
L102028,2026-04-06,Inbound,Locadora A,Sul,Supervisor D,SDR E,,,,,,Lead,0.0,0.0,6,5,0,0,0,0
L102029,2026-03-04,Crossover,Locadora B,Nordeste,Supervisor A,SDR A,2026-03-08,2026-03-11,2026-03-14,,,Aprovado,0.0,0.0,6,5,1,1,0,0
L102030,2026-04-11,Crossover,Locadora A,Centro-Oeste,Supervisor B,SDR A,2026-04-12,2026-04-14,,,,Análise de Crédito,0.0,0.0,6,5,1,0,0,0
L102031,2026-02-02,C2C,Locadora A,Sudeste,Supervisor C,SDR F,,,,,,Lead,0.0,0.0,6,5,0,0,0,0
L102032,2026-01-17,Crossover,Locadora B,Sul,Supervisor B,SDR C,,,,,,Lead,0.0,0.0,6,5,0,0,0,0
L102033,2026-05-03,Inbound,Locadora A,Sul,Supervisor A,SDR F,,,,,,Lead,0.0,0.0,6,5,0,0,0,0
L102034,2026-06-28,Inbound,Locadora B,Sudeste,Supervisor C,SDR B,,,,,,Lead,0.0,0.0,6,5,0,0,0,0
L102035,2026-06-03,Inbound,Locadora B,Centro-Oeste,Supervisor A,SDR A,,,,,,Lead,0.0,0.0,6,5,0,0,0,0
L102036,2026-04-16,C2C,Locadora A,Norte,Supervisor D,SDR F,,,,,,Lead,0.0,0.0,6,5,0,0,0,0
L102037,2026-01-08,Inbound,Locadora A,Sudeste,Supervisor D,SDR B,,,,,,Lead,0.0,0.0,6,5,0,0,0,0
L102038,2026-06-28,C2C,Locadora A,Sudeste,Supervisor B,SDR A,,,,,,Lead,0.0,0.0,6,5,0,0,0,0
L102039,2026-03-23,Farmer,Locadora B,Centro-Oeste,Supervisor B,SDR G,,,,,,Lead,0.0,0.0,6,5,0,0,0,0
L102040,2026-02-22,Inbound,Locadora B,Sudeste,Supervisor D,SDR F,,,,,,Lead,0.0,0.0,6,5,0,0,0,0
L102041,2026-06-11,Crossover,Locadora A,Nordeste,Supervisor A,SDR H,,,,,,Lead,0.0,0.0,6,5,0,0,0,0
L102042,2026-05-16,Inbound,Locadora A,Sudeste,Supervisor B,SDR E,2026-05-18,2026-05-22,,,,Análise de Crédito,0.0,0.0,6,5,1,0,0,0
L102043,2026-05-16,Inbound,Locadora A,Sudeste,Supervisor A,SDR D,,,,,,Lead,0.0,0.0,6,5,0,0,0,0
L102044,2026-02-20,Inbound,Locadora A,Centro-Oeste,Supervisor A,SDR F,,,,,,Lead,0.0,0.0,6,5,0,0,0,0
L102045,2026-06-29,C2C,Locadora B,Norte,Supervisor D,SDR G,,,,,,Lead,0.0,0.0,6,5,0,0,0,0
L102046,2026-03-23,Inbound,Locadora B,Sudeste,Supervisor A,SDR F,2026-03-27,2026-03-31,,,,Análise de Crédito,0.0,0.0,6,5,1,0,0,0
L102047,2026-04-07,C2C,Locadora A,Nordeste,Supervisor D,SDR C,,,,,,Lead,0.0,0.0,6,5,0,0,0,0
L102048,2026-05-16,Crossover,Locadora A,Sudeste,Supervisor D,SDR H,,,,,,Lead,0.0,0.0,6,5,0,0,0,0
L102049,2026-04-30,C2C,Locadora A,Sudeste,Supervisor C,SDR F,,,,,,Lead,0.0,0.0,6,5,0,0,0,0
L102050,2026-02-01,Inbound,Locadora A,Sul,Supervisor C,SDR H,,,,,,Lead,0.0,0.0,6,5,0,0,0,0
L102051,2026-02-24,Inbound,Locadora A,Sudeste,Supervisor A,SDR E,,,,,,Lead,0.0,0.0,6,5,0,0,0,0
L102052,2026-03-07,Inbound,Locadora B,Centro-Oeste,Supervisor A,SDR D,,,,,,Lead,0.0,0.0,6,5,0,0,0,0
L102053,2026-06-21,Crossover,Locadora A,Sudeste,Supervisor B,SDR G,2026-06-23,2026-06-25,2026-06-27,,,Aprovado,0.0,0.0,6,5,1,1,0,0
L102054,2026-05-10,Farmer,Locadora A,Sul,Supervisor D,SDR E,,,,,,Lead,0.0,0.0,6,5,0,0,0,0
L102055,2026-03-08,Inbound,Locadora A,Sudeste,Supervisor B,SDR G,2026-03-12,2026-03-15,2026-03-16,,,Aprovado,0.0,0.0,6,5,1,1,0,0
L102056,2026-05-13,Inbound,Locadora A,Nordeste,Supervisor A,SDR H,,,,,,Lead,0.0,0.0,6,5,0,0,0,0
L102057,2026-05-14,Inbound,Locadora A,Norte,Supervisor D,SDR C,,,,,,Lead,0.0,0.0,6,5,0,0,0,0
L102058,2026-03-13,Inbound,Locadora B,Sudeste,Supervisor C,SDR B,,,,,,Lead,0.0,0.0,6,5,0,0,0,0
L102059,2026-03-14,Crossover,Locadora A,Sudeste,Supervisor C,SDR B,,,,,,Lead,0.0,0.0,6,5,0,0,0,0
L102060,2026-06-11,Inbound,Locadora A,Norte,Supervisor B,SDR E,,,,,,Lead,0.0,0.0,6,5,0,0,0,0
L102061,2026-04-12,Inbound,Locadora A,Sudeste,Supervisor D,SDR G,2026-04-16,2026-04-17,2026-04-18,,,Aprovado,0.0,0.0,6,5,1,1,0,0
L102062,2026-01-28,Inbound,Locadora A,Nordeste,Supervisor C,SDR H,,,,,,Lead,0.0,0.0,6,5,0,0,0,0
L102063,2026-05-11,Crossover,Locadora A,Sul,Supervisor B,SDR A,,,,,,Lead,0.0,0.0,6,5,0,0,0,0
L102064,2026-04-17,C2C,Locadora A,Nordeste,Supervisor A,SDR A,,,,,,Lead,0.0,0.0,6,5,0,0,0,0
L102065,2026-04-03,Inbound,Locadora A,Sudeste,Supervisor D,SDR F,,,,,,Lead,0.0,0.0,6,5,0,0,0,0
L102066,2026-05-12,Inbound,Locadora B,Sudeste,Supervisor A,SDR C,,,,,,Lead,0.0,0.0,6,5,0,0,0,0
L102067,2026-06-14,Inbound,Locadora A,Sudeste,Supervisor B,SDR D,,,,,,Lead,0.0,0.0,6,5,0,0,0,0
L102068,2026-03-01,Inbound,Locadora A,Sudeste,Supervisor D,SDR A,,,,,,Lead,0.0,0.0,6,5,0,0,0,0
L102069,2026-03-17,Inbound,Locadora A,Sudeste,Supervisor B,SDR A,,,,,,Lead,0.0,0.0,6,5,0,0,0,0
L102070,2026-02-04,Inbound,Locadora B,Norte,Supervisor D,SDR E,,,,,,Lead,0.0,0.0,6,5,0,0,0,0
L102071,2026-04-28,Inbound,Locadora A,Sudeste,Supervisor B,SDR F,,,,,,Lead,0.0,0.0,6,5,0,0,0,0
L102072,2026-03-14,Inbound,Locadora B,Sudeste,Supervisor C,SDR H,,,,,,Lead,0.0,0.0,6,5,0,0,0,0
L102073,2026-03-03,Inbound,Locadora A,Sudeste,Supervisor C,SDR D,,,,,,Lead,0.0,0.0,6,5,0,0,0,0
L102074,2026-05-07,C2C,Locadora B,Sudeste,Supervisor B,SDR F,,,,,,Lead,0.0,0.0,6,5,0,0,0,0
L102075,2026-03-15,Inbound,Locadora A,Sul,Supervisor D,SDR G,2026-03-20,2026-03-21,2026-03-24,,,Aprovado,0.0,0.0,6,5,1,1,0,0
L102076,2026-03-26,Inbound,Locadora A,Sudeste,Supervisor B,SDR D,,,,,,Lead,0.0,0.0,6,5,0,0,0,0
L102077,2026-03-21,Crossover,Locadora A,Nordeste,Supervisor B,SDR B,2026-03-22,2026-03-23,,,,Análise de Crédito,0.0,0.0,6,5,1,0,0,0
L102078,2026-02-16,Inbound,Locadora A,Nordeste,Supervisor C,SDR G,,,,,,Lead,0.0,0.0,6,5,0,0,0,0
L102079,2026-01-23,Inbound,Locadora A,Sudeste,Supervisor D,SDR A,,,,,,Lead,0.0,0.0,6,5,0,0,0,0
L102080,2026-05-30,Inbound,Locadora A,Nordeste,Supervisor D,SDR C,,,,,,Lead,0.0,0.0,6,5,0,0,0,0
L102081,2026-01-17,Inbound,Locadora A,Sudeste,Supervisor B,SDR B,,,,,,Lead,0.0,0.0,6,5,0,0,0,0
L102082,2026-02-28,Inbound,Locadora A,Sudeste,Supervisor A,SDR F,,,,,,Lead,0.0,0.0,6,5,0,0,0,0
L102083,2026-05-01,Crossover,Locadora A,Norte,Supervisor B,SDR C,2026-05-05,2026-05-07,,,,Análise de Crédito,0.0,0.0,6,5,1,0,0,0
L102084,2026-01-24,C2C,Locadora A,Nordeste,Supervisor B,SDR C,,,,,,Lead,0.0,0.0,6,5,0,0,0,0
L102085,2026-04-29,Inbound,Locadora B,Sudeste,Supervisor B,SDR F,,,,,,Lead,0.0,0.0,6,5,0,0,0,0
L102086,2026-05-13,Farmer,Locadora A,Sul,Supervisor B,SDR C,,,,,,Lead,0.0,0.0,6,5,0,0,0,0
L102087,2026-04-30,Inbound,Locadora A,Sudeste,Supervisor A,SDR C,2026-05-05,2026-05-06,2026-05-07,2026-05-12,,Formalizado,74766.13,0.0,6,5,1,1,1,0
L102088,2026-02-25,C2C,Locadora B,Sul,Supervisor C,SDR D,2026-02-28,2026-03-03,2026-03-07,2026-03-09,,Formalizado,44072.97,0.0,6,5,1,1,1,0
L102089,2026-01-04,Inbound,Locadora A,Centro-Oeste,Supervisor D,SDR A,,,,,,Lead,0.0,0.0,6,5,0,0,0,0
L102090,2026-06-10,Inbound,Locadora A,Sudeste,Supervisor B,SDR H,2026-06-13,2026-06-17,2026-06-21,,,Aprovado,0.0,0.0,6,5,1,1,0,0
L102091,2026-03-01,Farmer,Locadora A,Nordeste,Supervisor A,SDR H,,,,,,Lead,0.0,0.0,6,5,0,0,0,0
L102092,2026-05-26,Inbound,Locadora A,Centro-Oeste,Supervisor B,SDR F,2026-05-28,2026-06-01,,,,Análise de Crédito,0.0,0.0,6,5,1,0,0,0
L102093,2026-02-05,Inbound,Locadora A,Sudeste,Supervisor B,SDR A,,,,,,Lead,0.0,0.0,6,5,0,0,0,0
L102094,2026-01-30,C2C,Locadora A,Nordeste,Supervisor C,SDR D,,,,,,Lead,0.0,0.0,6,5,0,0,0,0
L102095,2026-05-21,Inbound,Locadora B,Centro-Oeste,Supervisor B,SDR C,,,,,,Lead,0.0,0.0,6,5,0,0,0,0
L102096,2026-06-20,Inbound,Locadora A,Sudeste,Supervisor B,SDR B,2026-06-25,2026-06-26,,,,Análise de Crédito,0.0,0.0,6,5,1,0,0,0
L102097,2026-06-05,Inbound,Locadora A,Sul,Supervisor C,SDR H,,,,,,Lead,0.0,0.0,6,5,0,0,0,0
L102098,2026-05-16,C2C,Locadora A,Nordeste,Supervisor A,SDR D,,,,,,Lead,0.0,0.0,6,5,0,0,0,0
L102099,2026-02-14,C2C,Locadora A,Norte,Supervisor D,SDR F,,,,,,Lead,0.0,0.0,6,5,0,0,0,0
L102100,2026-06-15,Inbound,Locadora B,Sudeste,Supervisor B,SDR F,,,,,,Lead,0.0,0.0,6,5,0,0,0,0
L102101,2026-05-01,Inbound,Locadora A,Centro-Oeste,Supervisor D,SDR C,,,,,,Lead,0.0,0.0,6,5,0,0,0,0
L102102,2026-02-01,Crossover,Locadora A,Nordeste,Supervisor A,SDR C,2026-02-04,2026-02-06,2026-02-07,,,Aprovado,0.0,0.0,6,5,1,1,0,0
L102103,2026-01-24,Inbound,Locadora A,Norte,Supervisor B,SDR H,,,,,,Lead,0.0,0.0,6,5,0,0,0,0
L102104,2026-06-07,C2C,Locadora B,Sudeste,Supervisor B,SDR G,,,,,,Lead,0.0,0.0,6,5,0,0,0,0
L102105,2026-02-19,Inbound,Locadora A,Sul,Supervisor B,SDR E,,,,,,Lead,0.0,0.0,6,5,0,0,0,0
L102106,2026-05-19,Inbound,Locadora B,Nordeste,Supervisor A,SDR E,,,,,,Lead,0.0,0.0,6,5,0,0,0,0
L102107,2026-01-26,Inbound,Locadora A,Sudeste,Supervisor A,SDR A,,,,,,Lead,0.0,0.0,6,5,0,0,0,0
L102108,2026-02-20,Inbound,Locadora A,Sudeste,Supervisor D,SDR B,2026-02-23,2026-02-26,2026-02-28,,,Aprovado,0.0,0.0,6,5,1,1,0,0
L102109,2026-02-21,C2C,Locadora A,Sul,Supervisor D,SDR A,,,,,,Lead,0.0,0.0,6,5,0,0,0,0
L102110,2026-02-20,Inbound,Locadora A,Sul,Supervisor B,SDR G,,,,,,Lead,0.0,0.0,6,5,0,0,0,0
L102111,2026-05-03,Inbound,Locadora A,Centro-Oeste,Supervisor A,SDR H,,,,,,Lead,0.0,0.0,6,5,0,0,0,0
L102112,2026-06-15,Farmer,Locadora A,Sudeste,Supervisor B,SDR B,,,,,,Lead,0.0,0.0,6,5,0,0,0,0
L102113,2026-06-14,C2C,Locadora A,Nordeste,Supervisor D,SDR C,,,,,,Lead,0.0,0.0,6,5,0,0,0,0
L102114,2026-05-15,Crossover,Locadora A,Sudeste,Supervisor D,SDR C,,,,,,Lead,0.0,0.0,6,5,0,0,0,0
L102115,2026-02-06,C2C,Locadora A,Nordeste,Supervisor D,SDR G,,,,,,Lead,0.0,0.0,6,5,0,0,0,0
L102116,2026-06-23,Inbound,Locadora A,Sudeste,Supervisor D,SDR D,,,,,,Lead,0.0,0.0,6,5,0,0,0,0
L102117,2026-04-09,Farmer,Locadora A,Sudeste,Supervisor C,SDR A,2026-04-12,2026-04-16,2026-04-19,2026-04-26,2026-04-28,Assinado,32299.19,28548.45,6,5,1,1,1,1
L102118,2026-04-09,Crossover,Locadora A,Norte,Supervisor C,SDR E,,,,,,Lead,0.0,0.0,6,5,0,0,0,0
L102119,2026-05-07,Inbound,Locadora A,Nordeste,Supervisor D,SDR B,,,,,,Lead,0.0,0.0,6,5,0,0,0,0
L102120,2026-05-20,Inbound,Locadora B,Sudeste,Supervisor C,SDR F,,,,,,Lead,0.0,0.0,6,5,0,0,0,0
L102121,2026-06-22,Inbound,Locadora A,Sudeste,Supervisor B,SDR G,2026-06-23,2026-06-25,,,,Análise de Crédito,0.0,0.0,6,5,1,0,0,0
L102122,2026-04-16,Inbound,Locadora A,Sul,Supervisor C,SDR A,2026-04-17,2026-04-21,,,,Análise de Crédito,0.0,0.0,6,5,1,0,0,0
L102123,2026-04-21,Inbound,Locadora A,Norte,Supervisor B,SDR H,,,,,,Lead,0.0,0.0,6,5,0,0,0,0
L102124,2026-05-15,Inbound,Locadora B,Sudeste,Supervisor C,SDR F,,,,,,Lead,0.0,0.0,6,5,0,0,0,0
L102125,2026-02-16,Crossover,Locadora A,Norte,Supervisor B,SDR A,2026-02-20,2026-02-24,2026-02-27,,,Aprovado,0.0,0.0,6,5,1,1,0,0
L102126,2026-02-25,Inbound,Locadora A,Sudeste,Supervisor B,SDR B,2026-03-02,2026-03-04,2026-03-07,,,Aprovado,0.0,0.0,6,5,1,1,0,0
L102127,2026-04-24,Inbound,Locadora A,Centro-Oeste,Supervisor A,SDR B,2026-04-26,2026-04-28,2026-04-29,,,Aprovado,0.0,0.0,6,5,1,1,0,0
L102128,2026-01-12,C2C,Locadora A,Sudeste,Supervisor D,SDR H,,,,,,Lead,0.0,0.0,6,5,0,0,0,0
L102129,2026-02-28,C2C,Locadora B,Sudeste,Supervisor C,SDR F,,,,,,Lead,0.0,0.0,6,5,0,0,0,0
L102130,2026-05-10,Inbound,Locadora A,Norte,Supervisor A,SDR C,,,,,,Lead,0.0,0.0,6,5,0,0,0,0
L102131,2026-06-26,Inbound,Locadora A,Sudeste,Supervisor B,SDR E,2026-07-01,2026-07-05,2026-07-09,2026-07-10,2026-07-11,Assinado,105852.01,93381.43,6,5,1,1,1,1
L102132,2026-04-05,Inbound,Locadora A,Norte,Supervisor B,SDR C,,,,,,Lead,0.0,0.0,6,5,0,0,0,0
L102133,2026-03-14,Inbound,Locadora B,Sudeste,Supervisor D,SDR D,,,,,,Lead,0.0,0.0,6,5,0,0,0,0
L102134,2026-03-21,C2C,Locadora B,Sudeste,Supervisor D,SDR F,,,,,,Lead,0.0,0.0,6,5,0,0,0,0
L102135,2026-05-05,Inbound,Locadora B,Norte,Supervisor D,SDR B,2026-05-06,2026-05-07,2026-05-09,2026-05-15,2026-05-16,Assinado,64442.6,61905.15,6,5,1,1,1,1
L102136,2026-04-09,Crossover,Locadora B,Centro-Oeste,Supervisor B,SDR G,,,,,,Lead,0.0,0.0,6,5,0,0,0,0
L102137,2026-01-05,Crossover,Locadora B,Sudeste,Supervisor A,SDR H,2026-01-07,2026-01-09,2026-01-12,,,Aprovado,0.0,0.0,6,5,1,1,0,0
L102138,2026-04-08,Inbound,Locadora A,Sul,Supervisor C,SDR H,,,,,,Lead,0.0,0.0,6,5,0,0,0,0
L102139,2026-03-14,C2C,Locadora A,Sudeste,Supervisor A,SDR B,,,,,,Lead,0.0,0.0,6,5,0,0,0,0
L102140,2026-05-07,Inbound,Locadora A,Nordeste,Supervisor C,SDR D,2026-05-08,2026-05-12,2026-05-16,2026-05-22,2026-05-30,Assinado,44789.63,40162.72,6,5,1,1,1,1
L102141,2026-06-08,Inbound,Locadora A,Sudeste,Supervisor B,SDR C,,,,,,Lead,0.0,0.0,6,5,0,0,0,0
L102142,2026-06-24,Inbound,Locadora A,Sul,Supervisor B,SDR F,2026-06-29,2026-07-01,,,,Análise de Crédito,0.0,0.0,6,5,1,0,0,0
L102143,2026-04-21,C2C,Locadora A,Sudeste,Supervisor A,SDR C,,,,,,Lead,0.0,0.0,6,5,0,0,0,0
L102144,2026-03-07,Inbound,Locadora A,Centro-Oeste,Supervisor D,SDR D,,,,,,Lead,0.0,0.0,6,5,0,0,0,0
L102145,2026-03-22,C2C,Locadora A,Norte,Supervisor C,SDR B,,,,,,Lead,0.0,0.0,6,5,0,0,0,0
L102146,2026-02-01,C2C,Locadora A,Nordeste,Supervisor B,SDR E,,,,,,Lead,0.0,0.0,6,5,0,0,0,0
L102147,2026-06-19,Inbound,Locadora A,Sudeste,Supervisor C,SDR E,2026-06-20,2026-06-23,,,,Análise de Crédito,0.0,0.0,6,5,1,0,0,0
L102148,2026-06-03,C2C,Locadora A,Sudeste,Supervisor D,SDR E,,,,,,Lead,0.0,0.0,6,5,0,0,0,0
L102149,2026-06-04,Inbound,Locadora A,Sudeste,Supervisor C,SDR C,,,,,,Lead,0.0,0.0,6,5,0,0,0,0
L102150,2026-03-01,Inbound,Locadora A,Nordeste,Supervisor D,SDR G,,,,,,Lead,0.0,0.0,6,5,0,0,0,0
L102151,2026-02-28,Crossover,Locadora A,Sudeste,Supervisor B,SDR E,2026-03-01,2026-03-04,,,,Análise de Crédito,0.0,0.0,6,5,1,0,0,0
L102152,2026-06-05,Inbound,Locadora A,Sul,Supervisor B,SDR B,,,,,,Lead,0.0,0.0,6,5,0,0,0,0
L102153,2026-04-09,Inbound,Locadora A,Sudeste,Supervisor D,SDR C,,,,,,Lead,0.0,0.0,6,5,0,0,0,0
L102154,2026-05-08,Crossover,Locadora A,Norte,Supervisor C,SDR F,,,,,,Lead,0.0,0.0,6,5,0,0,0,0
L102155,2026-03-30,Crossover,Locadora A,Sul,Supervisor C,SDR A,,,,,,Lead,0.0,0.0,6,5,0,0,0,0
L102156,2026-03-22,Inbound,Locadora B,Sul,Supervisor C,SDR C,,,,,,Lead,0.0,0.0,6,5,0,0,0,0
L102157,2026-04-25,Inbound,Locadora B,Nordeste,Supervisor D,SDR G,,,,,,Lead,0.0,0.0,6,5,0,0,0,0
L102158,2026-05-28,Inbound,Locadora A,Norte,Supervisor C,SDR D,,,,,,Lead,0.0,0.0,6,5,0,0,0,0
L102159,2026-03-02,Inbound,Locadora A,Sul,Supervisor D,SDR E,,,,,,Lead,0.0,0.0,6,5,0,0,0,0
L102160,2026-05-27,C2C,Locadora A,Nordeste,Supervisor A,SDR F,,,,,,Lead,0.0,0.0,6,5,0,0,0,0
L102161,2026-02-14,C2C,Locadora A,Sul,Supervisor C,SDR C,,,,,,Lead,0.0,0.0,6,5,0,0,0,0
L102162,2026-03-14,Crossover,Locadora A,Sudeste,Supervisor B,SDR G,,,,,,Lead,0.0,0.0,6,5,0,0,0,0
L102163,2026-06-15,Inbound,Locadora B,Sudeste,Supervisor A,SDR A,2026-06-17,2026-06-21,2026-06-22,2026-06-23,2026-06-27,Assinado,42912.58,40544.31,6,5,1,1,1,1
L102164,2026-06-22,Inbound,Locadora B,Centro-Oeste,Supervisor B,SDR D,2026-06-23,,,,,Pedido,0.0,0.0,6,5,1,0,0,0
L102165,2026-06-17,Farmer,Locadora A,Centro-Oeste,Supervisor D,SDR E,,,,,,Lead,0.0,0.0,6,5,0,0,0,0
L102166,2026-02-27,Inbound,Locadora A,Sudeste,Supervisor D,SDR B,,,,,,Lead,0.0,0.0,6,5,0,0,0,0
L102167,2026-06-02,Farmer,Locadora B,Sudeste,Supervisor B,SDR G,,,,,,Lead,0.0,0.0,6,5,0,0,0,0
L102168,2026-06-19,Crossover,Locadora A,Centro-Oeste,Supervisor A,SDR A,,,,,,Lead,0.0,0.0,6,5,0,0,0,0
L102169,2026-06-27,Inbound,Locadora B,Sudeste,Supervisor B,SDR F,,,,,,Lead,0.0,0.0,6,5,0,0,0,0
L102170,2026-01-04,Inbound,Locadora A,Centro-Oeste,Supervisor B,SDR F,,,,,,Lead,0.0,0.0,6,5,0,0,0,0
L102171,2026-05-15,Inbound,Locadora A,Centro-Oeste,Supervisor B,SDR G,,,,,,Lead,0.0,0.0,6,5,0,0,0,0
L102172,2026-06-30,C2C,Locadora B,Sudeste,Supervisor D,SDR B,,,,,,Lead,0.0,0.0,6,5,0,0,0,0
L102173,2026-05-19,Crossover,Locadora B,Sudeste,Supervisor B,SDR B,,,,,,Lead,0.0,0.0,6,5,0,0,0,0
L102174,2026-02-12,Inbound,Locadora A,Sudeste,Supervisor A,SDR E,,,,,,Lead,0.0,0.0,6,5,0,0,0,0
L102175,2026-05-19,Crossover,Locadora A,Sudeste,Supervisor A,SDR H,,,,,,Lead,0.0,0.0,6,5,0,0,0,0
L102176,2026-01-20,Inbound,Locadora A,Sul,Supervisor C,SDR G,,,,,,Lead,0.0,0.0,6,5,0,0,0,0
L102177,2026-03-28,Crossover,Locadora A,Centro-Oeste,Supervisor A,SDR B,2026-04-01,2026-04-03,2026-04-05,2026-04-06,,Formalizado,37093.21,0.0,6,5,1,1,1,0
L102178,2026-04-24,Inbound,Locadora B,Nordeste,Supervisor A,SDR D,,,,,,Lead,0.0,0.0,6,5,0,0,0,0
L102179,2026-03-24,Inbound,Locadora A,Sudeste,Supervisor D,SDR C,,,,,,Lead,0.0,0.0,6,5,0,0,0,0
L102180,2026-05-07,Inbound,Locadora A,Centro-Oeste,Supervisor A,SDR G,,,,,,Lead,0.0,0.0,6,5,0,0,0,0
L102181,2026-02-13,Inbound,Locadora A,Sudeste,Supervisor C,SDR E,,,,,,Lead,0.0,0.0,6,5,0,0,0,0
L102182,2026-04-20,Crossover,Locadora A,Nordeste,Supervisor A,SDR D,,,,,,Lead,0.0,0.0,6,5,0,0,0,0
L102183,2026-04-27,Inbound,Locadora B,Sudeste,Supervisor D,SDR A,,,,,,Lead,0.0,0.0,6,5,0,0,0,0
L102184,2026-04-25,Crossover,Locadora A,Sul,Supervisor C,SDR F,,,,,,Lead,0.0,0.0,6,5,0,0,0,0
L102185,2026-02-22,C2C,Locadora A,Sul,Supervisor D,SDR D,,,,,,Lead,0.0,0.0,6,5,0,0,0,0
L102186,2026-02-25,Crossover,Locadora B,Sudeste,Supervisor C,SDR A,,,,,,Lead,0.0,0.0,6,5,0,0,0,0
L102187,2026-02-16,Inbound,Locadora A,Norte,Supervisor B,SDR B,,,,,,Lead,0.0,0.0,6,5,0,0,0,0
L102188,2026-03-25,C2C,Locadora A,Sudeste,Supervisor D,SDR F,,,,,,Lead,0.0,0.0,6,5,0,0,0,0
L102189,2026-04-17,Inbound,Locadora A,Sudeste,Supervisor D,SDR F,2026-04-22,2026-04-23,2026-04-26,,,Aprovado,0.0,0.0,6,5,1,1,0,0
L102190,2026-03-07,Inbound,Locadora A,Centro-Oeste,Supervisor A,SDR D,,,,,,Lead,0.0,0.0,6,5,0,0,0,0
L102191,2026-03-16,Inbound,Locadora A,Sul,Supervisor C,SDR G,,,,,,Lead,0.0,0.0,6,5,0,0,0,0
L102192,2026-02-21,Crossover,Locadora A,Sudeste,Supervisor C,SDR F,,,,,,Lead,0.0,0.0,6,5,0,0,0,0
L102193,2026-02-09,Inbound,Locadora A,Sudeste,Supervisor B,SDR E,2026-02-14,2026-02-17,,,,Análise de Crédito,0.0,0.0,6,5,1,0,0,0
L102194,2026-04-29,C2C,Locadora A,Sudeste,Supervisor B,SDR B,,,,,,Lead,0.0,0.0,6,5,0,0,0,0
L102195,2026-05-28,C2C,Locadora A,Nordeste,Supervisor D,SDR D,,,,,,Lead,0.0,0.0,6,5,0,0,0,0
L102196,2026-02-22,Inbound,Locadora A,Sul,Supervisor A,SDR G,,,,,,Lead,0.0,0.0,6,5,0,0,0,0
L102197,2026-06-05,Inbound,Locadora A,Sudeste,Supervisor D,SDR C,,,,,,Lead,0.0,0.0,6,5,0,0,0,0
L102198,2026-04-14,Farmer,Locadora A,Sudeste,Supervisor C,SDR F,,,,,,Lead,0.0,0.0,6,5,0,0,0,0
L102199,2026-01-31,Inbound,Locadora A,Nordeste,Supervisor A,SDR G,,,,,,Lead,0.0,0.0,6,5,0,0,0,0
L102200,2026-03-08,Inbound,Locadora A,Nordeste,Supervisor B,SDR E,,,,,,Lead,0.0,0.0,6,5,0,0,0,0
L102201,2026-01-02,Inbound,Locadora A,Sudeste,Supervisor D,SDR E,,,,,,Lead,0.0,0.0,6,5,0,0,0,0
L102202,2026-01-08,Inbound,Locadora A,Centro-Oeste,Supervisor C,SDR B,,,,,,Lead,0.0,0.0,6,5,0,0,0,0
L102203,2026-03-02,Inbound,Locadora A,Sudeste,Supervisor A,SDR D,,,,,,Lead,0.0,0.0,6,5,0,0,0,0
L102204,2026-03-24,Inbound,Locadora A,Sudeste,Supervisor A,SDR A,,,,,,Lead,0.0,0.0,6,5,0,0,0,0
L102205,2026-05-25,Crossover,Locadora A,Nordeste,Supervisor D,SDR A,,,,,,Lead,0.0,0.0,6,5,0,0,0,0
L102206,2026-01-25,Crossover,Locadora A,Nordeste,Supervisor A,SDR E,,,,,,Lead,0.0,0.0,6,5,0,0,0,0
L102207,2026-06-01,C2C,Locadora A,Sudeste,Supervisor C,SDR B,,,,,,Lead,0.0,0.0,6,5,0,0,0,0
L102208,2026-02-12,Crossover,Locadora B,Nordeste,Supervisor D,SDR C,2026-02-14,2026-02-16,2026-02-19,,,Aprovado,0.0,0.0,6,5,1,1,0,0
L102209,2026-01-26,Crossover,Locadora A,Centro-Oeste,Supervisor A,SDR C,,,,,,Lead,0.0,0.0,6,5,0,0,0,0
L102210,2026-05-07,Inbound,Locadora A,Centro-Oeste,Supervisor A,SDR D,,,,,,Lead,0.0,0.0,6,5,0,0,0,0
L102211,2026-05-21,Inbound,Locadora B,Nordeste,Supervisor D,SDR F,,,,,,Lead,0.0,0.0,6,5,0,0,0,0
L102212,2026-04-20,C2C,Locadora A,Sul,Supervisor D,SDR D,,,,,,Lead,0.0,0.0,6,5,0,0,0,0
L102213,2026-01-21,C2C,Locadora A,Norte,Supervisor C,SDR G,,,,,,Lead,0.0,0.0,6,5,0,0,0,0
L102214,2026-01-21,Inbound,Locadora A,Sudeste,Supervisor A,SDR D,,,,,,Lead,0.0,0.0,6,5,0,0,0,0
L102215,2026-03-12,Inbound,Locadora A,Sul,Supervisor A,SDR H,2026-03-13,2026-03-17,,,,Análise de Crédito,0.0,0.0,6,5,1,0,0,0
L102216,2026-03-23,Inbound,Locadora B,Sudeste,Supervisor D,SDR H,,,,,,Lead,0.0,0.0,6,5,0,0,0,0
L102217,2026-06-30,Crossover,Locadora A,Nordeste,Supervisor D,SDR D,,,,,,Lead,0.0,0.0,6,5,0,0,0,0
L102218,2026-02-21,Inbound,Locadora A,Sudeste,Supervisor D,SDR G,,,,,,Lead,0.0,0.0,6,5,0,0,0,0
L102219,2026-02-04,Crossover,Locadora B,Sudeste,Supervisor D,SDR D,2026-02-09,2026-02-11,,,,Análise de Crédito,0.0,0.0,6,5,1,0,0,0
L102220,2026-06-21,Crossover,Locadora A,Centro-Oeste,Supervisor B,SDR H,,,,,,Lead,0.0,0.0,6,5,0,0,0,0
L102221,2026-01-28,Inbound,Locadora A,Sudeste,Supervisor B,SDR G,,,,,,Lead,0.0,0.0,6,5,0,0,0,0
L102222,2026-01-05,Crossover,Locadora A,Sudeste,Supervisor B,SDR C,,,,,,Lead,0.0,0.0,6,5,0,0,0,0
L102223,2026-03-18,Crossover,Locadora A,Sudeste,Supervisor C,SDR C,,,,,,Lead,0.0,0.0,6,5,0,0,0,0
L102224,2026-03-14,Inbound,Locadora A,Centro-Oeste,Supervisor A,SDR H,,,,,,Lead,0.0,0.0,6,5,0,0,0,0
L102225,2026-04-23,Inbound,Locadora A,Sudeste,Supervisor A,SDR E,2026-04-24,2026-04-25,2026-04-27,2026-04-29,2026-04-30,Assinado,37531.88,37626.3,6,5,1,1,1,1
L102226,2026-06-08,Crossover,Locadora A,Sudeste,Supervisor D,SDR F,,,,,,Lead,0.0,0.0,6,5,0,0,0,0
L102227,2026-06-18,Crossover,Locadora A,Sul,Supervisor B,SDR F,,,,,,Lead,0.0,0.0,6,5,0,0,0,0
L102228,2026-02-22,Inbound,Locadora A,Norte,Supervisor A,SDR B,,,,,,Lead,0.0,0.0,6,5,0,0,0,0
L102229,2026-06-27,Inbound,Locadora A,Nordeste,Supervisor C,SDR B,,,,,,Lead,0.0,0.0,6,5,0,0,0,0
L102230,2026-04-25,Farmer,Locadora A,Sudeste,Supervisor B,SDR H,2026-04-27,2026-04-29,2026-05-03,,,Aprovado,0.0,0.0,6,5,1,1,0,0
L102231,2026-01-13,C2C,Locadora B,Nordeste,Supervisor A,SDR C,,,,,,Lead,0.0,0.0,6,5,0,0,0,0
L102232,2026-06-19,Inbound,Locadora A,Nordeste,Supervisor B,SDR G,,,,,,Lead,0.0,0.0,6,5,0,0,0,0
L102233,2026-01-25,Inbound,Locadora B,Centro-Oeste,Supervisor B,SDR C,,,,,,Lead,0.0,0.0,6,5,0,0,0,0
L102234,2026-04-17,Inbound,Locadora A,Sul,Supervisor C,SDR G,2026-04-21,2026-04-25,2026-04-27,,,Aprovado,0.0,0.0,6,5,1,1,0,0
L102235,2026-05-24,Inbound,Locadora A,Sudeste,Supervisor D,SDR E,,,,,,Lead,0.0,0.0,6,5,0,0,0,0
L102236,2026-02-15,Inbound,Locadora A,Centro-Oeste,Supervisor D,SDR A,,,,,,Lead,0.0,0.0,6,5,0,0,0,0
L102237,2026-02-18,Crossover,Locadora A,Sul,Supervisor D,SDR C,,,,,,Lead,0.0,0.0,6,5,0,0,0,0
L102238,2026-03-28,Inbound,Locadora A,Sudeste,Supervisor B,SDR H,,,,,,Lead,0.0,0.0,6,5,0,0,0,0
L102239,2026-06-10,Inbound,Locadora A,Sudeste,Supervisor C,SDR B,,,,,,Lead,0.0,0.0,6,5,0,0,0,0
L102240,2026-02-10,Crossover,Locadora B,Sudeste,Supervisor A,SDR B,,,,,,Lead,0.0,0.0,6,5,0,0,0,0
L102241,2026-05-01,Inbound,Locadora A,Sul,Supervisor C,SDR B,,,,,,Lead,0.0,0.0,6,5,0,0,0,0
L102242,2026-03-23,Inbound,Locadora A,Sudeste,Supervisor C,SDR E,,,,,,Lead,0.0,0.0,6,5,0,0,0,0
L102243,2026-01-21,Inbound,Locadora A,Centro-Oeste,Supervisor D,SDR G,,,,,,Lead,0.0,0.0,6,5,0,0,0,0
L102244,2026-05-09,Inbound,Locadora B,Nordeste,Supervisor A,SDR H,,,,,,Lead,0.0,0.0,6,5,0,0,0,0
L102245,2026-05-31,Inbound,Locadora A,Sudeste,Supervisor D,SDR H,,,,,,Lead,0.0,0.0,6,5,0,0,0,0
L102246,2026-04-15,Inbound,Locadora A,Sudeste,Supervisor C,SDR H,,,,,,Lead,0.0,0.0,6,5,0,0,0,0
L102247,2026-02-01,Inbound,Locadora A,Sudeste,Supervisor A,SDR H,,,,,,Lead,0.0,0.0,6,5,0,0,0,0
L102248,2026-01-29,Crossover,Locadora A,Sudeste,Supervisor D,SDR E,,,,,,Lead,0.0,0.0,6,5,0,0,0,0
L102249,2026-03-18,C2C,Locadora A,Nordeste,Supervisor B,SDR G,,,,,,Lead,0.0,0.0,6,5,0,0,0,0
L102250,2026-04-02,Inbound,Locadora A,Sul,Supervisor B,SDR F,,,,,,Lead,0.0,0.0,6,5,0,0,0,0
L102251,2026-04-10,Crossover,Locadora B,Nordeste,Supervisor A,SDR B,2026-04-11,2026-04-13,,,,Análise de Crédito,0.0,0.0,6,5,1,0,0,0
L102252,2026-02-14,Inbound,Locadora A,Norte,Supervisor A,SDR A,,,,,,Lead,0.0,0.0,6,5,0,0,0,0
L102253,2026-04-01,Farmer,Locadora A,Sudeste,Supervisor A,SDR A,,,,,,Lead,0.0,0.0,6,5,0,0,0,0
L102254,2026-02-23,Farmer,Locadora A,Centro-Oeste,Supervisor B,SDR C,2026-02-27,2026-02-28,2026-03-01,,,Aprovado,0.0,0.0,6,5,1,1,0,0
L102255,2026-05-05,C2C,Locadora A,Sul,Supervisor B,SDR D,,,,,,Lead,0.0,0.0,6,5,0,0,0,0
L102256,2026-05-25,Inbound,Locadora A,Sul,Supervisor B,SDR F,2026-05-28,2026-06-01,2026-06-05,,,Aprovado,0.0,0.0,6,5,1,1,0,0
L102257,2026-04-29,Inbound,Locadora A,Sudeste,Supervisor C,SDR E,,,,,,Lead,0.0,0.0,6,5,0,0,0,0
L102258,2026-01-01,Inbound,Locadora A,Sudeste,Supervisor D,SDR C,,,,,,Lead,0.0,0.0,6,5,0,0,0,0
L102259,2026-06-29,Inbound,Locadora A,Centro-Oeste,Supervisor D,SDR F,,,,,,Lead,0.0,0.0,6,5,0,0,0,0
L102260,2026-01-05,Inbound,Locadora A,Sul,Supervisor B,SDR G,2026-01-09,2026-01-11,,,,Análise de Crédito,0.0,0.0,6,5,1,0,0,0
L102261,2026-06-30,Inbound,Locadora B,Sudeste,Supervisor D,SDR B,2026-07-01,2026-07-05,,,,Análise de Crédito,0.0,0.0,6,5,1,0,0,0
L102262,2026-01-06,Crossover,Locadora A,Sudeste,Supervisor C,SDR C,,,,,,Lead,0.0,0.0,6,5,0,0,0,0
L102263,2026-04-04,C2C,Locadora A,Sul,Supervisor B,SDR H,2026-04-09,2026-04-12,2026-04-13,,,Aprovado,0.0,0.0,6,5,1,1,0,0
L102264,2026-01-20,Inbound,Locadora A,Centro-Oeste,Supervisor A,SDR H,,,,,,Lead,0.0,0.0,6,5,0,0,0,0
L102265,2026-01-18,Crossover,Locadora A,Sul,Supervisor B,SDR C,2026-01-23,2026-01-24,,,,Análise de Crédito,0.0,0.0,6,5,1,0,0,0
L102266,2026-05-04,Inbound,Locadora A,Sudeste,Supervisor A,SDR E,,,,,,Lead,0.0,0.0,6,5,0,0,0,0
L102267,2026-05-12,C2C,Locadora A,Sudeste,Supervisor A,SDR E,,,,,,Lead,0.0,0.0,6,5,0,0,0,0
L102268,2026-01-22,C2C,Locadora A,Centro-Oeste,Supervisor D,SDR F,,,,,,Lead,0.0,0.0,6,5,0,0,0,0
L102269,2026-06-26,Inbound,Locadora A,Centro-Oeste,Supervisor A,SDR G,2026-07-01,2026-07-05,,,,Análise de Crédito,0.0,0.0,6,5,1,0,0,0
L102270,2026-02-28,C2C,Locadora A,Sudeste,Supervisor C,SDR A,,,,,,Lead,0.0,0.0,6,5,0,0,0,0
L102271,2026-02-27,C2C,Locadora A,Sul,Supervisor A,SDR E,,,,,,Lead,0.0,0.0,6,5,0,0,0,0
L102272,2026-02-23,C2C,Locadora B,Sudeste,Supervisor C,SDR B,,,,,,Lead,0.0,0.0,6,5,0,0,0,0
L102273,2026-03-25,C2C,Locadora A,Centro-Oeste,Supervisor D,SDR G,,,,,,Lead,0.0,0.0,6,5,0,0,0,0
L102274,2026-02-02,Inbound,Locadora A,Sudeste,Supervisor B,SDR E,,,,,,Lead,0.0,0.0,6,5,0,0,0,0
L102275,2026-03-18,Farmer,Locadora A,Sul,Supervisor A,SDR F,,,,,,Lead,0.0,0.0,6,5,0,0,0,0
L102276,2026-02-08,Inbound,Locadora A,Norte,Supervisor A,SDR H,,,,,,Lead,0.0,0.0,6,5,0,0,0,0
L102277,2026-01-10,Inbound,Locadora A,Sudeste,Supervisor D,SDR G,,,,,,Lead,0.0,0.0,6,5,0,0,0,0
L102278,2026-03-08,Inbound,Locadora A,Sudeste,Supervisor A,SDR G,,,,,,Lead,0.0,0.0,6,5,0,0,0,0
L102279,2026-05-02,Farmer,Locadora A,Sudeste,Supervisor B,SDR G,,,,,,Lead,0.0,0.0,6,5,0,0,0,0
L102280,2026-05-19,C2C,Locadora A,Sudeste,Supervisor D,SDR F,,,,,,Lead,0.0,0.0,6,5,0,0,0,0
L102281,2026-03-05,Inbound,Locadora A,Norte,Supervisor C,SDR D,2026-03-06,2026-03-09,,,,Análise de Crédito,0.0,0.0,6,5,1,0,0,0
L102282,2026-02-28,C2C,Locadora A,Norte,Supervisor D,SDR C,,,,,,Lead,0.0,0.0,6,5,0,0,0,0
L102283,2026-05-23,Inbound,Locadora A,Sudeste,Supervisor D,SDR C,,,,,,Lead,0.0,0.0,6,5,0,0,0,0
L102284,2026-05-04,Inbound,Locadora B,Nordeste,Supervisor C,SDR E,2026-05-06,2026-05-08,,,,Análise de Crédito,0.0,0.0,6,5,1,0,0,0
L102285,2026-05-31,Crossover,Locadora A,Sudeste,Supervisor D,SDR G,2026-06-02,2026-06-04,,,,Análise de Crédito,0.0,0.0,6,5,1,0,0,0
L102286,2026-06-14,Farmer,Locadora B,Sul,Supervisor A,SDR C,2026-06-18,2026-06-21,2026-06-25,,,Aprovado,0.0,0.0,6,5,1,1,0,0
L102287,2026-05-29,Inbound,Locadora B,Centro-Oeste,Supervisor A,SDR E,2026-05-30,,,,,Pedido,0.0,0.0,6,5,1,0,0,0
L102288,2026-06-19,Inbound,Locadora A,Sudeste,Supervisor B,SDR D,,,,,,Lead,0.0,0.0,6,5,0,0,0,0
L102289,2026-03-17,Inbound,Locadora A,Sul,Supervisor D,SDR E,,,,,,Lead,0.0,0.0,6,5,0,0,0,0
L102290,2026-03-13,Inbound,Locadora B,Sul,Supervisor C,SDR G,,,,,,Lead,0.0,0.0,6,5,0,0,0,0
L102291,2026-02-28,Inbound,Locadora A,Sudeste,Supervisor B,SDR D,,,,,,Lead,0.0,0.0,6,5,0,0,0,0
L102292,2026-02-12,C2C,Locadora A,Norte,Supervisor A,SDR D,,,,,,Lead,0.0,0.0,6,5,0,0,0,0
L102293,2026-05-16,Inbound,Locadora A,Sudeste,Supervisor D,SDR B,,,,,,Lead,0.0,0.0,6,5,0,0,0,0
L102294,2026-05-10,Farmer,Locadora A,Sudeste,Supervisor D,SDR D,,,,,,Lead,0.0,0.0,6,5,0,0,0,0
L102295,2026-05-26,Inbound,Locadora B,Norte,Supervisor A,SDR D,,,,,,Lead,0.0,0.0,6,5,0,0,0,0
L102296,2026-01-31,C2C,Locadora A,Sudeste,Supervisor B,SDR B,2026-02-01,2026-02-05,,,,Análise de Crédito,0.0,0.0,6,5,1,0,0,0
L102297,2026-03-30,Inbound,Locadora B,Sudeste,Supervisor C,SDR H,,,,,,Lead,0.0,0.0,6,5,0,0,0,0
L102298,2026-02-10,Inbound,Locadora A,Sudeste,Supervisor A,SDR G,,,,,,Lead,0.0,0.0,6,5,0,0,0,0
L102299,2026-06-11,Crossover,Locadora A,Sudeste,Supervisor C,SDR C,,,,,,Lead,0.0,0.0,6,5,0,0,0,0
L102300,2026-02-18,Inbound,Locadora A,Sudeste,Supervisor D,SDR H,,,,,,Lead,0.0,0.0,6,5,0,0,0,0
L102301,2026-01-27,Inbound,Locadora B,Sudeste,Supervisor D,SDR C,2026-01-31,2026-02-02,2026-02-04,,,Aprovado,0.0,0.0,6,5,1,1,0,0
L102302,2026-04-14,Farmer,Locadora B,Sul,Supervisor D,SDR D,,,,,,Lead,0.0,0.0,6,5,0,0,0,0
L102303,2026-06-09,Inbound,Locadora B,Sudeste,Supervisor D,SDR B,,,,,,Lead,0.0,0.0,6,5,0,0,0,0
L102304,2026-06-15,Crossover,Locadora B,Nordeste,Supervisor B,SDR E,,,,,,Lead,0.0,0.0,6,5,0,0,0,0
L102305,2026-01-18,Inbound,Locadora A,Nordeste,Supervisor B,SDR D,2026-01-20,2026-01-23,2026-01-24,,,Aprovado,0.0,0.0,6,5,1,1,0,0
L102306,2026-02-28,C2C,Locadora A,Sudeste,Supervisor B,SDR C,,,,,,Lead,0.0,0.0,6,5,0,0,0,0
L102307,2026-01-28,Inbound,Locadora B,Norte,Supervisor D,SDR C,,,,,,Lead,0.0,0.0,6,5,0,0,0,0
L102308,2026-02-25,Inbound,Locadora A,Nordeste,Supervisor C,SDR H,,,,,,Lead,0.0,0.0,6,5,0,0,0,0
L102309,2026-04-07,Inbound,Locadora A,Norte,Supervisor B,SDR F,,,,,,Lead,0.0,0.0,6,5,0,0,0,0
L102310,2026-02-20,Inbound,Locadora A,Centro-Oeste,Supervisor C,SDR B,,,,,,Lead,0.0,0.0,6,5,0,0,0,0
L102311,2026-01-13,Inbound,Locadora A,Sudeste,Supervisor A,SDR B,,,,,,Lead,0.0,0.0,6,5,0,0,0,0
L102312,2026-04-03,Inbound,Locadora A,Sudeste,Supervisor B,SDR A,,,,,,Lead,0.0,0.0,6,5,0,0,0,0
L102313,2026-01-10,Inbound,Locadora A,Nordeste,Supervisor A,SDR B,,,,,,Lead,0.0,0.0,6,5,0,0,0,0
L102314,2026-02-11,Inbound,Locadora A,Sul,Supervisor D,SDR F,,,,,,Lead,0.0,0.0,6,5,0,0,0,0
L102315,2026-01-01,Inbound,Locadora A,Nordeste,Supervisor A,SDR A,,,,,,Lead,0.0,0.0,6,5,0,0,0,0
L102316,2026-01-16,Crossover,Locadora A,Centro-Oeste,Supervisor D,SDR B,,,,,,Lead,0.0,0.0,6,5,0,0,0,0
L102317,2026-03-20,C2C,Locadora A,Sudeste,Supervisor A,SDR A,2026-03-25,2026-03-28,2026-03-30,2026-04-03,2026-04-11,Assinado,27376.75,26486.48,6,5,1,1,1,1
L102318,2026-06-03,Inbound,Locadora A,Sudeste,Supervisor A,SDR F,,,,,,Lead,0.0,0.0,6,5,0,0,0,0
L102319,2026-05-21,Inbound,Locadora A,Norte,Supervisor C,SDR G,,,,,,Lead,0.0,0.0,6,5,0,0,0,0
L102320,2026-01-18,Crossover,Locadora A,Sudeste,Supervisor A,SDR E,,,,,,Lead,0.0,0.0,6,5,0,0,0,0
L102321,2026-01-07,Inbound,Locadora A,Centro-Oeste,Supervisor A,SDR H,,,,,,Lead,0.0,0.0,6,5,0,0,0,0
L102322,2026-03-03,C2C,Locadora A,Norte,Supervisor B,SDR F,2026-03-08,2026-03-12,,,,Análise de Crédito,0.0,0.0,6,5,1,0,0,0
L102323,2026-04-29,Crossover,Locadora B,Sudeste,Supervisor C,SDR G,2026-04-30,2026-05-02,,,,Análise de Crédito,0.0,0.0,6,5,1,0,0,0
L102324,2026-05-16,Crossover,Locadora A,Sudeste,Supervisor A,SDR C,,,,,,Lead,0.0,0.0,6,5,0,0,0,0
L102325,2026-05-29,Crossover,Locadora A,Sul,Supervisor A,SDR G,,,,,,Lead,0.0,0.0,6,5,0,0,0,0
L102326,2026-03-03,Inbound,Locadora A,Nordeste,Supervisor B,SDR F,,,,,,Lead,0.0,0.0,6,5,0,0,0,0
L102327,2026-01-31,C2C,Locadora A,Sul,Supervisor C,SDR A,,,,,,Lead,0.0,0.0,6,5,0,0,0,0
L102328,2026-01-05,Inbound,Locadora B,Sudeste,Supervisor A,SDR A,,,,,,Lead,0.0,0.0,6,5,0,0,0,0
L102329,2026-01-27,Inbound,Locadora B,Sudeste,Supervisor B,SDR H,,,,,,Lead,0.0,0.0,6,5,0,0,0,0
L102330,2026-01-12,Farmer,Locadora A,Sudeste,Supervisor A,SDR C,,,,,,Lead,0.0,0.0,6,5,0,0,0,0
L102331,2026-06-05,Farmer,Locadora B,Sudeste,Supervisor B,SDR D,,,,,,Lead,0.0,0.0,6,5,0,0,0,0
L102332,2026-02-18,Inbound,Locadora A,Sudeste,Supervisor B,SDR G,,,,,,Lead,0.0,0.0,6,5,0,0,0,0
L102333,2026-05-29,Inbound,Locadora A,Nordeste,Supervisor C,SDR G,,,,,,Lead,0.0,0.0,6,5,0,0,0,0
L102334,2026-04-11,Inbound,Locadora A,Sudeste,Supervisor A,SDR A,,,,,,Lead,0.0,0.0,6,5,0,0,0,0
L102335,2026-04-08,Farmer,Locadora A,Nordeste,Supervisor D,SDR E,,,,,,Lead,0.0,0.0,6,5,0,0,0,0
L102336,2026-03-24,Inbound,Locadora A,Norte,Supervisor A,SDR H,,,,,,Lead,0.0,0.0,6,5,0,0,0,0
L102337,2026-05-29,Inbound,Locadora A,Sul,Supervisor D,SDR C,,,,,,Lead,0.0,0.0,6,5,0,0,0,0
L102338,2026-01-08,C2C,Locadora A,Sul,Supervisor C,SDR E,,,,,,Lead,0.0,0.0,6,5,0,0,0,0
L102339,2026-01-17,Inbound,Locadora A,Sudeste,Supervisor B,SDR C,,,,,,Lead,0.0,0.0,6,5,0,0,0,0
L102340,2026-03-18,Inbound,Locadora A,Sul,Supervisor B,SDR F,,,,,,Lead,0.0,0.0,6,5,0,0,0,0
L102341,2026-03-13,Crossover,Locadora A,Sudeste,Supervisor D,SDR A,,,,,,Lead,0.0,0.0,6,5,0,0,0,0
L102342,2026-04-09,C2C,Locadora A,Sudeste,Supervisor D,SDR E,,,,,,Lead,0.0,0.0,6,5,0,0,0,0
L102343,2026-05-14,Inbound,Locadora A,Sul,Supervisor C,SDR D,,,,,,Lead,0.0,0.0,6,5,0,0,0,0
L102344,2026-04-17,Inbound,Locadora A,Sudeste,Supervisor A,SDR F,,,,,,Lead,0.0,0.0,6,5,0,0,0,0
L102345,2026-02-16,Crossover,Locadora A,Sudeste,Supervisor D,SDR D,,,,,,Lead,0.0,0.0,6,5,0,0,0,0
L102346,2026-03-01,Farmer,Locadora A,Centro-Oeste,Supervisor B,SDR H,,,,,,Lead,0.0,0.0,6,5,0,0,0,0
L102347,2026-05-17,Farmer,Locadora A,Sudeste,Supervisor A,SDR H,,,,,,Lead,0.0,0.0,6,5,0,0,0,0
L102348,2026-02-06,Inbound,Locadora A,Sudeste,Supervisor D,SDR C,,,,,,Lead,0.0,0.0,6,5,0,0,0,0
L102349,2026-04-02,Inbound,Locadora B,Sudeste,Supervisor A,SDR A,,,,,,Lead,0.0,0.0,6,5,0,0,0,0
L102350,2026-04-08,C2C,Locadora A,Sudeste,Supervisor B,SDR D,,,,,,Lead,0.0,0.0,6,5,0,0,0,0
L102351,2026-05-16,Farmer,Locadora A,Sul,Supervisor A,SDR E,,,,,,Lead,0.0,0.0,6,5,0,0,0,0
L102352,2026-05-10,Inbound,Locadora A,Sul,Supervisor B,SDR G,,,,,,Lead,0.0,0.0,6,5,0,0,0,0
L102353,2026-03-26,Inbound,Locadora A,Sudeste,Supervisor D,SDR E,,,,,,Lead,0.0,0.0,6,5,0,0,0,0
L102354,2026-02-25,C2C,Locadora A,Sul,Supervisor A,SDR E,,,,,,Lead,0.0,0.0,6,5,0,0,0,0
L102355,2026-03-08,C2C,Locadora A,Norte,Supervisor A,SDR A,,,,,,Lead,0.0,0.0,6,5,0,0,0,0
L102356,2026-03-16,Inbound,Locadora A,Sul,Supervisor D,SDR G,,,,,,Lead,0.0,0.0,6,5,0,0,0,0
L102357,2026-02-09,Inbound,Locadora B,Sul,Supervisor A,SDR C,,,,,,Lead,0.0,0.0,6,5,0,0,0,0
L102358,2026-04-24,Inbound,Locadora A,Sul,Supervisor A,SDR D,,,,,,Lead,0.0,0.0,6,5,0,0,0,0
L102359,2026-02-07,Farmer,Locadora A,Nordeste,Supervisor C,SDR D,2026-02-09,2026-02-13,2026-02-14,2026-02-15,2026-02-20,Assinado,107937.08,102209.96,6,5,1,1,1,1
L102360,2026-04-28,Inbound,Locadora B,Norte,Supervisor B,SDR A,,,,,,Lead,0.0,0.0,6,5,0,0,0,0
L102361,2026-05-17,Crossover,Locadora A,Sudeste,Supervisor D,SDR D,,,,,,Lead,0.0,0.0,6,5,0,0,0,0
L102362,2026-06-24,Crossover,Locadora B,Sudeste,Supervisor A,SDR D,,,,,,Lead,0.0,0.0,6,5,0,0,0,0
L102363,2026-01-22,C2C,Locadora A,Sudeste,Supervisor C,SDR B,,,,,,Lead,0.0,0.0,6,5,0,0,0,0
L102364,2026-05-18,C2C,Locadora A,Centro-Oeste,Supervisor D,SDR B,,,,,,Lead,0.0,0.0,6,5,0,0,0,0
L102365,2026-01-16,C2C,Locadora B,Sudeste,Supervisor C,SDR A,,,,,,Lead,0.0,0.0,6,5,0,0,0,0
L102366,2026-03-03,Inbound,Locadora A,Nordeste,Supervisor A,SDR H,,,,,,Lead,0.0,0.0,6,5,0,0,0,0
L102367,2026-02-01,Farmer,Locadora B,Sudeste,Supervisor A,SDR C,,,,,,Lead,0.0,0.0,6,5,0,0,0,0
L102368,2026-01-30,C2C,Locadora A,Sul,Supervisor A,SDR G,2026-02-02,2026-02-06,2026-02-09,,,Aprovado,0.0,0.0,6,5,1,1,0,0
L102369,2026-02-01,Inbound,Locadora B,Sudeste,Supervisor D,SDR G,2026-02-04,2026-02-06,2026-02-10,2026-02-12,2026-02-13,Assinado,81751.16,74198.62,6,5,1,1,1,1
L102370,2026-01-08,Crossover,Locadora A,Sul,Supervisor A,SDR D,,,,,,Lead,0.0,0.0,6,5,0,0,0,0
L102371,2026-05-29,C2C,Locadora A,Sudeste,Supervisor A,SDR G,,,,,,Lead,0.0,0.0,6,5,0,0,0,0
L102372,2026-01-12,Crossover,Locadora A,Centro-Oeste,Supervisor B,SDR B,,,,,,Lead,0.0,0.0,6,5,0,0,0,0
L102373,2026-03-14,Inbound,Locadora B,Sul,Supervisor B,SDR B,2026-03-17,2026-03-18,2026-03-22,,,Aprovado,0.0,0.0,6,5,1,1,0,0
L102374,2026-05-07,Inbound,Locadora A,Sudeste,Supervisor A,SDR H,,,,,,Lead,0.0,0.0,6,5,0,0,0,0
L102375,2026-06-29,Inbound,Locadora A,Centro-Oeste,Supervisor B,SDR F,2026-06-30,2026-07-01,2026-07-05,,,Aprovado,0.0,0.0,6,5,1,1,0,0
L102376,2026-06-04,Inbound,Locadora B,Norte,Supervisor D,SDR F,,,,,,Lead,0.0,0.0,6,5,0,0,0,0
L102377,2026-01-25,Farmer,Locadora A,Nordeste,Supervisor A,SDR H,,,,,,Lead,0.0,0.0,6,5,0,0,0,0
L102378,2026-06-28,Inbound,Locadora A,Centro-Oeste,Supervisor D,SDR A,,,,,,Lead,0.0,0.0,6,5,0,0,0,0
L102379,2026-04-29,C2C,Locadora A,Sul,Supervisor C,SDR B,2026-05-01,2026-05-03,,,,Análise de Crédito,0.0,0.0,6,5,1,0,0,0
L102380,2026-02-02,Inbound,Locadora A,Nordeste,Supervisor B,SDR H,,,,,,Lead,0.0,0.0,6,5,0,0,0,0
L102381,2026-03-23,Inbound,Locadora A,Sul,Supervisor C,SDR B,,,,,,Lead,0.0,0.0,6,5,0,0,0,0
L102382,2026-06-16,Farmer,Locadora A,Norte,Supervisor B,SDR D,,,,,,Lead,0.0,0.0,6,5,0,0,0,0
L102383,2026-03-13,Inbound,Locadora A,Nordeste,Supervisor A,SDR A,2026-03-16,2026-03-18,,,,Análise de Crédito,0.0,0.0,6,5,1,0,0,0
L102384,2026-02-03,Inbound,Locadora A,Sudeste,Supervisor A,SDR C,,,,,,Lead,0.0,0.0,6,5,0,0,0,0
L102385,2026-06-08,Farmer,Locadora A,Sudeste,Supervisor A,SDR B,2026-06-12,2026-06-15,2026-06-17,,,Aprovado,0.0,0.0,6,5,1,1,0,0
L102386,2026-06-22,Crossover,Locadora A,Centro-Oeste,Supervisor C,SDR C,2026-06-27,2026-06-30,2026-07-01,,,Aprovado,0.0,0.0,6,5,1,1,0,0
L102387,2026-06-26,Inbound,Locadora A,Centro-Oeste,Supervisor A,SDR G,2026-07-01,2026-07-04,2026-07-06,2026-07-13,2026-07-15,Assinado,85971.4,76887.59,6,5,1,1,1,1
L102388,2026-06-22,Inbound,Locadora A,Sul,Supervisor A,SDR C,,,,,,Lead,0.0,0.0,6,5,0,0,0,0
L102389,2026-06-07,C2C,Locadora A,Norte,Supervisor A,SDR G,,,,,,Lead,0.0,0.0,6,5,0,0,0,0
L102390,2026-03-24,Inbound,Locadora A,Sul,Supervisor A,SDR H,2026-03-26,2026-03-28,,,,Análise de Crédito,0.0,0.0,6,5,1,0,0,0
L102391,2026-02-04,Inbound,Locadora A,Sudeste,Supervisor D,SDR E,,,,,,Lead,0.0,0.0,6,5,0,0,0,0
L102392,2026-04-22,C2C,Locadora A,Sul,Supervisor A,SDR E,,,,,,Lead,0.0,0.0,6,5,0,0,0,0
L102393,2026-02-09,Inbound,Locadora A,Sudeste,Supervisor C,SDR C,2026-02-10,,,,,Pedido,0.0,0.0,6,5,1,0,0,0
L102394,2026-03-27,Inbound,Locadora B,Sul,Supervisor B,SDR F,,,,,,Lead,0.0,0.0,6,5,0,0,0,0
L102395,2026-04-29,Inbound,Locadora A,Nordeste,Supervisor A,SDR G,2026-05-04,2026-05-08,2026-05-12,2026-05-17,2026-05-19,Assinado,46423.88,38084.73,6,5,1,1,1,1
L102396,2026-06-21,Inbound,Locadora B,Sudeste,Supervisor B,SDR G,,,,,,Lead,0.0,0.0,6,5,0,0,0,0
L102397,2026-02-22,Inbound,Locadora A,Nordeste,Supervisor A,SDR B,,,,,,Lead,0.0,0.0,6,5,0,0,0,0
L102398,2026-02-15,Inbound,Locadora A,Nordeste,Supervisor B,SDR F,,,,,,Lead,0.0,0.0,6,5,0,0,0,0
L102399,2026-05-13,Crossover,Locadora B,Sudeste,Supervisor D,SDR B,,,,,,Lead,0.0,0.0,6,5,0,0,0,0
L102400,2026-01-02,Inbound,Locadora B,Nordeste,Supervisor C,SDR D,,,,,,Lead,0.0,0.0,6,5,0,0,0,0
L102401,2026-04-13,Inbound,Locadora A,Centro-Oeste,Supervisor D,SDR A,,,,,,Lead,0.0,0.0,6,5,0,0,0,0
L102402,2026-05-16,Inbound,Locadora A,Sul,Supervisor C,SDR E,,,,,,Lead,0.0,0.0,6,5,0,0,0,0
L102403,2026-04-10,Crossover,Locadora A,Sudeste,Supervisor D,SDR G,2026-04-13,2026-04-14,,,,Análise de Crédito,0.0,0.0,6,5,1,0,0,0
L102404,2026-03-11,Inbound,Locadora A,Sudeste,Supervisor A,SDR G,2026-03-12,2026-03-14,2026-03-16,,,Aprovado,0.0,0.0,6,5,1,1,0,0
L102405,2026-05-30,Farmer,Locadora A,Sul,Supervisor A,SDR F,,,,,,Lead,0.0,0.0,6,5,0,0,0,0
L102406,2026-03-09,Inbound,Locadora A,Sudeste,Supervisor B,SDR E,,,,,,Lead,0.0,0.0,6,5,0,0,0,0
L102407,2026-05-09,Inbound,Locadora A,Sudeste,Supervisor C,SDR E,,,,,,Lead,0.0,0.0,6,5,0,0,0,0
L102408,2026-03-26,Inbound,Locadora A,Norte,Supervisor D,SDR A,2026-03-31,2026-04-04,2026-04-07,,,Aprovado,0.0,0.0,6,5,1,1,0,0
L102409,2026-01-05,Farmer,Locadora A,Centro-Oeste,Supervisor A,SDR F,,,,,,Lead,0.0,0.0,6,5,0,0,0,0
L102410,2026-04-07,Inbound,Locadora A,Centro-Oeste,Supervisor A,SDR F,,,,,,Lead,0.0,0.0,6,5,0,0,0,0
L102411,2026-01-09,Farmer,Locadora A,Norte,Supervisor D,SDR B,2026-01-10,2026-01-14,,,,Análise de Crédito,0.0,0.0,6,5,1,0,0,0
L102412,2026-06-18,Inbound,Locadora B,Sudeste,Supervisor C,SDR F,2026-06-21,2026-06-22,2026-06-26,,,Aprovado,0.0,0.0,6,5,1,1,0,0
L102413,2026-04-19,Inbound,Locadora A,Sudeste,Supervisor B,SDR D,,,,,,Lead,0.0,0.0,6,5,0,0,0,0
L102414,2026-03-09,Farmer,Locadora B,Centro-Oeste,Supervisor A,SDR E,,,,,,Lead,0.0,0.0,6,5,0,0,0,0
L102415,2026-03-30,Inbound,Locadora A,Sudeste,Supervisor C,SDR G,,,,,,Lead,0.0,0.0,6,5,0,0,0,0
L102416,2026-04-23,Crossover,Locadora B,Sudeste,Supervisor D,SDR C,,,,,,Lead,0.0,0.0,6,5,0,0,0,0
L102417,2026-02-17,C2C,Locadora A,Nordeste,Supervisor A,SDR H,,,,,,Lead,0.0,0.0,6,5,0,0,0,0
L102418,2026-02-22,Crossover,Locadora B,Sudeste,Supervisor A,SDR D,2026-02-23,2026-02-27,2026-03-01,2026-03-08,2026-03-15,Assinado,80854.13,67242.12,6,5,1,1,1,1
L102419,2026-03-17,Inbound,Locadora B,Sul,Supervisor D,SDR E,2026-03-22,2026-03-26,,,,Análise de Crédito,0.0,0.0,6,5,1,0,0,0
L102420,2026-02-16,Inbound,Locadora A,Sul,Supervisor D,SDR A,2026-02-17,2026-02-19,2026-02-20,2026-02-23,,Formalizado,144714.9,0.0,6,5,1,1,1,0
L102421,2026-05-18,Inbound,Locadora A,Sul,Supervisor A,SDR A,,,,,,Lead,0.0,0.0,6,5,0,0,0,0
L102422,2026-01-19,Farmer,Locadora A,Sudeste,Supervisor C,SDR C,,,,,,Lead,0.0,0.0,6,5,0,0,0,0
L102423,2026-05-30,Crossover,Locadora A,Sudeste,Supervisor D,SDR H,,,,,,Lead,0.0,0.0,6,5,0,0,0,0
L102424,2026-03-05,C2C,Locadora A,Nordeste,Supervisor A,SDR C,,,,,,Lead,0.0,0.0,6,5,0,0,0,0
L102425,2026-04-12,Inbound,Locadora A,Norte,Supervisor A,SDR D,,,,,,Lead,0.0,0.0,6,5,0,0,0,0
L102426,2026-01-29,C2C,Locadora B,Sul,Supervisor A,SDR G,,,,,,Lead,0.0,0.0,6,5,0,0,0,0
L102427,2026-03-11,Farmer,Locadora A,Sudeste,Supervisor D,SDR C,,,,,,Lead,0.0,0.0,6,5,0,0,0,0
L102428,2026-05-17,C2C,Locadora A,Sul,Supervisor D,SDR G,2026-05-22,2026-05-24,2026-05-26,,,Aprovado,0.0,0.0,6,5,1,1,0,0
L102429,2026-02-18,Inbound,Locadora B,Sudeste,Supervisor A,SDR A,,,,,,Lead,0.0,0.0,6,5,0,0,0,0
L102430,2026-01-24,Inbound,Locadora A,Sudeste,Supervisor A,SDR B,2026-01-27,2026-01-28,2026-01-29,,,Aprovado,0.0,0.0,6,5,1,1,0,0
L102431,2026-04-05,Inbound,Locadora A,Sudeste,Supervisor C,SDR A,,,,,,Lead,0.0,0.0,6,5,0,0,0,0
L102432,2026-01-30,Inbound,Locadora A,Sudeste,Supervisor D,SDR A,,,,,,Lead,0.0,0.0,6,5,0,0,0,0
L102433,2026-02-26,Inbound,Locadora B,Sudeste,Supervisor D,SDR E,,,,,,Lead,0.0,0.0,6,5,0,0,0,0
L102434,2026-03-23,Farmer,Locadora A,Sudeste,Supervisor A,SDR A,,,,,,Lead,0.0,0.0,6,5,0,0,0,0
L102435,2026-04-13,Crossover,Locadora A,Nordeste,Supervisor B,SDR E,,,,,,Lead,0.0,0.0,6,5,0,0,0,0
L102436,2026-04-26,C2C,Locadora A,Sul,Supervisor A,SDR E,2026-05-01,2026-05-04,2026-05-07,,,Aprovado,0.0,0.0,6,5,1,1,0,0
L102437,2026-05-03,Inbound,Locadora A,Sudeste,Supervisor A,SDR B,,,,,,Lead,0.0,0.0,6,5,0,0,0,0
L102438,2026-06-02,C2C,Locadora A,Sudeste,Supervisor C,SDR A,,,,,,Lead,0.0,0.0,6,5,0,0,0,0
L102439,2026-01-12,Crossover,Locadora B,Nordeste,Supervisor B,SDR B,2026-01-16,2026-01-19,2026-01-23,2026-01-26,2026-01-29,Assinado,61346.98,60283.74,6,5,1,1,1,1
L102440,2026-03-07,Crossover,Locadora A,Sudeste,Supervisor C,SDR B,2026-03-10,2026-03-11,2026-03-13,,,Aprovado,0.0,0.0,6,5,1,1,0,0
L102441,2026-01-01,Farmer,Locadora A,Sudeste,Supervisor B,SDR E,2026-01-02,2026-01-03,2026-01-07,,,Aprovado,0.0,0.0,6,5,1,1,0,0
L102442,2026-01-02,Farmer,Locadora A,Sul,Supervisor C,SDR H,,,,,,Lead,0.0,0.0,6,5,0,0,0,0
L102443,2026-02-08,Farmer,Locadora A,Centro-Oeste,Supervisor C,SDR D,2026-02-10,2026-02-12,2026-02-16,,,Aprovado,0.0,0.0,6,5,1,1,0,0
L102444,2026-04-19,C2C,Locadora A,Nordeste,Supervisor A,SDR F,,,,,,Lead,0.0,0.0,6,5,0,0,0,0
L102445,2026-06-11,Inbound,Locadora A,Sudeste,Supervisor A,SDR C,,,,,,Lead,0.0,0.0,6,5,0,0,0,0
L102446,2026-05-21,C2C,Locadora B,Sudeste,Supervisor B,SDR A,,,,,,Lead,0.0,0.0,6,5,0,0,0,0
L102447,2026-04-27,Inbound,Locadora A,Sudeste,Supervisor A,SDR B,2026-05-02,2026-05-03,,,,Análise de Crédito,0.0,0.0,6,5,1,0,0,0
L102448,2026-05-21,Inbound,Locadora A,Sul,Supervisor A,SDR D,2026-05-22,2026-05-25,,,,Análise de Crédito,0.0,0.0,6,5,1,0,0,0
L102449,2026-02-01,Inbound,Locadora A,Sudeste,Supervisor B,SDR G,,,,,,Lead,0.0,0.0,6,5,0,0,0,0
L102450,2026-06-02,Crossover,Locadora B,Sudeste,Supervisor B,SDR B,,,,,,Lead,0.0,0.0,6,5,0,0,0,0
L102451,2026-06-11,Inbound,Locadora B,Sudeste,Supervisor B,SDR H,,,,,,Lead,0.0,0.0,6,5,0,0,0,0
L102452,2026-01-18,Farmer,Locadora A,Norte,Supervisor A,SDR F,,,,,,Lead,0.0,0.0,6,5,0,0,0,0
L102453,2026-03-27,Inbound,Locadora A,Sudeste,Supervisor A,SDR C,2026-03-31,2026-04-04,,,,Análise de Crédito,0.0,0.0,6,5,1,0,0,0
L102454,2026-05-31,C2C,Locadora A,Sudeste,Supervisor D,SDR E,,,,,,Lead,0.0,0.0,6,5,0,0,0,0
L102455,2026-03-28,Inbound,Locadora A,Norte,Supervisor C,SDR F,,,,,,Lead,0.0,0.0,6,5,0,0,0,0
L102456,2026-06-02,Inbound,Locadora A,Centro-Oeste,Supervisor B,SDR F,,,,,,Lead,0.0,0.0,6,5,0,0,0,0
L102457,2026-06-19,Inbound,Locadora A,Sul,Supervisor A,SDR G,,,,,,Lead,0.0,0.0,6,5,0,0,0,0
L102458,2026-03-27,Inbound,Locadora B,Centro-Oeste,Supervisor B,SDR F,,,,,,Lead,0.0,0.0,6,5,0,0,0,0
L102459,2026-01-11,Crossover,Locadora A,Sudeste,Supervisor D,SDR A,,,,,,Lead,0.0,0.0,6,5,0,0,0,0
L102460,2026-03-03,Inbound,Locadora A,Nordeste,Supervisor D,SDR D,,,,,,Lead,0.0,0.0,6,5,0,0,0,0
L102461,2026-02-08,Crossover,Locadora A,Sudeste,Supervisor D,SDR H,2026-02-12,2026-02-13,2026-02-14,2026-02-20,2026-03-01,Assinado,75114.24,70249.24,6,5,1,1,1,1
L102462,2026-03-27,Crossover,Locadora A,Norte,Supervisor A,SDR B,,,,,,Lead,0.0,0.0,6,5,0,0,0,0
L102463,2026-04-17,Farmer,Locadora A,Sudeste,Supervisor B,SDR D,,,,,,Lead,0.0,0.0,6,5,0,0,0,0
L102464,2026-03-25,Crossover,Locadora B,Sul,Supervisor A,SDR E,2026-03-29,2026-03-30,,,,Análise de Crédito,0.0,0.0,6,5,1,0,0,0
L102465,2026-02-05,Farmer,Locadora A,Sul,Supervisor D,SDR E,,,,,,Lead,0.0,0.0,6,5,0,0,0,0
L102466,2026-02-24,Farmer,Locadora A,Sudeste,Supervisor A,SDR G,,,,,,Lead,0.0,0.0,6,5,0,0,0,0
L102467,2026-05-03,Crossover,Locadora A,Sudeste,Supervisor C,SDR E,,,,,,Lead,0.0,0.0,6,5,0,0,0,0
L102468,2026-01-05,Inbound,Locadora B,Nordeste,Supervisor B,SDR A,,,,,,Lead,0.0,0.0,6,5,0,0,0,0
L102469,2026-02-08,Crossover,Locadora A,Sudeste,Supervisor C,SDR B,,,,,,Lead,0.0,0.0,6,5,0,0,0,0
L102470,2026-06-11,Inbound,Locadora A,Norte,Supervisor D,SDR F,2026-06-15,2026-06-17,2026-06-20,2026-06-26,2026-07-05,Assinado,95501.8,79880.03,6,5,1,1,1,1
L102471,2026-01-18,Crossover,Locadora A,Sudeste,Supervisor B,SDR G,,,,,,Lead,0.0,0.0,6,5,0,0,0,0
L102472,2026-03-17,C2C,Locadora A,Sul,Supervisor A,SDR F,,,,,,Lead,0.0,0.0,6,5,0,0,0,0
L102473,2026-02-07,Inbound,Locadora A,Sul,Supervisor C,SDR F,,,,,,Lead,0.0,0.0,6,5,0,0,0,0
L102474,2026-01-19,Inbound,Locadora A,Sul,Supervisor C,SDR B,,,,,,Lead,0.0,0.0,6,5,0,0,0,0
L102475,2026-03-18,Crossover,Locadora A,Centro-Oeste,Supervisor A,SDR A,,,,,,Lead,0.0,0.0,6,5,0,0,0,0
L102476,2026-04-05,Inbound,Locadora A,Centro-Oeste,Supervisor A,SDR H,,,,,,Lead,0.0,0.0,6,5,0,0,0,0
L102477,2026-02-01,Inbound,Locadora B,Sul,Supervisor C,SDR E,,,,,,Lead,0.0,0.0,6,5,0,0,0,0
L102478,2026-01-15,Inbound,Locadora B,Sul,Supervisor C,SDR F,,,,,,Lead,0.0,0.0,6,5,0,0,0,0
L102479,2026-01-25,C2C,Locadora B,Sul,Supervisor A,SDR H,,,,,,Lead,0.0,0.0,6,5,0,0,0,0
L102480,2026-04-28,Crossover,Locadora A,Sudeste,Supervisor C,SDR B,,,,,,Lead,0.0,0.0,6,5,0,0,0,0
L102481,2026-06-05,Crossover,Locadora A,Sudeste,Supervisor B,SDR G,2026-06-10,2026-06-13,,,,Análise de Crédito,0.0,0.0,6,5,1,0,0,0
L102482,2026-02-02,Inbound,Locadora A,Sudeste,Supervisor A,SDR C,,,,,,Lead,0.0,0.0,6,5,0,0,0,0
L102483,2026-02-27,Inbound,Locadora A,Sul,Supervisor C,SDR F,,,,,,Lead,0.0,0.0,6,5,0,0,0,0
L102484,2026-03-04,C2C,Locadora A,Norte,Supervisor C,SDR D,,,,,,Lead,0.0,0.0,6,5,0,0,0,0
L102485,2026-03-07,C2C,Locadora A,Sudeste,Supervisor A,SDR B,,,,,,Lead,0.0,0.0,6,5,0,0,0,0
L102486,2026-02-14,C2C,Locadora B,Sul,Supervisor C,SDR H,,,,,,Lead,0.0,0.0,6,5,0,0,0,0
L102487,2026-01-11,Crossover,Locadora B,Sudeste,Supervisor A,SDR C,2026-01-14,2026-01-15,2026-01-17,,,Aprovado,0.0,0.0,6,5,1,1,0,0
L102488,2026-04-06,Inbound,Locadora A,Sul,Supervisor C,SDR A,,,,,,Lead,0.0,0.0,6,5,0,0,0,0
L102489,2026-03-06,Farmer,Locadora A,Centro-Oeste,Supervisor D,SDR B,2026-03-08,2026-03-11,,,,Análise de Crédito,0.0,0.0,6,5,1,0,0,0
L102490,2026-03-03,Inbound,Locadora A,Centro-Oeste,Supervisor D,SDR H,,,,,,Lead,0.0,0.0,6,5,0,0,0,0
L102491,2026-02-17,Inbound,Locadora A,Centro-Oeste,Supervisor B,SDR G,,,,,,Lead,0.0,0.0,6,5,0,0,0,0
L102492,2026-06-18,Inbound,Locadora A,Centro-Oeste,Supervisor B,SDR F,,,,,,Lead,0.0,0.0,6,5,0,0,0,0
L102493,2026-04-21,Inbound,Locadora A,Sudeste,Supervisor A,SDR G,,,,,,Lead,0.0,0.0,6,5,0,0,0,0
L102494,2026-03-17,C2C,Locadora A,Sul,Supervisor D,SDR F,,,,,,Lead,0.0,0.0,6,5,0,0,0,0
L102495,2026-02-07,Inbound,Locadora A,Sudeste,Supervisor B,SDR H,,,,,,Lead,0.0,0.0,6,5,0,0,0,0
L102496,2026-05-26,C2C,Locadora A,Norte,Supervisor D,SDR A,,,,,,Lead,0.0,0.0,6,5,0,0,0,0
L102497,2026-06-10,Inbound,Locadora B,Nordeste,Supervisor D,SDR A,,,,,,Lead,0.0,0.0,6,5,0,0,0,0
L102498,2026-01-06,Crossover,Locadora A,Sudeste,Supervisor B,SDR F,2026-01-07,2026-01-09,,,,Análise de Crédito,0.0,0.0,6,5,1,0,0,0
L102499,2026-06-18,Inbound,Locadora A,Sudeste,Supervisor C,SDR H,,,,,,Lead,0.0,0.0,6,5,0,0,0,0
L102500,2026-05-07,Inbound,Locadora A,Sudeste,Supervisor B,SDR E,,,,,,Lead,0.0,0.0,6,5,0,0,0,0
L102501,2026-01-19,Inbound,Locadora A,Norte,Supervisor C,SDR H,2026-01-20,2026-01-23,2026-01-25,,,Aprovado,0.0,0.0,6,5,1,1,0,0
L102502,2026-05-17,Crossover,Locadora A,Sudeste,Supervisor A,SDR D,2026-05-19,2026-05-20,2026-05-22,,,Aprovado,0.0,0.0,6,5,1,1,0,0
L102503,2026-01-20,Inbound,Locadora A,Sul,Supervisor D,SDR F,,,,,,Lead,0.0,0.0,6,5,0,0,0,0
L102504,2026-01-10,C2C,Locadora B,Sudeste,Supervisor A,SDR E,,,,,,Lead,0.0,0.0,6,5,0,0,0,0
L102505,2026-01-21,Inbound,Locadora A,Centro-Oeste,Supervisor C,SDR H,,,,,,Lead,0.0,0.0,6,5,0,0,0,0
L102506,2026-03-25,Inbound,Locadora A,Centro-Oeste,Supervisor D,SDR F,2026-03-29,2026-04-02,2026-04-06,2026-04-10,2026-04-18,Assinado,36991.96,31768.74,6,5,1,1,1,1
L102507,2026-04-23,Inbound,Locadora A,Sudeste,Supervisor D,SDR D,,,,,,Lead,0.0,0.0,6,5,0,0,0,0
L102508,2026-03-15,Farmer,Locadora B,Nordeste,Supervisor D,SDR B,,,,,,Lead,0.0,0.0,6,5,0,0,0,0
L102509,2026-01-23,Inbound,Locadora A,Sudeste,Supervisor C,SDR C,,,,,,Lead,0.0,0.0,6,5,0,0,0,0
L102510,2026-02-06,Crossover,Locadora A,Nordeste,Supervisor D,SDR A,2026-02-10,2026-02-12,,,,Análise de Crédito,0.0,0.0,6,5,1,0,0,0
L102511,2026-06-04,Inbound,Locadora B,Sudeste,Supervisor D,SDR B,,,,,,Lead,0.0,0.0,6,5,0,0,0,0
L102512,2026-06-24,Inbound,Locadora A,Sul,Supervisor B,SDR E,2026-06-26,2026-06-27,,,,Análise de Crédito,0.0,0.0,6,5,1,0,0,0
L102513,2026-05-17,Inbound,Locadora A,Sudeste,Supervisor C,SDR A,2026-05-22,2026-05-23,2026-05-27,,,Aprovado,0.0,0.0,6,5,1,1,0,0
L102514,2026-01-19,Crossover,Locadora A,Sul,Supervisor B,SDR D,2026-01-23,2026-01-24,2026-01-26,2026-01-27,2026-01-30,Assinado,80676.46,81408.12,6,5,1,1,1,1
L102515,2026-05-29,C2C,Locadora A,Sudeste,Supervisor B,SDR A,,,,,,Lead,0.0,0.0,6,5,0,0,0,0
L102516,2026-05-06,Inbound,Locadora B,Sul,Supervisor D,SDR B,,,,,,Lead,0.0,0.0,6,5,0,0,0,0
L102517,2026-04-06,Inbound,Locadora A,Sudeste,Supervisor A,SDR F,,,,,,Lead,0.0,0.0,6,5,0,0,0,0
L102518,2026-01-26,Crossover,Locadora A,Sudeste,Supervisor A,SDR A,,,,,,Lead,0.0,0.0,6,5,0,0,0,0
L102519,2026-06-30,Inbound,Locadora A,Nordeste,Supervisor A,SDR C,,,,,,Lead,0.0,0.0,6,5,0,0,0,0
L102520,2026-03-22,Inbound,Locadora A,Sul,Supervisor A,SDR B,,,,,,Lead,0.0,0.0,6,5,0,0,0,0
L102521,2026-01-08,Inbound,Locadora A,Sul,Supervisor C,SDR A,2026-01-10,2026-01-11,,,,Análise de Crédito,0.0,0.0,6,5,1,0,0,0
L102522,2026-02-08,Inbound,Locadora B,Sul,Supervisor D,SDR B,,,,,,Lead,0.0,0.0,6,5,0,0,0,0
L102523,2026-03-14,Inbound,Locadora A,Sudeste,Supervisor D,SDR A,,,,,,Lead,0.0,0.0,6,5,0,0,0,0
L102524,2026-01-12,Inbound,Locadora B,Nordeste,Supervisor D,SDR A,,,,,,Lead,0.0,0.0,6,5,0,0,0,0
L102525,2026-02-28,C2C,Locadora B,Sudeste,Supervisor D,SDR F,,,,,,Lead,0.0,0.0,6,5,0,0,0,0
L102526,2026-03-26,Inbound,Locadora A,Norte,Supervisor B,SDR A,,,,,,Lead,0.0,0.0,6,5,0,0,0,0
L102527,2026-06-21,Inbound,Locadora A,Nordeste,Supervisor D,SDR H,,,,,,Lead,0.0,0.0,6,5,0,0,0,0
L102528,2026-01-16,C2C,Locadora B,Sudeste,Supervisor B,SDR D,,,,,,Lead,0.0,0.0,6,5,0,0,0,0
L102529,2026-04-15,Farmer,Locadora A,Sudeste,Supervisor C,SDR D,,,,,,Lead,0.0,0.0,6,5,0,0,0,0
L102530,2026-06-15,Inbound,Locadora A,Centro-Oeste,Supervisor A,SDR H,,,,,,Lead,0.0,0.0,6,5,0,0,0,0
L102531,2026-05-26,C2C,Locadora A,Centro-Oeste,Supervisor D,SDR G,,,,,,Lead,0.0,0.0,6,5,0,0,0,0
L102532,2026-06-17,Inbound,Locadora A,Sudeste,Supervisor D,SDR D,,,,,,Lead,0.0,0.0,6,5,0,0,0,0
L102533,2026-01-31,Inbound,Locadora A,Sudeste,Supervisor C,SDR H,,,,,,Lead,0.0,0.0,6,5,0,0,0,0
L102534,2026-05-26,C2C,Locadora A,Sudeste,Supervisor A,SDR E,,,,,,Lead,0.0,0.0,6,5,0,0,0,0
L102535,2026-06-27,Farmer,Locadora A,Centro-Oeste,Supervisor B,SDR F,,,,,,Lead,0.0,0.0,6,5,0,0,0,0
L102536,2026-03-01,Inbound,Locadora A,Centro-Oeste,Supervisor C,SDR H,,,,,,Lead,0.0,0.0,6,5,0,0,0,0
L102537,2026-04-01,Inbound,Locadora A,Sudeste,Supervisor B,SDR F,,,,,,Lead,0.0,0.0,6,5,0,0,0,0
L102538,2026-04-07,Inbound,Locadora B,Sul,Supervisor C,SDR E,,,,,,Lead,0.0,0.0,6,5,0,0,0,0
L102539,2026-03-31,Crossover,Locadora B,Centro-Oeste,Supervisor B,SDR E,2026-04-03,2026-04-04,2026-04-07,,,Aprovado,0.0,0.0,6,5,1,1,0,0
L102540,2026-02-22,C2C,Locadora B,Norte,Supervisor D,SDR F,,,,,,Lead,0.0,0.0,6,5,0,0,0,0
L102541,2026-06-25,Inbound,Locadora A,Sudeste,Supervisor A,SDR H,,,,,,Lead,0.0,0.0,6,5,0,0,0,0
L102542,2026-06-23,Inbound,Locadora A,Sudeste,Supervisor B,SDR F,,,,,,Lead,0.0,0.0,6,5,0,0,0,0
L102543,2026-03-10,Inbound,Locadora B,Sudeste,Supervisor A,SDR C,,,,,,Lead,0.0,0.0,6,5,0,0,0,0
L102544,2026-05-26,Inbound,Locadora A,Sul,Supervisor C,SDR A,,,,,,Lead,0.0,0.0,6,5,0,0,0,0
L102545,2026-03-13,Inbound,Locadora A,Sudeste,Supervisor B,SDR G,2026-03-17,2026-03-20,2026-03-24,2026-03-29,2026-03-31,Assinado,28417.25,23661.42,6,5,1,1,1,1
L102546,2026-05-24,C2C,Locadora A,Sudeste,Supervisor B,SDR D,,,,,,Lead,0.0,0.0,6,5,0,0,0,0
L102547,2026-04-16,Inbound,Locadora A,Nordeste,Supervisor A,SDR D,,,,,,Lead,0.0,0.0,6,5,0,0,0,0
L102548,2026-03-27,Inbound,Locadora A,Sul,Supervisor D,SDR H,,,,,,Lead,0.0,0.0,6,5,0,0,0,0
L102549,2026-01-24,Inbound,Locadora A,Sudeste,Supervisor A,SDR B,,,,,,Lead,0.0,0.0,6,5,0,0,0,0
L102550,2026-04-29,Inbound,Locadora A,Sudeste,Supervisor D,SDR A,,,,,,Lead,0.0,0.0,6,5,0,0,0,0
L102551,2026-02-28,Crossover,Locadora B,Sudeste,Supervisor D,SDR F,,,,,,Lead,0.0,0.0,6,5,0,0,0,0
L102552,2026-02-09,Inbound,Locadora A,Sudeste,Supervisor D,SDR H,,,,,,Lead,0.0,0.0,6,5,0,0,0,0
L102553,2026-02-04,Inbound,Locadora A,Sudeste,Supervisor B,SDR G,,,,,,Lead,0.0,0.0,6,5,0,0,0,0
L102554,2026-06-27,Inbound,Locadora A,Sudeste,Supervisor C,SDR G,,,,,,Lead,0.0,0.0,6,5,0,0,0,0
L102555,2026-01-19,C2C,Locadora A,Sudeste,Supervisor D,SDR G,,,,,,Lead,0.0,0.0,6,5,0,0,0,0
L102556,2026-05-25,Inbound,Locadora A,Nordeste,Supervisor A,SDR F,,,,,,Lead,0.0,0.0,6,5,0,0,0,0
L102557,2026-06-06,Inbound,Locadora B,Nordeste,Supervisor A,SDR H,,,,,,Lead,0.0,0.0,6,5,0,0,0,0
L102558,2026-01-06,Inbound,Locadora A,Sudeste,Supervisor A,SDR C,,,,,,Lead,0.0,0.0,6,5,0,0,0,0
L102559,2026-04-17,Crossover,Locadora A,Centro-Oeste,Supervisor D,SDR F,2026-04-19,2026-04-22,2026-04-25,2026-05-02,2026-05-09,Assinado,44616.73,40127.41,6,5,1,1,1,1
L102560,2026-04-15,C2C,Locadora B,Sudeste,Supervisor A,SDR A,,,,,,Lead,0.0,0.0,6,5,0,0,0,0
L102561,2026-03-06,Inbound,Locadora A,Nordeste,Supervisor D,SDR E,,,,,,Lead,0.0,0.0,6,5,0,0,0,0
L102562,2026-05-01,Crossover,Locadora A,Nordeste,Supervisor D,SDR C,,,,,,Lead,0.0,0.0,6,5,0,0,0,0
L102563,2026-03-15,Inbound,Locadora A,Sul,Supervisor D,SDR H,,,,,,Lead,0.0,0.0,6,5,0,0,0,0
L102564,2026-03-21,C2C,Locadora A,Sul,Supervisor C,SDR D,,,,,,Lead,0.0,0.0,6,5,0,0,0,0
L102565,2026-03-20,Inbound,Locadora A,Sudeste,Supervisor C,SDR B,,,,,,Lead,0.0,0.0,6,5,0,0,0,0
L102566,2026-05-25,Inbound,Locadora A,Sudeste,Supervisor C,SDR E,,,,,,Lead,0.0,0.0,6,5,0,0,0,0
L102567,2026-04-25,Crossover,Locadora A,Sul,Supervisor C,SDR A,,,,,,Lead,0.0,0.0,6,5,0,0,0,0
L102568,2026-03-10,Inbound,Locadora A,Sudeste,Supervisor D,SDR B,,,,,,Lead,0.0,0.0,6,5,0,0,0,0
L102569,2026-06-17,C2C,Locadora A,Centro-Oeste,Supervisor B,SDR D,2026-06-18,2026-06-20,2026-06-22,,,Aprovado,0.0,0.0,6,5,1,1,0,0
L102570,2026-05-26,Crossover,Locadora B,Sul,Supervisor D,SDR F,,,,,,Lead,0.0,0.0,6,5,0,0,0,0
L102571,2026-06-18,Crossover,Locadora B,Sudeste,Supervisor B,SDR E,,,,,,Lead,0.0,0.0,6,5,0,0,0,0
L102572,2026-05-13,Inbound,Locadora A,Sul,Supervisor A,SDR A,,,,,,Lead,0.0,0.0,6,5,0,0,0,0
L102573,2026-03-12,C2C,Locadora B,Nordeste,Supervisor D,SDR F,2026-03-13,2026-03-15,2026-03-17,2026-03-24,2026-03-30,Assinado,39057.91,32762.02,6,5,1,1,1,1
L102574,2026-05-20,Inbound,Locadora B,Sul,Supervisor C,SDR A,,,,,,Lead,0.0,0.0,6,5,0,0,0,0
L102575,2026-03-01,Crossover,Locadora A,Sul,Supervisor A,SDR G,,,,,,Lead,0.0,0.0,6,5,0,0,0,0
L102576,2026-02-19,C2C,Locadora A,Nordeste,Supervisor A,SDR A,,,,,,Lead,0.0,0.0,6,5,0,0,0,0
L102577,2026-03-23,Inbound,Locadora A,Sudeste,Supervisor A,SDR A,,,,,,Lead,0.0,0.0,6,5,0,0,0,0
L102578,2026-06-25,C2C,Locadora A,Sul,Supervisor C,SDR E,,,,,,Lead,0.0,0.0,6,5,0,0,0,0
L102579,2026-04-13,Farmer,Locadora A,Sudeste,Supervisor D,SDR G,,,,,,Lead,0.0,0.0,6,5,0,0,0,0
L102580,2026-03-11,Inbound,Locadora A,Sudeste,Supervisor B,SDR G,,,,,,Lead,0.0,0.0,6,5,0,0,0,0
L102581,2026-03-25,Inbound,Locadora B,Norte,Supervisor A,SDR E,,,,,,Lead,0.0,0.0,6,5,0,0,0,0
L102582,2026-02-22,Inbound,Locadora A,Sudeste,Supervisor D,SDR B,,,,,,Lead,0.0,0.0,6,5,0,0,0,0
L102583,2026-04-30,Inbound,Locadora A,Sudeste,Supervisor C,SDR H,,,,,,Lead,0.0,0.0,6,5,0,0,0,0
L102584,2026-03-05,Inbound,Locadora B,Sudeste,Supervisor C,SDR A,,,,,,Lead,0.0,0.0,6,5,0,0,0,0
L102585,2026-04-11,C2C,Locadora B,Norte,Supervisor A,SDR C,2026-04-14,2026-04-18,,,,Análise de Crédito,0.0,0.0,6,5,1,0,0,0
L102586,2026-03-08,Inbound,Locadora B,Nordeste,Supervisor C,SDR G,2026-03-12,2026-03-16,,,,Análise de Crédito,0.0,0.0,6,5,1,0,0,0
L102587,2026-02-28,Inbound,Locadora A,Sudeste,Supervisor B,SDR E,,,,,,Lead,0.0,0.0,6,5,0,0,0,0
L102588,2026-06-25,Inbound,Locadora A,Sul,Supervisor A,SDR G,,,,,,Lead,0.0,0.0,6,5,0,0,0,0
L102589,2026-03-04,Inbound,Locadora A,Sudeste,Supervisor B,SDR G,,,,,,Lead,0.0,0.0,6,5,0,0,0,0
L102590,2026-01-13,Inbound,Locadora A,Centro-Oeste,Supervisor A,SDR H,,,,,,Lead,0.0,0.0,6,5,0,0,0,0
L102591,2026-03-10,Farmer,Locadora A,Sul,Supervisor B,SDR E,,,,,,Lead,0.0,0.0,6,5,0,0,0,0
L102592,2026-04-07,Inbound,Locadora B,Sudeste,Supervisor D,SDR G,,,,,,Lead,0.0,0.0,6,5,0,0,0,0
L102593,2026-01-18,Crossover,Locadora A,Sul,Supervisor D,SDR B,,,,,,Lead,0.0,0.0,6,5,0,0,0,0
L102594,2026-02-25,Inbound,Locadora A,Nordeste,Supervisor C,SDR B,,,,,,Lead,0.0,0.0,6,5,0,0,0,0
L102595,2026-01-31,Inbound,Locadora A,Sudeste,Supervisor D,SDR A,,,,,,Lead,0.0,0.0,6,5,0,0,0,0
L102596,2026-04-01,C2C,Locadora A,Sudeste,Supervisor D,SDR B,2026-04-05,2026-04-08,2026-04-11,,,Aprovado,0.0,0.0,6,5,1,1,0,0
L102597,2026-05-11,Inbound,Locadora A,Norte,Supervisor A,SDR A,,,,,,Lead,0.0,0.0,6,5,0,0,0,0
L102598,2026-06-25,Inbound,Locadora A,Sudeste,Supervisor B,SDR G,,,,,,Lead,0.0,0.0,6,5,0,0,0,0
L102599,2026-03-12,Inbound,Locadora A,Sul,Supervisor B,SDR D,,,,,,Lead,0.0,0.0,6,5,0,0,0,0
L102600,2026-06-06,Inbound,Locadora B,Sul,Supervisor C,SDR D,,,,,,Lead,0.0,0.0,6,5,0,0,0,0
L102601,2026-02-08,Crossover,Locadora A,Sudeste,Supervisor D,SDR F,,,,,,Lead,0.0,0.0,6,5,0,0,0,0
L102602,2026-05-22,C2C,Locadora A,Sudeste,Supervisor D,SDR C,,,,,,Lead,0.0,0.0,6,5,0,0,0,0
L102603,2026-04-12,C2C,Locadora B,Sudeste,Supervisor A,SDR E,,,,,,Lead,0.0,0.0,6,5,0,0,0,0
L102604,2026-05-18,Inbound,Locadora A,Sudeste,Supervisor C,SDR A,,,,,,Lead,0.0,0.0,6,5,0,0,0,0
L102605,2026-05-17,Inbound,Locadora A,Sul,Supervisor A,SDR F,,,,,,Lead,0.0,0.0,6,5,0,0,0,0
L102606,2026-04-07,Crossover,Locadora A,Nordeste,Supervisor B,SDR G,2026-04-09,2026-04-11,,,,Análise de Crédito,0.0,0.0,6,5,1,0,0,0
L102607,2026-02-16,Inbound,Locadora A,Sudeste,Supervisor B,SDR A,,,,,,Lead,0.0,0.0,6,5,0,0,0,0
L102608,2026-04-06,Inbound,Locadora A,Centro-Oeste,Supervisor C,SDR A,2026-04-07,2026-04-11,2026-04-12,,,Aprovado,0.0,0.0,6,5,1,1,0,0
L102609,2026-05-30,Inbound,Locadora A,Sudeste,Supervisor D,SDR B,,,,,,Lead,0.0,0.0,6,5,0,0,0,0
L102610,2026-06-25,Crossover,Locadora A,Sudeste,Supervisor D,SDR E,2026-06-29,2026-06-30,,,,Análise de Crédito,0.0,0.0,6,5,1,0,0,0
L102611,2026-06-17,Inbound,Locadora A,Sul,Supervisor B,SDR G,,,,,,Lead,0.0,0.0,6,5,0,0,0,0
L102612,2026-02-02,Inbound,Locadora A,Sudeste,Supervisor C,SDR G,,,,,,Lead,0.0,0.0,6,5,0,0,0,0
L102613,2026-04-19,Inbound,Locadora B,Sul,Supervisor A,SDR G,,,,,,Lead,0.0,0.0,6,5,0,0,0,0
L102614,2026-01-19,Inbound,Locadora B,Sudeste,Supervisor A,SDR E,,,,,,Lead,0.0,0.0,6,5,0,0,0,0
L102615,2026-05-02,Inbound,Locadora A,Centro-Oeste,Supervisor D,SDR F,,,,,,Lead,0.0,0.0,6,5,0,0,0,0
L102616,2026-06-29,Inbound,Locadora A,Nordeste,Supervisor D,SDR C,,,,,,Lead,0.0,0.0,6,5,0,0,0,0
L102617,2026-01-10,C2C,Locadora A,Sudeste,Supervisor D,SDR F,,,,,,Lead,0.0,0.0,6,5,0,0,0,0
L102618,2026-04-29,Inbound,Locadora A,Norte,Supervisor B,SDR B,,,,,,Lead,0.0,0.0,6,5,0,0,0,0
L102619,2026-06-21,Crossover,Locadora A,Sudeste,Supervisor C,SDR H,,,,,,Lead,0.0,0.0,6,5,0,0,0,0
L102620,2026-06-03,Inbound,Locadora B,Sudeste,Supervisor A,SDR A,2026-06-04,2026-06-06,2026-06-08,2026-06-11,2026-06-12,Assinado,152442.32,127735.57,6,5,1,1,1,1
L102621,2026-03-13,Inbound,Locadora A,Sudeste,Supervisor C,SDR H,,,,,,Lead,0.0,0.0,6,5,0,0,0,0
L102622,2026-01-19,Inbound,Locadora A,Nordeste,Supervisor B,SDR D,,,,,,Lead,0.0,0.0,6,5,0,0,0,0
L102623,2026-06-17,Inbound,Locadora A,Centro-Oeste,Supervisor D,SDR F,,,,,,Lead,0.0,0.0,6,5,0,0,0,0
L102624,2026-06-16,Crossover,Locadora B,Norte,Supervisor B,SDR B,,,,,,Lead,0.0,0.0,6,5,0,0,0,0
L102625,2026-04-15,Inbound,Locadora A,Centro-Oeste,Supervisor C,SDR C,,,,,,Lead,0.0,0.0,6,5,0,0,0,0
L102626,2026-06-27,Farmer,Locadora A,Sudeste,Supervisor C,SDR G,2026-06-30,2026-07-03,2026-07-07,,,Aprovado,0.0,0.0,6,5,1,1,0,0
L102627,2026-01-01,Farmer,Locadora B,Nordeste,Supervisor D,SDR A,,,,,,Lead,0.0,0.0,6,5,0,0,0,0
L102628,2026-04-22,Crossover,Locadora A,Norte,Supervisor A,SDR B,,,,,,Lead,0.0,0.0,6,5,0,0,0,0
L102629,2026-01-07,Inbound,Locadora A,Nordeste,Supervisor B,SDR F,,,,,,Lead,0.0,0.0,6,5,0,0,0,0
L102630,2026-06-19,Inbound,Locadora A,Sul,Supervisor B,SDR G,2026-06-24,2026-06-26,2026-06-27,,,Aprovado,0.0,0.0,6,5,1,1,0,0
L102631,2026-05-04,Inbound,Locadora A,Nordeste,Supervisor A,SDR D,2026-05-06,,,,,Pedido,0.0,0.0,6,5,1,0,0,0
L102632,2026-06-15,Inbound,Locadora A,Sudeste,Supervisor D,SDR A,2026-06-18,2026-06-20,2026-06-22,,,Aprovado,0.0,0.0,6,5,1,1,0,0
L102633,2026-04-12,Crossover,Locadora A,Nordeste,Supervisor D,SDR B,,,,,,Lead,0.0,0.0,6,5,0,0,0,0
L102634,2026-01-16,Crossover,Locadora A,Norte,Supervisor A,SDR H,,,,,,Lead,0.0,0.0,6,5,0,0,0,0
L102635,2026-01-05,Inbound,Locadora A,Centro-Oeste,Supervisor C,SDR B,2026-01-09,2026-01-12,2026-01-16,,,Aprovado,0.0,0.0,6,5,1,1,0,0
L102636,2026-03-02,Inbound,Locadora B,Sudeste,Supervisor D,SDR E,,,,,,Lead,0.0,0.0,6,5,0,0,0,0
L102637,2026-05-15,Inbound,Locadora A,Sudeste,Supervisor B,SDR H,2026-05-16,2026-05-18,,,,Análise de Crédito,0.0,0.0,6,5,1,0,0,0
L102638,2026-01-28,Crossover,Locadora B,Norte,Supervisor C,SDR D,,,,,,Lead,0.0,0.0,6,5,0,0,0,0
L102639,2026-06-04,Inbound,Locadora B,Nordeste,Supervisor C,SDR A,2026-06-07,2026-06-08,,,,Análise de Crédito,0.0,0.0,6,5,1,0,0,0
L102640,2026-02-13,Inbound,Locadora A,Centro-Oeste,Supervisor A,SDR G,2026-02-15,2026-02-17,2026-02-21,,,Aprovado,0.0,0.0,6,5,1,1,0,0
L102641,2026-03-31,Farmer,Locadora A,Norte,Supervisor D,SDR G,2026-04-03,2026-04-07,2026-04-11,,,Aprovado,0.0,0.0,6,5,1,1,0,0
L102642,2026-02-06,Farmer,Locadora A,Sul,Supervisor D,SDR F,,,,,,Lead,0.0,0.0,6,5,0,0,0,0
L102643,2026-03-26,Inbound,Locadora A,Nordeste,Supervisor B,SDR H,2026-03-27,2026-03-31,,,,Análise de Crédito,0.0,0.0,6,5,1,0,0,0
L102644,2026-03-23,Inbound,Locadora A,Sudeste,Supervisor B,SDR G,,,,,,Lead,0.0,0.0,6,5,0,0,0,0
L102645,2026-01-01,Inbound,Locadora A,Sudeste,Supervisor D,SDR F,,,,,,Lead,0.0,0.0,6,5,0,0,0,0
L102646,2026-04-13,Inbound,Locadora A,Sul,Supervisor D,SDR C,,,,,,Lead,0.0,0.0,6,5,0,0,0,0
L102647,2026-05-23,Crossover,Locadora A,Sudeste,Supervisor A,SDR A,,,,,,Lead,0.0,0.0,6,5,0,0,0,0
L102648,2026-06-19,Inbound,Locadora A,Sudeste,Supervisor B,SDR F,2026-06-23,2026-06-24,2026-06-27,2026-07-03,,Formalizado,91979.32,0.0,6,5,1,1,1,0
L102649,2026-03-01,Inbound,Locadora B,Nordeste,Supervisor C,SDR G,,,,,,Lead,0.0,0.0,6,5,0,0,0,0
L102650,2026-06-09,C2C,Locadora A,Sudeste,Supervisor A,SDR F,,,,,,Lead,0.0,0.0,6,5,0,0,0,0
L102651,2026-06-09,Inbound,Locadora A,Centro-Oeste,Supervisor D,SDR F,2026-06-12,2026-06-14,2026-06-17,2026-06-24,2026-07-03,Assinado,60312.11,49635.89,6,5,1,1,1,1
L102652,2026-06-28,Inbound,Locadora A,Sudeste,Supervisor A,SDR F,,,,,,Lead,0.0,0.0,6,5,0,0,0,0
L102653,2026-03-09,Inbound,Locadora A,Nordeste,Supervisor D,SDR C,,,,,,Lead,0.0,0.0,6,5,0,0,0,0
L102654,2026-06-04,Inbound,Locadora A,Sudeste,Supervisor A,SDR A,,,,,,Lead,0.0,0.0,6,5,0,0,0,0
L102655,2026-04-13,Inbound,Locadora A,Centro-Oeste,Supervisor D,SDR F,,,,,,Lead,0.0,0.0,6,5,0,0,0,0
L102656,2026-01-11,C2C,Locadora A,Sul,Supervisor A,SDR H,,,,,,Lead,0.0,0.0,6,5,0,0,0,0
L102657,2026-02-18,Farmer,Locadora A,Sudeste,Supervisor C,SDR B,,,,,,Lead,0.0,0.0,6,5,0,0,0,0
L102658,2026-05-02,Crossover,Locadora A,Sudeste,Supervisor B,SDR A,,,,,,Lead,0.0,0.0,6,5,0,0,0,0
L102659,2026-01-30,Farmer,Locadora B,Sudeste,Supervisor B,SDR F,2026-01-31,2026-02-02,,,,Análise de Crédito,0.0,0.0,6,5,1,0,0,0
L102660,2026-03-20,Inbound,Locadora B,Sudeste,Supervisor A,SDR D,,,,,,Lead,0.0,0.0,6,5,0,0,0,0
L102661,2026-05-21,Crossover,Locadora A,Sudeste,Supervisor C,SDR H,,,,,,Lead,0.0,0.0,6,5,0,0,0,0
L102662,2026-01-28,Inbound,Locadora A,Sudeste,Supervisor C,SDR D,,,,,,Lead,0.0,0.0,6,5,0,0,0,0
L102663,2026-03-31,Crossover,Locadora A,Centro-Oeste,Supervisor B,SDR E,,,,,,Lead,0.0,0.0,6,5,0,0,0,0
L102664,2026-02-08,Inbound,Locadora A,Sudeste,Supervisor B,SDR A,,,,,,Lead,0.0,0.0,6,5,0,0,0,0
L102665,2026-04-08,Inbound,Locadora A,Sudeste,Supervisor C,SDR H,,,,,,Lead,0.0,0.0,6,5,0,0,0,0
L102666,2026-02-13,Inbound,Locadora A,Sudeste,Supervisor C,SDR C,2026-02-17,2026-02-19,2026-02-22,,,Aprovado,0.0,0.0,6,5,1,1,0,0
L102667,2026-06-24,C2C,Locadora B,Sul,Supervisor C,SDR D,,,,,,Lead,0.0,0.0,6,5,0,0,0,0
L102668,2026-01-14,Inbound,Locadora A,Sul,Supervisor A,SDR F,,,,,,Lead,0.0,0.0,6,5,0,0,0,0
L102669,2026-06-24,C2C,Locadora A,Centro-Oeste,Supervisor C,SDR G,,,,,,Lead,0.0,0.0,6,5,0,0,0,0
L102670,2026-05-24,Inbound,Locadora A,Sul,Supervisor B,SDR G,,,,,,Lead,0.0,0.0,6,5,0,0,0,0
L102671,2026-06-04,C2C,Locadora A,Sul,Supervisor B,SDR G,,,,,,Lead,0.0,0.0,6,5,0,0,0,0
L102672,2026-06-04,Inbound,Locadora A,Sudeste,Supervisor B,SDR A,,,,,,Lead,0.0,0.0,6,5,0,0,0,0
L102673,2026-02-03,Inbound,Locadora B,Sudeste,Supervisor B,SDR A,2026-02-05,2026-02-06,2026-02-10,,,Aprovado,0.0,0.0,6,5,1,1,0,0
L102674,2026-06-18,Inbound,Locadora A,Centro-Oeste,Supervisor A,SDR G,,,,,,Lead,0.0,0.0,6,5,0,0,0,0
L102675,2026-04-18,C2C,Locadora A,Sudeste,Supervisor B,SDR H,,,,,,Lead,0.0,0.0,6,5,0,0,0,0
L102676,2026-06-24,Inbound,Locadora A,Nordeste,Supervisor C,SDR E,,,,,,Lead,0.0,0.0,6,5,0,0,0,0
L102677,2026-06-08,Inbound,Locadora B,Sul,Supervisor A,SDR H,,,,,,Lead,0.0,0.0,6,5,0,0,0,0
L102678,2026-04-15,Farmer,Locadora A,Sul,Supervisor D,SDR C,,,,,,Lead,0.0,0.0,6,5,0,0,0,0
L102679,2026-03-09,Inbound,Locadora A,Sul,Supervisor B,SDR C,,,,,,Lead,0.0,0.0,6,5,0,0,0,0
L102680,2026-01-22,C2C,Locadora A,Norte,Supervisor C,SDR B,2026-01-23,2026-01-26,2026-01-27,,,Aprovado,0.0,0.0,6,5,1,1,0,0
L102681,2026-01-19,Inbound,Locadora A,Sudeste,Supervisor A,SDR G,2026-01-20,2026-01-22,2026-01-24,,,Aprovado,0.0,0.0,6,5,1,1,0,0
L102682,2026-03-12,Inbound,Locadora B,Sudeste,Supervisor A,SDR F,,,,,,Lead,0.0,0.0,6,5,0,0,0,0
L102683,2026-05-27,Inbound,Locadora B,Nordeste,Supervisor D,SDR B,,,,,,Lead,0.0,0.0,6,5,0,0,0,0
L102684,2026-04-02,Inbound,Locadora B,Sul,Supervisor D,SDR H,,,,,,Lead,0.0,0.0,6,5,0,0,0,0
L102685,2026-03-29,Crossover,Locadora B,Sudeste,Supervisor A,SDR A,,,,,,Lead,0.0,0.0,6,5,0,0,0,0
L102686,2026-02-14,Crossover,Locadora A,Sudeste,Supervisor D,SDR G,,,,,,Lead,0.0,0.0,6,5,0,0,0,0
L102687,2026-04-13,Inbound,Locadora A,Sudeste,Supervisor D,SDR B,,,,,,Lead,0.0,0.0,6,5,0,0,0,0
L102688,2026-04-26,Farmer,Locadora A,Nordeste,Supervisor A,SDR G,,,,,,Lead,0.0,0.0,6,5,0,0,0,0
L102689,2026-06-27,C2C,Locadora A,Sudeste,Supervisor A,SDR D,,,,,,Lead,0.0,0.0,6,5,0,0,0,0
L102690,2026-05-13,Inbound,Locadora A,Sudeste,Supervisor A,SDR B,,,,,,Lead,0.0,0.0,6,5,0,0,0,0
L102691,2026-04-20,Crossover,Locadora A,Sudeste,Supervisor D,SDR A,,,,,,Lead,0.0,0.0,6,5,0,0,0,0
L102692,2026-06-14,Inbound,Locadora A,Norte,Supervisor D,SDR E,,,,,,Lead,0.0,0.0,6,5,0,0,0,0
L102693,2026-03-18,C2C,Locadora A,Sul,Supervisor C,SDR B,,,,,,Lead,0.0,0.0,6,5,0,0,0,0
L102694,2026-06-19,Farmer,Locadora A,Sul,Supervisor B,SDR D,,,,,,Lead,0.0,0.0,6,5,0,0,0,0
L102695,2026-03-08,Inbound,Locadora B,Nordeste,Supervisor D,SDR H,2026-03-11,,,,,Pedido,0.0,0.0,6,5,1,0,0,0
L102696,2026-01-24,Crossover,Locadora A,Sudeste,Supervisor D,SDR H,,,,,,Lead,0.0,0.0,6,5,0,0,0,0
L102697,2026-03-17,C2C,Locadora A,Nordeste,Supervisor D,SDR D,,,,,,Lead,0.0,0.0,6,5,0,0,0,0
L102698,2026-01-24,C2C,Locadora B,Centro-Oeste,Supervisor B,SDR F,,,,,,Lead,0.0,0.0,6,5,0,0,0,0
L102699,2026-01-22,Crossover,Locadora B,Sul,Supervisor C,SDR G,,,,,,Lead,0.0,0.0,6,5,0,0,0,0
L102700,2026-06-09,C2C,Locadora A,Centro-Oeste,Supervisor C,SDR E,,,,,,Lead,0.0,0.0,6,5,0,0,0,0
L102701,2026-05-24,Crossover,Locadora B,Norte,Supervisor A,SDR B,,,,,,Lead,0.0,0.0,6,5,0,0,0,0
L102702,2026-02-10,Crossover,Locadora A,Sudeste,Supervisor C,SDR G,,,,,,Lead,0.0,0.0,6,5,0,0,0,0
L102703,2026-06-01,Farmer,Locadora A,Sudeste,Supervisor C,SDR A,,,,,,Lead,0.0,0.0,6,5,0,0,0,0
L102704,2026-01-13,Inbound,Locadora A,Nordeste,Supervisor C,SDR E,,,,,,Lead,0.0,0.0,6,5,0,0,0,0
L102705,2026-02-21,Inbound,Locadora A,Sudeste,Supervisor B,SDR G,,,,,,Lead,0.0,0.0,6,5,0,0,0,0
L102706,2026-05-08,C2C,Locadora A,Sul,Supervisor C,SDR E,,,,,,Lead,0.0,0.0,6,5,0,0,0,0
L102707,2026-02-24,C2C,Locadora A,Sudeste,Supervisor D,SDR C,,,,,,Lead,0.0,0.0,6,5,0,0,0,0
L102708,2026-05-13,Crossover,Locadora A,Nordeste,Supervisor C,SDR D,,,,,,Lead,0.0,0.0,6,5,0,0,0,0
L102709,2026-06-08,Inbound,Locadora A,Centro-Oeste,Supervisor D,SDR D,2026-06-09,2026-06-10,,,,Análise de Crédito,0.0,0.0,6,5,1,0,0,0
L102710,2026-01-12,Farmer,Locadora A,Norte,Supervisor D,SDR F,,,,,,Lead,0.0,0.0,6,5,0,0,0,0
L102711,2026-01-05,Inbound,Locadora A,Sul,Supervisor B,SDR H,,,,,,Lead,0.0,0.0,6,5,0,0,0,0
L102712,2026-06-20,C2C,Locadora A,Norte,Supervisor C,SDR G,,,,,,Lead,0.0,0.0,6,5,0,0,0,0
L102713,2026-04-05,Inbound,Locadora A,Sul,Supervisor C,SDR C,,,,,,Lead,0.0,0.0,6,5,0,0,0,0
L102714,2026-04-02,Crossover,Locadora B,Sul,Supervisor D,SDR A,,,,,,Lead,0.0,0.0,6,5,0,0,0,0
L102715,2026-03-25,Inbound,Locadora B,Centro-Oeste,Supervisor B,SDR D,2026-03-26,2026-03-30,2026-04-02,2026-04-08,2026-04-10,Assinado,101303.91,89709.38,6,5,1,1,1,1
L102716,2026-03-20,C2C,Locadora A,Sul,Supervisor A,SDR G,,,,,,Lead,0.0,0.0,6,5,0,0,0,0
L102717,2026-05-05,C2C,Locadora A,Sul,Supervisor C,SDR F,,,,,,Lead,0.0,0.0,6,5,0,0,0,0
L102718,2026-04-15,Crossover,Locadora A,Sudeste,Supervisor C,SDR C,,,,,,Lead,0.0,0.0,6,5,0,0,0,0
L102719,2026-01-30,Crossover,Locadora B,Sudeste,Supervisor C,SDR A,,,,,,Lead,0.0,0.0,6,5,0,0,0,0
L102720,2026-04-24,Farmer,Locadora A,Centro-Oeste,Supervisor C,SDR C,2026-04-28,2026-05-01,,,,Análise de Crédito,0.0,0.0,6,5,1,0,0,0
L102721,2026-05-01,Crossover,Locadora A,Sudeste,Supervisor C,SDR F,,,,,,Lead,0.0,0.0,6,5,0,0,0,0
L102722,2026-01-21,Crossover,Locadora A,Centro-Oeste,Supervisor A,SDR F,,,,,,Lead,0.0,0.0,6,5,0,0,0,0
L102723,2026-03-10,C2C,Locadora A,Sudeste,Supervisor D,SDR D,,,,,,Lead,0.0,0.0,6,5,0,0,0,0
L102724,2026-05-24,Farmer,Locadora A,Sudeste,Supervisor B,SDR C,,,,,,Lead,0.0,0.0,6,5,0,0,0,0
L102725,2026-04-22,C2C,Locadora A,Centro-Oeste,Supervisor A,SDR B,,,,,,Lead,0.0,0.0,6,5,0,0,0,0
L102726,2026-01-25,Inbound,Locadora A,Sudeste,Supervisor D,SDR H,,,,,,Lead,0.0,0.0,6,5,0,0,0,0
L102727,2026-01-08,Inbound,Locadora A,Norte,Supervisor D,SDR D,,,,,,Lead,0.0,0.0,6,5,0,0,0,0
L102728,2026-04-16,C2C,Locadora A,Norte,Supervisor C,SDR G,2026-04-19,2026-04-20,,,,Análise de Crédito,0.0,0.0,6,5,1,0,0,0
L102729,2026-03-25,Inbound,Locadora A,Sudeste,Supervisor C,SDR D,2026-03-30,2026-03-31,2026-04-04,2026-04-08,2026-04-11,Assinado,80859.04,66795.45,6,5,1,1,1,1
L102730,2026-06-23,Inbound,Locadora B,Sudeste,Supervisor A,SDR E,,,,,,Lead,0.0,0.0,6,5,0,0,0,0
L102731,2026-04-05,C2C,Locadora A,Sudeste,Supervisor B,SDR F,,,,,,Lead,0.0,0.0,6,5,0,0,0,0
L102732,2026-06-18,Inbound,Locadora B,Centro-Oeste,Supervisor A,SDR C,2026-06-22,2026-06-24,2026-06-25,,,Aprovado,0.0,0.0,6,5,1,1,0,0
L102733,2026-02-08,C2C,Locadora A,Sudeste,Supervisor B,SDR H,2026-02-13,2026-02-16,2026-02-20,,,Aprovado,0.0,0.0,6,5,1,1,0,0
L102734,2026-03-22,Crossover,Locadora B,Norte,Supervisor B,SDR D,,,,,,Lead,0.0,0.0,6,5,0,0,0,0
L102735,2026-01-26,C2C,Locadora B,Norte,Supervisor A,SDR G,2026-01-27,2026-01-28,,,,Análise de Crédito,0.0,0.0,6,5,1,0,0,0
L102736,2026-04-14,Inbound,Locadora B,Sudeste,Supervisor C,SDR H,,,,,,Lead,0.0,0.0,6,5,0,0,0,0
L102737,2026-02-04,Inbound,Locadora B,Centro-Oeste,Supervisor C,SDR D,,,,,,Lead,0.0,0.0,6,5,0,0,0,0
L102738,2026-03-31,C2C,Locadora A,Sul,Supervisor B,SDR B,,,,,,Lead,0.0,0.0,6,5,0,0,0,0
L102739,2026-03-04,Inbound,Locadora A,Sul,Supervisor D,SDR H,,,,,,Lead,0.0,0.0,6,5,0,0,0,0
L102740,2026-02-03,Inbound,Locadora A,Sudeste,Supervisor B,SDR G,,,,,,Lead,0.0,0.0,6,5,0,0,0,0
L102741,2026-01-18,Inbound,Locadora A,Centro-Oeste,Supervisor A,SDR G,,,,,,Lead,0.0,0.0,6,5,0,0,0,0
L102742,2026-04-03,Farmer,Locadora B,Sudeste,Supervisor D,SDR H,,,,,,Lead,0.0,0.0,6,5,0,0,0,0
L102743,2026-06-21,C2C,Locadora A,Nordeste,Supervisor A,SDR A,,,,,,Lead,0.0,0.0,6,5,0,0,0,0
L102744,2026-02-05,Inbound,Locadora A,Sudeste,Supervisor A,SDR H,,,,,,Lead,0.0,0.0,6,5,0,0,0,0
L102745,2026-03-15,Crossover,Locadora B,Sul,Supervisor B,SDR A,,,,,,Lead,0.0,0.0,6,5,0,0,0,0
L102746,2026-02-10,Inbound,Locadora A,Norte,Supervisor C,SDR B,2026-02-12,2026-02-13,2026-02-16,2026-02-17,,Formalizado,41709.6,0.0,6,5,1,1,1,0
L102747,2026-05-27,C2C,Locadora A,Centro-Oeste,Supervisor B,SDR B,,,,,,Lead,0.0,0.0,6,5,0,0,0,0
L102748,2026-03-17,C2C,Locadora A,Sul,Supervisor D,SDR A,,,,,,Lead,0.0,0.0,6,5,0,0,0,0
L102749,2026-06-26,C2C,Locadora A,Sudeste,Supervisor B,SDR A,,,,,,Lead,0.0,0.0,6,5,0,0,0,0
L102750,2026-02-14,Crossover,Locadora B,Sul,Supervisor D,SDR B,,,,,,Lead,0.0,0.0,6,5,0,0,0,0
L102751,2026-01-15,Inbound,Locadora A,Sudeste,Supervisor C,SDR D,,,,,,Lead,0.0,0.0,6,5,0,0,0,0
L102752,2026-04-16,Farmer,Locadora A,Norte,Supervisor A,SDR C,,,,,,Lead,0.0,0.0,6,5,0,0,0,0
L102753,2026-04-28,Farmer,Locadora A,Sudeste,Supervisor B,SDR C,,,,,,Lead,0.0,0.0,6,5,0,0,0,0
L102754,2026-06-29,Crossover,Locadora A,Sudeste,Supervisor A,SDR B,,,,,,Lead,0.0,0.0,6,5,0,0,0,0
L102755,2026-06-07,Inbound,Locadora A,Centro-Oeste,Supervisor D,SDR H,,,,,,Lead,0.0,0.0,6,5,0,0,0,0
L102756,2026-06-10,Crossover,Locadora B,Sudeste,Supervisor C,SDR C,,,,,,Lead,0.0,0.0,6,5,0,0,0,0
L102757,2026-04-25,Inbound,Locadora A,Nordeste,Supervisor B,SDR D,,,,,,Lead,0.0,0.0,6,5,0,0,0,0
L102758,2026-03-07,Inbound,Locadora A,Sudeste,Supervisor C,SDR B,,,,,,Lead,0.0,0.0,6,5,0,0,0,0
L102759,2026-03-19,Crossover,Locadora A,Sudeste,Supervisor C,SDR B,,,,,,Lead,0.0,0.0,6,5,0,0,0,0
L102760,2026-01-25,Crossover,Locadora A,Sul,Supervisor C,SDR B,,,,,,Lead,0.0,0.0,6,5,0,0,0,0
L102761,2026-03-20,C2C,Locadora A,Sul,Supervisor B,SDR H,2026-03-21,2026-03-22,2026-03-25,,,Aprovado,0.0,0.0,6,5,1,1,0,0
L102762,2026-03-07,Farmer,Locadora A,Norte,Supervisor B,SDR B,2026-03-11,2026-03-12,2026-03-16,2026-03-17,2026-03-22,Assinado,54647.03,49800.38,6,5,1,1,1,1
L102763,2026-01-07,C2C,Locadora A,Sudeste,Supervisor B,SDR E,,,,,,Lead,0.0,0.0,6,5,0,0,0,0
L102764,2026-02-07,Inbound,Locadora B,Sudeste,Supervisor D,SDR E,2026-02-09,2026-02-10,2026-02-11,,,Aprovado,0.0,0.0,6,5,1,1,0,0
L102765,2026-04-07,Inbound,Locadora A,Sudeste,Supervisor B,SDR A,,,,,,Lead,0.0,0.0,6,5,0,0,0,0
L102766,2026-03-08,Inbound,Locadora A,Sudeste,Supervisor B,SDR C,,,,,,Lead,0.0,0.0,6,5,0,0,0,0
L102767,2026-06-29,Inbound,Locadora A,Sul,Supervisor C,SDR A,,,,,,Lead,0.0,0.0,6,5,0,0,0,0
L102768,2026-03-28,Inbound,Locadora A,Sudeste,Supervisor C,SDR B,,,,,,Lead,0.0,0.0,6,5,0,0,0,0
L102769,2026-06-23,Farmer,Locadora A,Sul,Supervisor D,SDR F,,,,,,Lead,0.0,0.0,6,5,0,0,0,0
L102770,2026-04-30,Farmer,Locadora A,Nordeste,Supervisor A,SDR E,,,,,,Lead,0.0,0.0,6,5,0,0,0,0
L102771,2026-01-08,C2C,Locadora A,Sudeste,Supervisor A,SDR D,,,,,,Lead,0.0,0.0,6,5,0,0,0,0
L102772,2026-02-06,Inbound,Locadora A,Centro-Oeste,Supervisor B,SDR B,,,,,,Lead,0.0,0.0,6,5,0,0,0,0
L102773,2026-05-08,Inbound,Locadora A,Sudeste,Supervisor C,SDR E,2026-05-11,2026-05-14,,,,Análise de Crédito,0.0,0.0,6,5,1,0,0,0
L102774,2026-04-09,Inbound,Locadora A,Nordeste,Supervisor D,SDR H,,,,,,Lead,0.0,0.0,6,5,0,0,0,0
L102775,2026-02-24,Crossover,Locadora A,Sudeste,Supervisor C,SDR G,2026-02-26,2026-03-02,2026-03-03,,,Aprovado,0.0,0.0,6,5,1,1,0,0
L102776,2026-04-05,Inbound,Locadora A,Sul,Supervisor D,SDR B,2026-04-06,2026-04-08,2026-04-12,2026-04-13,2026-04-20,Assinado,68775.19,57731.55,6,5,1,1,1,1
L102777,2026-06-13,Inbound,Locadora A,Sudeste,Supervisor A,SDR F,2026-06-16,2026-06-19,2026-06-22,,,Aprovado,0.0,0.0,6,5,1,1,0,0
L102778,2026-03-12,Farmer,Locadora A,Sudeste,Supervisor C,SDR B,,,,,,Lead,0.0,0.0,6,5,0,0,0,0
L102779,2026-01-09,Crossover,Locadora B,Sudeste,Supervisor D,SDR G,,,,,,Lead,0.0,0.0,6,5,0,0,0,0
L102780,2026-02-26,C2C,Locadora A,Sudeste,Supervisor C,SDR D,,,,,,Lead,0.0,0.0,6,5,0,0,0,0
L102781,2026-06-19,C2C,Locadora A,Nordeste,Supervisor B,SDR F,2026-06-23,2026-06-24,2026-06-25,,,Aprovado,0.0,0.0,6,5,1,1,0,0
L102782,2026-05-18,Inbound,Locadora A,Sudeste,Supervisor D,SDR E,2026-05-20,2026-05-22,2026-05-25,,,Aprovado,0.0,0.0,6,5,1,1,0,0
L102783,2026-06-01,C2C,Locadora A,Norte,Supervisor D,SDR F,,,,,,Lead,0.0,0.0,6,5,0,0,0,0
L102784,2026-06-15,Inbound,Locadora A,Sul,Supervisor B,SDR H,,,,,,Lead,0.0,0.0,6,5,0,0,0,0
L102785,2026-01-22,Farmer,Locadora A,Sudeste,Supervisor C,SDR B,,,,,,Lead,0.0,0.0,6,5,0,0,0,0
L102786,2026-02-21,C2C,Locadora A,Sudeste,Supervisor D,SDR H,,,,,,Lead,0.0,0.0,6,5,0,0,0,0
L102787,2026-01-11,Farmer,Locadora A,Sudeste,Supervisor A,SDR D,2026-01-16,2026-01-18,2026-01-19,2026-01-21,,Formalizado,93026.29,0.0,6,5,1,1,1,0
L102788,2026-01-01,Farmer,Locadora B,Nordeste,Supervisor A,SDR B,,,,,,Lead,0.0,0.0,6,5,0,0,0,0
L102789,2026-06-01,Inbound,Locadora A,Sudeste,Supervisor C,SDR D,,,,,,Lead,0.0,0.0,6,5,0,0,0,0
L102790,2026-06-19,Farmer,Locadora A,Nordeste,Supervisor D,SDR A,,,,,,Lead,0.0,0.0,6,5,0,0,0,0
L102791,2026-01-29,Inbound,Locadora A,Sudeste,Supervisor A,SDR E,,,,,,Lead,0.0,0.0,6,5,0,0,0,0
L102792,2026-05-11,Crossover,Locadora A,Sudeste,Supervisor C,SDR D,2026-05-13,2026-05-14,,,,Análise de Crédito,0.0,0.0,6,5,1,0,0,0
L102793,2026-04-07,Crossover,Locadora A,Sudeste,Supervisor C,SDR D,2026-04-08,2026-04-09,2026-04-11,2026-04-12,2026-04-13,Assinado,108362.34,97517.82,6,5,1,1,1,1
L102794,2026-01-13,Farmer,Locadora A,Centro-Oeste,Supervisor D,SDR D,,,,,,Lead,0.0,0.0,6,5,0,0,0,0
L102795,2026-06-15,Inbound,Locadora A,Sul,Supervisor D,SDR E,,,,,,Lead,0.0,0.0,6,5,0,0,0,0
L102796,2026-06-07,Inbound,Locadora A,Norte,Supervisor A,SDR G,2026-06-08,2026-06-09,2026-06-11,2026-06-15,,Formalizado,101918.78,0.0,6,5,1,1,1,0
L102797,2026-04-13,C2C,Locadora A,Sudeste,Supervisor C,SDR D,,,,,,Lead,0.0,0.0,6,5,0,0,0,0
L102798,2026-05-09,Inbound,Locadora A,Sudeste,Supervisor C,SDR A,,,,,,Lead,0.0,0.0,6,5,0,0,0,0
L102799,2026-03-13,Inbound,Locadora A,Centro-Oeste,Supervisor B,SDR E,,,,,,Lead,0.0,0.0,6,5,0,0,0,0
L102800,2026-05-24,Inbound,Locadora B,Sul,Supervisor A,SDR H,,,,,,Lead,0.0,0.0,6,5,0,0,0,0
L102801,2026-03-22,Inbound,Locadora A,Nordeste,Supervisor B,SDR D,2026-03-24,2026-03-26,,,,Análise de Crédito,0.0,0.0,6,5,1,0,0,0
L102802,2026-06-29,Farmer,Locadora A,Sudeste,Supervisor C,SDR A,,,,,,Lead,0.0,0.0,6,5,0,0,0,0
L102803,2026-01-12,Inbound,Locadora A,Centro-Oeste,Supervisor C,SDR H,,,,,,Lead,0.0,0.0,6,5,0,0,0,0
L102804,2026-02-01,Inbound,Locadora A,Sudeste,Supervisor C,SDR D,,,,,,Lead,0.0,0.0,6,5,0,0,0,0
L102805,2026-06-25,Farmer,Locadora A,Norte,Supervisor C,SDR C,,,,,,Lead,0.0,0.0,6,5,0,0,0,0
L102806,2026-02-22,Inbound,Locadora A,Sudeste,Supervisor D,SDR C,2026-02-25,2026-03-01,2026-03-05,,,Aprovado,0.0,0.0,6,5,1,1,0,0
L102807,2026-02-26,C2C,Locadora A,Nordeste,Supervisor C,SDR F,,,,,,Lead,0.0,0.0,6,5,0,0,0,0
L102808,2026-05-24,Crossover,Locadora A,Sudeste,Supervisor A,SDR B,2026-05-27,,,,,Pedido,0.0,0.0,6,5,1,0,0,0
L102809,2026-02-04,Farmer,Locadora B,Nordeste,Supervisor B,SDR E,,,,,,Lead,0.0,0.0,6,5,0,0,0,0
L102810,2026-04-03,Inbound,Locadora B,Nordeste,Supervisor A,SDR C,,,,,,Lead,0.0,0.0,6,5,0,0,0,0
L102811,2026-02-21,Crossover,Locadora A,Nordeste,Supervisor D,SDR D,,,,,,Lead,0.0,0.0,6,5,0,0,0,0
L102812,2026-02-05,Inbound,Locadora B,Sul,Supervisor D,SDR B,,,,,,Lead,0.0,0.0,6,5,0,0,0,0
L102813,2026-06-24,Inbound,Locadora B,Sudeste,Supervisor D,SDR G,,,,,,Lead,0.0,0.0,6,5,0,0,0,0
L102814,2026-02-06,Inbound,Locadora A,Nordeste,Supervisor A,SDR D,2026-02-09,2026-02-13,,,,Análise de Crédito,0.0,0.0,6,5,1,0,0,0
L102815,2026-01-18,Farmer,Locadora A,Sul,Supervisor C,SDR H,,,,,,Lead,0.0,0.0,6,5,0,0,0,0
L102816,2026-05-02,Inbound,Locadora A,Sul,Supervisor A,SDR G,,,,,,Lead,0.0,0.0,6,5,0,0,0,0
L102817,2026-06-06,Inbound,Locadora A,Sudeste,Supervisor B,SDR G,,,,,,Lead,0.0,0.0,6,5,0,0,0,0
L102818,2026-01-24,Inbound,Locadora A,Sudeste,Supervisor B,SDR D,,,,,,Lead,0.0,0.0,6,5,0,0,0,0
L102819,2026-05-09,Inbound,Locadora A,Sudeste,Supervisor B,SDR H,,,,,,Lead,0.0,0.0,6,5,0,0,0,0
L102820,2026-04-08,Inbound,Locadora B,Centro-Oeste,Supervisor B,SDR E,,,,,,Lead,0.0,0.0,6,5,0,0,0,0
L102821,2026-05-31,C2C,Locadora A,Sudeste,Supervisor B,SDR D,,,,,,Lead,0.0,0.0,6,5,0,0,0,0
L102822,2026-01-23,Farmer,Locadora B,Sudeste,Supervisor A,SDR C,,,,,,Lead,0.0,0.0,6,5,0,0,0,0
L102823,2026-06-26,Inbound,Locadora A,Nordeste,Supervisor D,SDR H,,,,,,Lead,0.0,0.0,6,5,0,0,0,0
L102824,2026-04-23,Inbound,Locadora A,Sul,Supervisor B,SDR C,2026-04-25,2026-04-26,2026-04-27,,,Aprovado,0.0,0.0,6,5,1,1,0,0
L102825,2026-06-02,Crossover,Locadora A,Nordeste,Supervisor D,SDR H,,,,,,Lead,0.0,0.0,6,5,0,0,0,0
L102826,2026-03-07,Inbound,Locadora A,Sudeste,Supervisor A,SDR B,2026-03-09,2026-03-13,,,,Análise de Crédito,0.0,0.0,6,5,1,0,0,0
L102827,2026-06-20,Inbound,Locadora A,Sudeste,Supervisor D,SDR G,,,,,,Lead,0.0,0.0,6,5,0,0,0,0
L102828,2026-04-24,Inbound,Locadora A,Sul,Supervisor C,SDR C,2026-04-27,,,,,Pedido,0.0,0.0,6,5,1,0,0,0
L102829,2026-01-23,Farmer,Locadora A,Sudeste,Supervisor A,SDR G,2026-01-25,2026-01-28,,,,Análise de Crédito,0.0,0.0,6,5,1,0,0,0
L102830,2026-06-17,Inbound,Locadora A,Centro-Oeste,Supervisor D,SDR G,2026-06-22,2026-06-23,2026-06-27,2026-06-28,2026-07-03,Assinado,83108.94,73058.87,6,5,1,1,1,1
L102831,2026-05-25,Inbound,Locadora A,Sudeste,Supervisor C,SDR F,,,,,,Lead,0.0,0.0,6,5,0,0,0,0
L102832,2026-02-24,Inbound,Locadora A,Sul,Supervisor C,SDR H,,,,,,Lead,0.0,0.0,6,5,0,0,0,0
L102833,2026-04-09,Inbound,Locadora A,Sudeste,Supervisor D,SDR E,2026-04-10,2026-04-11,2026-04-15,,,Aprovado,0.0,0.0,6,5,1,1,0,0
L102834,2026-03-12,Inbound,Locadora A,Sul,Supervisor D,SDR G,,,,,,Lead,0.0,0.0,6,5,0,0,0,0
L102835,2026-04-09,Crossover,Locadora B,Nordeste,Supervisor A,SDR E,,,,,,Lead,0.0,0.0,6,5,0,0,0,0
L102836,2026-06-24,C2C,Locadora A,Sudeste,Supervisor B,SDR A,,,,,,Lead,0.0,0.0,6,5,0,0,0,0
L102837,2026-06-12,Inbound,Locadora B,Sudeste,Supervisor A,SDR D,,,,,,Lead,0.0,0.0,6,5,0,0,0,0
L102838,2026-02-09,Inbound,Locadora A,Sul,Supervisor A,SDR A,,,,,,Lead,0.0,0.0,6,5,0,0,0,0
L102839,2026-06-25,Inbound,Locadora A,Centro-Oeste,Supervisor A,SDR F,,,,,,Lead,0.0,0.0,6,5,0,0,0,0
L102840,2026-03-21,Inbound,Locadora B,Sudeste,Supervisor C,SDR B,,,,,,Lead,0.0,0.0,6,5,0,0,0,0
L102841,2026-05-08,Inbound,Locadora B,Sudeste,Supervisor C,SDR C,,,,,,Lead,0.0,0.0,6,5,0,0,0,0
L102842,2026-05-19,Inbound,Locadora A,Nordeste,Supervisor A,SDR G,,,,,,Lead,0.0,0.0,6,5,0,0,0,0
L102843,2026-03-29,Inbound,Locadora A,Sul,Supervisor B,SDR F,,,,,,Lead,0.0,0.0,6,5,0,0,0,0
L102844,2026-03-24,Inbound,Locadora A,Centro-Oeste,Supervisor A,SDR C,2026-03-27,2026-03-28,,,,Análise de Crédito,0.0,0.0,6,5,1,0,0,0
L102845,2026-03-24,C2C,Locadora A,Sudeste,Supervisor A,SDR E,,,,,,Lead,0.0,0.0,6,5,0,0,0,0
L102846,2026-06-06,C2C,Locadora B,Norte,Supervisor A,SDR E,,,,,,Lead,0.0,0.0,6,5,0,0,0,0
L102847,2026-03-11,Inbound,Locadora A,Sudeste,Supervisor C,SDR C,,,,,,Lead,0.0,0.0,6,5,0,0,0,0
L102848,2026-02-20,Crossover,Locadora A,Sudeste,Supervisor A,SDR F,,,,,,Lead,0.0,0.0,6,5,0,0,0,0
L102849,2026-03-07,Farmer,Locadora A,Sul,Supervisor D,SDR B,,,,,,Lead,0.0,0.0,6,5,0,0,0,0
L102850,2026-02-05,C2C,Locadora A,Sul,Supervisor D,SDR D,,,,,,Lead,0.0,0.0,6,5,0,0,0,0
L102851,2026-03-12,C2C,Locadora A,Sul,Supervisor D,SDR C,,,,,,Lead,0.0,0.0,6,5,0,0,0,0
L102852,2026-01-21,Crossover,Locadora A,Sudeste,Supervisor D,SDR F,2026-01-26,2026-01-28,,,,Análise de Crédito,0.0,0.0,6,5,1,0,0,0
L102853,2026-01-17,Inbound,Locadora B,Sudeste,Supervisor D,SDR F,,,,,,Lead,0.0,0.0,6,5,0,0,0,0
L102854,2026-05-12,Crossover,Locadora A,Centro-Oeste,Supervisor D,SDR G,2026-05-17,2026-05-19,,,,Análise de Crédito,0.0,0.0,6,5,1,0,0,0
L102855,2026-01-15,C2C,Locadora A,Sudeste,Supervisor D,SDR C,,,,,,Lead,0.0,0.0,6,5,0,0,0,0
L102856,2026-04-13,Inbound,Locadora A,Centro-Oeste,Supervisor A,SDR B,2026-04-14,2026-04-15,2026-04-18,2026-04-24,2026-04-25,Assinado,60857.97,56152.01,6,5,1,1,1,1
L102857,2026-05-22,Inbound,Locadora A,Centro-Oeste,Supervisor C,SDR A,,,,,,Lead,0.0,0.0,6,5,0,0,0,0
L102858,2026-05-12,Inbound,Locadora A,Sudeste,Supervisor B,SDR G,2026-05-15,2026-05-16,,,,Análise de Crédito,0.0,0.0,6,5,1,0,0,0
L102859,2026-03-22,Inbound,Locadora A,Centro-Oeste,Supervisor D,SDR C,,,,,,Lead,0.0,0.0,6,5,0,0,0,0
L102860,2026-02-05,Inbound,Locadora B,Nordeste,Supervisor A,SDR G,,,,,,Lead,0.0,0.0,6,5,0,0,0,0
L102861,2026-06-18,Crossover,Locadora B,Nordeste,Supervisor B,SDR C,,,,,,Lead,0.0,0.0,6,5,0,0,0,0
L102862,2026-06-01,Inbound,Locadora B,Sudeste,Supervisor B,SDR C,,,,,,Lead,0.0,0.0,6,5,0,0,0,0
L102863,2026-04-21,Farmer,Locadora B,Sul,Supervisor D,SDR B,,,,,,Lead,0.0,0.0,6,5,0,0,0,0
L102864,2026-01-16,Inbound,Locadora A,Nordeste,Supervisor B,SDR G,,,,,,Lead,0.0,0.0,6,5,0,0,0,0
L102865,2026-01-07,Inbound,Locadora A,Sul,Supervisor D,SDR C,,,,,,Lead,0.0,0.0,6,5,0,0,0,0
L102866,2026-02-27,C2C,Locadora A,Sudeste,Supervisor B,SDR C,,,,,,Lead,0.0,0.0,6,5,0,0,0,0
L102867,2026-01-29,Inbound,Locadora B,Sudeste,Supervisor C,SDR F,,,,,,Lead,0.0,0.0,6,5,0,0,0,0
L102868,2026-06-05,Crossover,Locadora A,Centro-Oeste,Supervisor C,SDR E,,,,,,Lead,0.0,0.0,6,5,0,0,0,0
L102869,2026-02-07,Inbound,Locadora A,Centro-Oeste,Supervisor B,SDR F,,,,,,Lead,0.0,0.0,6,5,0,0,0,0
L102870,2026-02-21,Inbound,Locadora A,Nordeste,Supervisor B,SDR A,,,,,,Lead,0.0,0.0,6,5,0,0,0,0
L102871,2026-06-26,Inbound,Locadora A,Nordeste,Supervisor B,SDR H,,,,,,Lead,0.0,0.0,6,5,0,0,0,0
L102872,2026-05-29,Crossover,Locadora A,Sudeste,Supervisor C,SDR B,2026-06-03,2026-06-05,,,,Análise de Crédito,0.0,0.0,6,5,1,0,0,0
L102873,2026-02-09,Crossover,Locadora A,Sul,Supervisor B,SDR A,,,,,,Lead,0.0,0.0,6,5,0,0,0,0
L102874,2026-03-11,Inbound,Locadora A,Sudeste,Supervisor D,SDR A,,,,,,Lead,0.0,0.0,6,5,0,0,0,0
L102875,2026-04-04,Inbound,Locadora A,Sudeste,Supervisor A,SDR C,,,,,,Lead,0.0,0.0,6,5,0,0,0,0
L102876,2026-05-01,Inbound,Locadora B,Sudeste,Supervisor A,SDR D,,,,,,Lead,0.0,0.0,6,5,0,0,0,0
L102877,2026-06-19,Inbound,Locadora A,Norte,Supervisor A,SDR A,,,,,,Lead,0.0,0.0,6,5,0,0,0,0
L102878,2026-06-07,Inbound,Locadora A,Sudeste,Supervisor D,SDR E,,,,,,Lead,0.0,0.0,6,5,0,0,0,0
L102879,2026-06-26,Inbound,Locadora A,Sul,Supervisor B,SDR E,2026-07-01,2026-07-04,2026-07-05,2026-07-07,2026-07-10,Assinado,83663.98,77342.23,6,5,1,1,1,1
L102880,2026-01-08,Inbound,Locadora A,Sudeste,Supervisor A,SDR G,2026-01-11,2026-01-13,2026-01-17,,,Aprovado,0.0,0.0,6,5,1,1,0,0
L102881,2026-02-12,Inbound,Locadora B,Sudeste,Supervisor A,SDR A,,,,,,Lead,0.0,0.0,6,5,0,0,0,0
L102882,2026-04-12,Farmer,Locadora A,Sul,Supervisor D,SDR A,,,,,,Lead,0.0,0.0,6,5,0,0,0,0
L102883,2026-01-09,C2C,Locadora B,Sudeste,Supervisor D,SDR B,,,,,,Lead,0.0,0.0,6,5,0,0,0,0
L102884,2026-03-06,Inbound,Locadora A,Sudeste,Supervisor B,SDR D,,,,,,Lead,0.0,0.0,6,5,0,0,0,0
L102885,2026-01-28,Crossover,Locadora A,Sul,Supervisor C,SDR E,2026-02-01,2026-02-02,,,,Análise de Crédito,0.0,0.0,6,5,1,0,0,0
L102886,2026-06-18,Inbound,Locadora B,Nordeste,Supervisor B,SDR B,,,,,,Lead,0.0,0.0,6,5,0,0,0,0
L102887,2026-01-12,Crossover,Locadora A,Centro-Oeste,Supervisor D,SDR C,2026-01-16,,,,,Pedido,0.0,0.0,6,5,1,0,0,0
L102888,2026-01-27,C2C,Locadora B,Nordeste,Supervisor C,SDR E,,,,,,Lead,0.0,0.0,6,5,0,0,0,0
L102889,2026-02-05,Crossover,Locadora A,Sudeste,Supervisor B,SDR E,,,,,,Lead,0.0,0.0,6,5,0,0,0,0
L102890,2026-01-27,C2C,Locadora A,Sudeste,Supervisor D,SDR E,,,,,,Lead,0.0,0.0,6,5,0,0,0,0
L102891,2026-04-13,Inbound,Locadora A,Sudeste,Supervisor A,SDR F,2026-04-14,2026-04-16,2026-04-19,,,Aprovado,0.0,0.0,6,5,1,1,0,0
L102892,2026-03-07,Inbound,Locadora A,Norte,Supervisor D,SDR G,2026-03-12,2026-03-13,2026-03-16,2026-03-19,2026-03-27,Assinado,146705.07,146082.66,6,5,1,1,1,1
L102893,2026-06-15,C2C,Locadora B,Sudeste,Supervisor B,SDR G,,,,,,Lead,0.0,0.0,6,5,0,0,0,0
L102894,2026-02-17,Crossover,Locadora A,Sudeste,Supervisor D,SDR H,2026-02-21,2026-02-24,2026-02-25,2026-03-02,2026-03-03,Assinado,169802.73,139426.43,6,5,1,1,1,1
L102895,2026-04-08,Farmer,Locadora A,Norte,Supervisor D,SDR D,,,,,,Lead,0.0,0.0,6,5,0,0,0,0
L102896,2026-04-30,Crossover,Locadora A,Norte,Supervisor C,SDR C,2026-05-05,2026-05-06,2026-05-07,2026-05-08,2026-05-14,Assinado,25800.84,22955.57,6,5,1,1,1,1
L102897,2026-04-24,C2C,Locadora A,Sudeste,Supervisor A,SDR C,,,,,,Lead,0.0,0.0,6,5,0,0,0,0
L102898,2026-05-25,Inbound,Locadora A,Centro-Oeste,Supervisor D,SDR C,,,,,,Lead,0.0,0.0,6,5,0,0,0,0
L102899,2026-02-06,Crossover,Locadora B,Sudeste,Supervisor C,SDR E,,,,,,Lead,0.0,0.0,6,5,0,0,0,0
L102900,2026-04-02,C2C,Locadora A,Sul,Supervisor D,SDR E,2026-04-06,2026-04-07,2026-04-08,2026-04-09,2026-04-12,Assinado,53433.95,51555.53,6,5,1,1,1,1
L102901,2026-05-25,Crossover,Locadora A,Sul,Supervisor A,SDR A,,,,,,Lead,0.0,0.0,6,5,0,0,0,0
L102902,2026-06-06,Crossover,Locadora A,Norte,Supervisor A,SDR H,,,,,,Lead,0.0,0.0,6,5,0,0,0,0
L102903,2026-04-22,Farmer,Locadora A,Sudeste,Supervisor B,SDR A,,,,,,Lead,0.0,0.0,6,5,0,0,0,0
L102904,2026-04-28,Inbound,Locadora A,Centro-Oeste,Supervisor B,SDR D,,,,,,Lead,0.0,0.0,6,5,0,0,0,0
L102905,2026-06-06,C2C,Locadora A,Sudeste,Supervisor A,SDR D,,,,,,Lead,0.0,0.0,6,5,0,0,0,0
L102906,2026-04-24,Inbound,Locadora A,Sul,Supervisor A,SDR C,,,,,,Lead,0.0,0.0,6,5,0,0,0,0
L102907,2026-06-21,Inbound,Locadora B,Centro-Oeste,Supervisor B,SDR B,,,,,,Lead,0.0,0.0,6,5,0,0,0,0
L102908,2026-01-24,Inbound,Locadora A,Centro-Oeste,Supervisor D,SDR E,,,,,,Lead,0.0,0.0,6,5,0,0,0,0
L102909,2026-03-04,Crossover,Locadora A,Norte,Supervisor A,SDR A,,,,,,Lead,0.0,0.0,6,5,0,0,0,0
L102910,2026-01-21,C2C,Locadora B,Centro-Oeste,Supervisor A,SDR F,,,,,,Lead,0.0,0.0,6,5,0,0,0,0
L102911,2026-01-17,Crossover,Locadora B,Centro-Oeste,Supervisor D,SDR F,,,,,,Lead,0.0,0.0,6,5,0,0,0,0
L102912,2026-03-27,Inbound,Locadora B,Sudeste,Supervisor A,SDR G,,,,,,Lead,0.0,0.0,6,5,0,0,0,0
L102913,2026-02-10,Inbound,Locadora A,Norte,Supervisor A,SDR G,,,,,,Lead,0.0,0.0,6,5,0,0,0,0
L102914,2026-03-15,Inbound,Locadora B,Sul,Supervisor D,SDR H,2026-03-18,2026-03-21,2026-03-25,2026-03-27,2026-04-02,Assinado,48355.6,48783.74,6,5,1,1,1,1
L102915,2026-03-21,Inbound,Locadora B,Sudeste,Supervisor B,SDR B,2026-03-22,2026-03-24,2026-03-27,2026-03-30,,Formalizado,51711.52,0.0,6,5,1,1,1,0
L102916,2026-04-23,Farmer,Locadora B,Sul,Supervisor B,SDR G,,,,,,Lead,0.0,0.0,6,5,0,0,0,0
L102917,2026-06-21,Farmer,Locadora A,Sudeste,Supervisor A,SDR E,,,,,,Lead,0.0,0.0,6,5,0,0,0,0
L102918,2026-06-03,C2C,Locadora B,Sul,Supervisor B,SDR A,,,,,,Lead,0.0,0.0,6,5,0,0,0,0
L102919,2026-03-10,Inbound,Locadora A,Sudeste,Supervisor D,SDR H,,,,,,Lead,0.0,0.0,6,5,0,0,0,0
L102920,2026-02-28,Inbound,Locadora A,Sudeste,Supervisor D,SDR G,2026-03-03,2026-03-07,,,,Análise de Crédito,0.0,0.0,6,5,1,0,0,0
L102921,2026-05-20,Crossover,Locadora A,Norte,Supervisor C,SDR C,,,,,,Lead,0.0,0.0,6,5,0,0,0,0
L102922,2026-01-23,Farmer,Locadora A,Norte,Supervisor C,SDR H,,,,,,Lead,0.0,0.0,6,5,0,0,0,0
L102923,2026-04-08,Inbound,Locadora A,Sul,Supervisor C,SDR F,,,,,,Lead,0.0,0.0,6,5,0,0,0,0
L102924,2026-03-18,Inbound,Locadora A,Norte,Supervisor C,SDR D,,,,,,Lead,0.0,0.0,6,5,0,0,0,0
L102925,2026-02-03,Inbound,Locadora A,Sudeste,Supervisor C,SDR B,,,,,,Lead,0.0,0.0,6,5,0,0,0,0
L102926,2026-04-22,Farmer,Locadora A,Sudeste,Supervisor A,SDR F,2026-04-23,2026-04-26,2026-04-30,,,Aprovado,0.0,0.0,6,5,1,1,0,0
L102927,2026-02-28,Farmer,Locadora A,Nordeste,Supervisor D,SDR H,2026-03-05,2026-03-06,,,,Análise de Crédito,0.0,0.0,6,5,1,0,0,0
L102928,2026-02-03,C2C,Locadora A,Sul,Supervisor D,SDR B,,,,,,Lead,0.0,0.0,6,5,0,0,0,0
L102929,2026-04-29,Crossover,Locadora B,Centro-Oeste,Supervisor A,SDR A,2026-04-30,2026-05-04,2026-05-08,,,Aprovado,0.0,0.0,6,5,1,1,0,0
L102930,2026-02-01,C2C,Locadora B,Sudeste,Supervisor A,SDR B,,,,,,Lead,0.0,0.0,6,5,0,0,0,0
L102931,2026-05-02,Inbound,Locadora A,Sudeste,Supervisor D,SDR C,,,,,,Lead,0.0,0.0,6,5,0,0,0,0
L102932,2026-01-30,Inbound,Locadora A,Sudeste,Supervisor A,SDR D,,,,,,Lead,0.0,0.0,6,5,0,0,0,0
L102933,2026-03-20,Inbound,Locadora A,Norte,Supervisor D,SDR H,,,,,,Lead,0.0,0.0,6,5,0,0,0,0
L102934,2026-05-27,Inbound,Locadora B,Sudeste,Supervisor D,SDR H,,,,,,Lead,0.0,0.0,6,5,0,0,0,0
L102935,2026-02-11,Inbound,Locadora A,Sul,Supervisor A,SDR F,,,,,,Lead,0.0,0.0,6,5,0,0,0,0
L102936,2026-05-19,Inbound,Locadora B,Sudeste,Supervisor D,SDR B,,,,,,Lead,0.0,0.0,6,5,0,0,0,0
L102937,2026-05-11,Inbound,Locadora B,Centro-Oeste,Supervisor A,SDR B,2026-05-13,2026-05-17,,,,Análise de Crédito,0.0,0.0,6,5,1,0,0,0
L102938,2026-06-13,Inbound,Locadora A,Sudeste,Supervisor B,SDR A,,,,,,Lead,0.0,0.0,6,5,0,0,0,0
L102939,2026-01-31,C2C,Locadora A,Centro-Oeste,Supervisor C,SDR G,,,,,,Lead,0.0,0.0,6,5,0,0,0,0
L102940,2026-05-10,Inbound,Locadora A,Sul,Supervisor C,SDR B,,,,,,Lead,0.0,0.0,6,5,0,0,0,0
L102941,2026-06-19,Inbound,Locadora A,Sudeste,Supervisor A,SDR H,,,,,,Lead,0.0,0.0,6,5,0,0,0,0
L102942,2026-05-19,Crossover,Locadora A,Sudeste,Supervisor A,SDR E,,,,,,Lead,0.0,0.0,6,5,0,0,0,0
L102943,2026-02-04,Farmer,Locadora A,Sudeste,Supervisor B,SDR D,,,,,,Lead,0.0,0.0,6,5,0,0,0,0
L102944,2026-05-29,Crossover,Locadora A,Centro-Oeste,Supervisor C,SDR H,,,,,,Lead,0.0,0.0,6,5,0,0,0,0
L102945,2026-01-20,Inbound,Locadora A,Nordeste,Supervisor B,SDR B,,,,,,Lead,0.0,0.0,6,5,0,0,0,0
L102946,2026-04-17,Crossover,Locadora A,Sudeste,Supervisor B,SDR D,,,,,,Lead,0.0,0.0,6,5,0,0,0,0
L102947,2026-04-01,Inbound,Locadora A,Sul,Supervisor A,SDR C,2026-04-06,2026-04-08,2026-04-09,,,Aprovado,0.0,0.0,6,5,1,1,0,0
L102948,2026-04-07,Inbound,Locadora A,Sudeste,Supervisor D,SDR B,2026-04-08,2026-04-10,2026-04-13,2026-04-18,2026-04-20,Assinado,110526.37,103723.04,6,5,1,1,1,1
L102949,2026-04-05,Inbound,Locadora A,Nordeste,Supervisor C,SDR H,,,,,,Lead,0.0,0.0,6,5,0,0,0,0
L102950,2026-01-06,Inbound,Locadora B,Norte,Supervisor D,SDR E,,,,,,Lead,0.0,0.0,6,5,0,0,0,0
L102951,2026-04-02,Inbound,Locadora A,Centro-Oeste,Supervisor B,SDR B,,,,,,Lead,0.0,0.0,6,5,0,0,0,0
L102952,2026-06-19,Inbound,Locadora A,Sudeste,Supervisor D,SDR A,2026-06-24,2026-06-27,,,,Análise de Crédito,0.0,0.0,6,5,1,0,0,0
L102953,2026-03-21,Crossover,Locadora B,Sudeste,Supervisor C,SDR C,,,,,,Lead,0.0,0.0,6,5,0,0,0,0
L102954,2026-02-20,Inbound,Locadora B,Norte,Supervisor C,SDR G,,,,,,Lead,0.0,0.0,6,5,0,0,0,0
L102955,2026-06-30,Inbound,Locadora A,Sudeste,Supervisor B,SDR B,2026-07-04,2026-07-08,2026-07-12,,,Aprovado,0.0,0.0,6,5,1,1,0,0
L102956,2026-01-18,Inbound,Locadora A,Centro-Oeste,Supervisor C,SDR F,,,,,,Lead,0.0,0.0,6,5,0,0,0,0
L102957,2026-03-30,Crossover,Locadora A,Norte,Supervisor B,SDR A,,,,,,Lead,0.0,0.0,6,5,0,0,0,0
L102958,2026-04-03,Inbound,Locadora B,Centro-Oeste,Supervisor C,SDR C,,,,,,Lead,0.0,0.0,6,5,0,0,0,0
L102959,2026-03-28,Inbound,Locadora A,Sul,Supervisor B,SDR E,,,,,,Lead,0.0,0.0,6,5,0,0,0,0
L102960,2026-06-16,Crossover,Locadora A,Sul,Supervisor D,SDR B,,,,,,Lead,0.0,0.0,6,5,0,0,0,0
L102961,2026-03-18,Crossover,Locadora A,Norte,Supervisor D,SDR D,,,,,,Lead,0.0,0.0,6,5,0,0,0,0
L102962,2026-06-26,Inbound,Locadora A,Sudeste,Supervisor B,SDR C,,,,,,Lead,0.0,0.0,6,5,0,0,0,0
L102963,2026-01-13,Inbound,Locadora A,Nordeste,Supervisor B,SDR A,,,,,,Lead,0.0,0.0,6,5,0,0,0,0
L102964,2026-05-13,Inbound,Locadora A,Sudeste,Supervisor D,SDR A,,,,,,Lead,0.0,0.0,6,5,0,0,0,0
L102965,2026-04-18,Inbound,Locadora A,Centro-Oeste,Supervisor C,SDR B,,,,,,Lead,0.0,0.0,6,5,0,0,0,0
L102966,2026-02-13,Farmer,Locadora A,Nordeste,Supervisor A,SDR F,2026-02-17,2026-02-20,2026-02-24,2026-02-25,2026-03-04,Assinado,71606.07,65272.7,6,5,1,1,1,1
L102967,2026-02-11,Inbound,Locadora A,Sul,Supervisor D,SDR A,,,,,,Lead,0.0,0.0,6,5,0,0,0,0
L102968,2026-05-11,Inbound,Locadora A,Sudeste,Supervisor C,SDR E,,,,,,Lead,0.0,0.0,6,5,0,0,0,0
L102969,2026-04-26,Farmer,Locadora A,Sudeste,Supervisor C,SDR A,,,,,,Lead,0.0,0.0,6,5,0,0,0,0
L102970,2026-04-21,Inbound,Locadora B,Nordeste,Supervisor D,SDR B,,,,,,Lead,0.0,0.0,6,5,0,0,0,0
L102971,2026-01-10,Crossover,Locadora A,Sul,Supervisor A,SDR B,,,,,,Lead,0.0,0.0,6,5,0,0,0,0
L102972,2026-04-19,Inbound,Locadora B,Sudeste,Supervisor D,SDR C,,,,,,Lead,0.0,0.0,6,5,0,0,0,0
L102973,2026-06-27,C2C,Locadora A,Nordeste,Supervisor A,SDR F,,,,,,Lead,0.0,0.0,6,5,0,0,0,0
L102974,2026-01-04,C2C,Locadora A,Norte,Supervisor D,SDR D,,,,,,Lead,0.0,0.0,6,5,0,0,0,0
L102975,2026-03-26,Inbound,Locadora A,Nordeste,Supervisor C,SDR A,,,,,,Lead,0.0,0.0,6,5,0,0,0,0
L102976,2026-03-31,Farmer,Locadora A,Sul,Supervisor C,SDR B,,,,,,Lead,0.0,0.0,6,5,0,0,0,0
L102977,2026-06-12,Inbound,Locadora A,Norte,Supervisor C,SDR C,,,,,,Lead,0.0,0.0,6,5,0,0,0,0
L102978,2026-02-21,Inbound,Locadora A,Nordeste,Supervisor B,SDR C,,,,,,Lead,0.0,0.0,6,5,0,0,0,0
L102979,2026-03-28,Inbound,Locadora B,Sudeste,Supervisor D,SDR E,,,,,,Lead,0.0,0.0,6,5,0,0,0,0
L102980,2026-05-10,Inbound,Locadora A,Norte,Supervisor A,SDR C,,,,,,Lead,0.0,0.0,6,5,0,0,0,0
L102981,2026-01-11,Inbound,Locadora A,Sul,Supervisor C,SDR F,,,,,,Lead,0.0,0.0,6,5,0,0,0,0
L102982,2026-05-25,C2C,Locadora A,Norte,Supervisor D,SDR C,,,,,,Lead,0.0,0.0,6,5,0,0,0,0
L102983,2026-05-29,Inbound,Locadora A,Centro-Oeste,Supervisor A,SDR F,,,,,,Lead,0.0,0.0,6,5,0,0,0,0
L102984,2026-05-11,Inbound,Locadora A,Centro-Oeste,Supervisor C,SDR A,,,,,,Lead,0.0,0.0,6,5,0,0,0,0
L102985,2026-04-28,Inbound,Locadora A,Sudeste,Supervisor D,SDR H,,,,,,Lead,0.0,0.0,6,5,0,0,0,0
L102986,2026-05-16,Crossover,Locadora A,Sudeste,Supervisor C,SDR H,,,,,,Lead,0.0,0.0,6,5,0,0,0,0
L102987,2026-05-22,Inbound,Locadora A,Sudeste,Supervisor C,SDR C,2026-05-25,2026-05-27,,,,Análise de Crédito,0.0,0.0,6,5,1,0,0,0
L102988,2026-06-13,C2C,Locadora B,Centro-Oeste,Supervisor A,SDR B,,,,,,Lead,0.0,0.0,6,5,0,0,0,0
L102989,2026-03-19,Inbound,Locadora A,Nordeste,Supervisor D,SDR A,,,,,,Lead,0.0,0.0,6,5,0,0,0,0
L102990,2026-03-24,Crossover,Locadora B,Sudeste,Supervisor D,SDR H,,,,,,Lead,0.0,0.0,6,5,0,0,0,0
L102991,2026-04-26,Inbound,Locadora A,Sudeste,Supervisor D,SDR A,2026-04-29,2026-05-03,,,,Análise de Crédito,0.0,0.0,6,5,1,0,0,0
L102992,2026-02-04,C2C,Locadora B,Centro-Oeste,Supervisor A,SDR A,,,,,,Lead,0.0,0.0,6,5,0,0,0,0
L102993,2026-06-04,C2C,Locadora A,Sudeste,Supervisor B,SDR A,,,,,,Lead,0.0,0.0,6,5,0,0,0,0
L102994,2026-05-20,Inbound,Locadora A,Sudeste,Supervisor D,SDR C,,,,,,Lead,0.0,0.0,6,5,0,0,0,0
L102995,2026-04-25,Inbound,Locadora B,Sudeste,Supervisor C,SDR H,,,,,,Lead,0.0,0.0,6,5,0,0,0,0
L102996,2026-02-24,Inbound,Locadora A,Sul,Supervisor D,SDR B,,,,,,Lead,0.0,0.0,6,5,0,0,0,0
L102997,2026-03-04,Farmer,Locadora A,Sul,Supervisor C,SDR E,,,,,,Lead,0.0,0.0,6,5,0,0,0,0
L102998,2026-03-20,C2C,Locadora B,Nordeste,Supervisor C,SDR F,,,,,,Lead,0.0,0.0,6,5,0,0,0,0
L102999,2026-04-30,Farmer,Locadora A,Sudeste,Supervisor B,SDR G,,,,,,Lead,0.0,0.0,6,5,0,0,0,0
L103000,2026-05-21,Inbound,Locadora A,Sudeste,Supervisor D,SDR F,,,,,,Lead,0.0,0.0,6,5,0,0,0,0
L103001,2026-05-02,Crossover,Locadora A,Nordeste,Supervisor C,SDR H,,,,,,Lead,0.0,0.0,6,5,0,0,0,0
L103002,2026-06-18,Inbound,Locadora A,Norte,Supervisor D,SDR F,,,,,,Lead,0.0,0.0,6,5,0,0,0,0
L103003,2026-06-23,Crossover,Locadora B,Sudeste,Supervisor A,SDR G,,,,,,Lead,0.0,0.0,6,5,0,0,0,0
L103004,2026-05-08,Crossover,Locadora A,Nordeste,Supervisor B,SDR C,,,,,,Lead,0.0,0.0,6,5,0,0,0,0
L103005,2026-03-09,Inbound,Locadora A,Centro-Oeste,Supervisor A,SDR D,,,,,,Lead,0.0,0.0,6,5,0,0,0,0
L103006,2026-04-19,Inbound,Locadora A,Nordeste,Supervisor C,SDR F,,,,,,Lead,0.0,0.0,6,5,0,0,0,0
L103007,2026-03-18,C2C,Locadora B,Sudeste,Supervisor C,SDR H,,,,,,Lead,0.0,0.0,6,5,0,0,0,0
L103008,2026-04-24,Farmer,Locadora B,Sudeste,Supervisor B,SDR A,2026-04-29,2026-05-01,2026-05-02,,,Aprovado,0.0,0.0,6,5,1,1,0,0
L103009,2026-05-27,C2C,Locadora A,Sudeste,Supervisor B,SDR D,,,,,,Lead,0.0,0.0,6,5,0,0,0,0
L103010,2026-03-08,Farmer,Locadora B,Centro-Oeste,Supervisor C,SDR G,,,,,,Lead,0.0,0.0,6,5,0,0,0,0
L103011,2026-04-02,Inbound,Locadora A,Nordeste,Supervisor D,SDR A,,,,,,Lead,0.0,0.0,6,5,0,0,0,0
L103012,2026-01-09,Crossover,Locadora B,Sudeste,Supervisor B,SDR C,2026-01-11,2026-01-12,,,,Análise de Crédito,0.0,0.0,6,5,1,0,0,0
L103013,2026-05-14,Inbound,Locadora A,Sudeste,Supervisor B,SDR E,,,,,,Lead,0.0,0.0,6,5,0,0,0,0
L103014,2026-03-30,Crossover,Locadora A,Sudeste,Supervisor A,SDR A,,,,,,Lead,0.0,0.0,6,5,0,0,0,0
L103015,2026-03-25,Crossover,Locadora A,Sul,Supervisor D,SDR H,,,,,,Lead,0.0,0.0,6,5,0,0,0,0
L103016,2026-04-07,Crossover,Locadora B,Nordeste,Supervisor D,SDR C,,,,,,Lead,0.0,0.0,6,5,0,0,0,0
L103017,2026-02-09,C2C,Locadora B,Sudeste,Supervisor C,SDR G,,,,,,Lead,0.0,0.0,6,5,0,0,0,0
L103018,2026-04-19,Farmer,Locadora A,Centro-Oeste,Supervisor D,SDR D,,,,,,Lead,0.0,0.0,6,5,0,0,0,0
L103019,2026-05-15,C2C,Locadora A,Sul,Supervisor D,SDR D,,,,,,Lead,0.0,0.0,6,5,0,0,0,0
L103020,2026-03-05,C2C,Locadora A,Nordeste,Supervisor D,SDR H,,,,,,Lead,0.0,0.0,6,5,0,0,0,0
L103021,2026-01-24,C2C,Locadora A,Nordeste,Supervisor B,SDR G,2026-01-25,2026-01-28,,,,Análise de Crédito,0.0,0.0,6,5,1,0,0,0
L103022,2026-03-12,Crossover,Locadora A,Sudeste,Supervisor A,SDR E,,,,,,Lead,0.0,0.0,6,5,0,0,0,0
L103023,2026-02-05,C2C,Locadora A,Centro-Oeste,Supervisor D,SDR D,,,,,,Lead,0.0,0.0,6,5,0,0,0,0
L103024,2026-03-09,C2C,Locadora A,Nordeste,Supervisor A,SDR G,,,,,,Lead,0.0,0.0,6,5,0,0,0,0
L103025,2026-04-24,C2C,Locadora A,Norte,Supervisor B,SDR F,,,,,,Lead,0.0,0.0,6,5,0,0,0,0
L103026,2026-01-21,Crossover,Locadora B,Sul,Supervisor C,SDR H,,,,,,Lead,0.0,0.0,6,5,0,0,0,0
L103027,2026-05-16,Crossover,Locadora A,Sudeste,Supervisor D,SDR C,2026-05-21,2026-05-23,2026-05-25,,,Aprovado,0.0,0.0,6,5,1,1,0,0
L103028,2026-02-10,C2C,Locadora A,Sul,Supervisor C,SDR A,2026-02-12,2026-02-16,,,,Análise de Crédito,0.0,0.0,6,5,1,0,0,0
L103029,2026-06-11,Inbound,Locadora A,Centro-Oeste,Supervisor B,SDR B,,,,,,Lead,0.0,0.0,6,5,0,0,0,0
L103030,2026-05-13,Inbound,Locadora A,Sudeste,Supervisor D,SDR E,,,,,,Lead,0.0,0.0,6,5,0,0,0,0
L103031,2026-02-19,Inbound,Locadora A,Norte,Supervisor A,SDR C,,,,,,Lead,0.0,0.0,6,5,0,0,0,0
L103032,2026-04-12,Crossover,Locadora B,Sudeste,Supervisor A,SDR G,,,,,,Lead,0.0,0.0,6,5,0,0,0,0
L103033,2026-01-21,Crossover,Locadora A,Nordeste,Supervisor C,SDR H,,,,,,Lead,0.0,0.0,6,5,0,0,0,0
L103034,2026-01-19,C2C,Locadora A,Sudeste,Supervisor B,SDR B,,,,,,Lead,0.0,0.0,6,5,0,0,0,0
L103035,2026-06-23,C2C,Locadora B,Sudeste,Supervisor B,SDR H,,,,,,Lead,0.0,0.0,6,5,0,0,0,0
L103036,2026-05-26,C2C,Locadora A,Sul,Supervisor B,SDR F,,,,,,Lead,0.0,0.0,6,5,0,0,0,0
L103037,2026-01-28,Inbound,Locadora A,Sul,Supervisor B,SDR C,,,,,,Lead,0.0,0.0,6,5,0,0,0,0
L103038,2026-02-21,Inbound,Locadora A,Nordeste,Supervisor D,SDR B,2026-02-26,2026-03-01,2026-03-05,2026-03-07,2026-03-09,Assinado,65575.84,61828.07,6,5,1,1,1,1
L103039,2026-02-05,Inbound,Locadora A,Sul,Supervisor B,SDR B,,,,,,Lead,0.0,0.0,6,5,0,0,0,0
L103040,2026-03-13,Inbound,Locadora A,Sudeste,Supervisor C,SDR D,2026-03-16,2026-03-20,,,,Análise de Crédito,0.0,0.0,6,5,1,0,0,0
L103041,2026-02-22,Crossover,Locadora B,Norte,Supervisor A,SDR A,,,,,,Lead,0.0,0.0,6,5,0,0,0,0
L103042,2026-03-01,Farmer,Locadora B,Sul,Supervisor D,SDR B,,,,,,Lead,0.0,0.0,6,5,0,0,0,0
L103043,2026-04-06,C2C,Locadora A,Sudeste,Supervisor D,SDR G,,,,,,Lead,0.0,0.0,6,5,0,0,0,0
L103044,2026-02-04,Inbound,Locadora A,Nordeste,Supervisor A,SDR D,,,,,,Lead,0.0,0.0,6,5,0,0,0,0
L103045,2026-06-09,Inbound,Locadora A,Sudeste,Supervisor C,SDR E,,,,,,Lead,0.0,0.0,6,5,0,0,0,0
L103046,2026-05-12,Inbound,Locadora A,Sudeste,Supervisor C,SDR C,,,,,,Lead,0.0,0.0,6,5,0,0,0,0
L103047,2026-05-18,Crossover,Locadora A,Sul,Supervisor A,SDR E,,,,,,Lead,0.0,0.0,6,5,0,0,0,0
L103048,2026-01-31,Inbound,Locadora A,Sul,Supervisor D,SDR C,,,,,,Lead,0.0,0.0,6,5,0,0,0,0
L103049,2026-05-09,Inbound,Locadora A,Sul,Supervisor D,SDR A,,,,,,Lead,0.0,0.0,6,5,0,0,0,0
L103050,2026-06-01,Inbound,Locadora A,Norte,Supervisor D,SDR E,,,,,,Lead,0.0,0.0,6,5,0,0,0,0
L103051,2026-02-01,Inbound,Locadora A,Sudeste,Supervisor C,SDR A,,,,,,Lead,0.0,0.0,6,5,0,0,0,0
L103052,2026-05-16,C2C,Locadora A,Norte,Supervisor C,SDR F,,,,,,Lead,0.0,0.0,6,5,0,0,0,0
L103053,2026-03-06,Inbound,Locadora A,Sudeste,Supervisor C,SDR H,,,,,,Lead,0.0,0.0,6,5,0,0,0,0
L103054,2026-05-23,Crossover,Locadora B,Sudeste,Supervisor D,SDR F,,,,,,Lead,0.0,0.0,6,5,0,0,0,0
L103055,2026-03-28,Crossover,Locadora A,Sudeste,Supervisor C,SDR E,,,,,,Lead,0.0,0.0,6,5,0,0,0,0
L103056,2026-05-26,Crossover,Locadora A,Sudeste,Supervisor C,SDR H,2026-05-28,2026-06-01,,,,Análise de Crédito,0.0,0.0,6,5,1,0,0,0
L103057,2026-01-27,Inbound,Locadora B,Sudeste,Supervisor A,SDR B,,,,,,Lead,0.0,0.0,6,5,0,0,0,0
L103058,2026-03-12,Farmer,Locadora A,Nordeste,Supervisor C,SDR G,,,,,,Lead,0.0,0.0,6,5,0,0,0,0
L103059,2026-02-19,C2C,Locadora A,Nordeste,Supervisor A,SDR B,,,,,,Lead,0.0,0.0,6,5,0,0,0,0
L103060,2026-02-14,Inbound,Locadora A,Centro-Oeste,Supervisor B,SDR A,,,,,,Lead,0.0,0.0,6,5,0,0,0,0
L103061,2026-02-25,Inbound,Locadora A,Sudeste,Supervisor D,SDR B,2026-02-28,2026-03-03,2026-03-05,2026-03-09,2026-03-14,Assinado,49335.16,46608.49,6,5,1,1,1,1
L103062,2026-03-11,Crossover,Locadora A,Nordeste,Supervisor A,SDR E,,,,,,Lead,0.0,0.0,6,5,0,0,0,0
L103063,2026-01-24,Inbound,Locadora B,Sudeste,Supervisor D,SDR A,,,,,,Lead,0.0,0.0,6,5,0,0,0,0
L103064,2026-05-08,Inbound,Locadora A,Centro-Oeste,Supervisor B,SDR C,2026-05-10,2026-05-12,,,,Análise de Crédito,0.0,0.0,6,5,1,0,0,0
L103065,2026-04-10,C2C,Locadora A,Centro-Oeste,Supervisor D,SDR A,,,,,,Lead,0.0,0.0,6,5,0,0,0,0
L103066,2026-05-31,Inbound,Locadora A,Sudeste,Supervisor D,SDR B,2026-06-04,2026-06-08,2026-06-09,2026-06-14,2026-06-19,Assinado,95783.66,78550.12,6,5,1,1,1,1
L103067,2026-05-08,Inbound,Locadora B,Sul,Supervisor A,SDR F,,,,,,Lead,0.0,0.0,6,5,0,0,0,0
L103068,2026-01-27,Inbound,Locadora A,Norte,Supervisor A,SDR B,2026-01-31,2026-02-01,,,,Análise de Crédito,0.0,0.0,6,5,1,0,0,0
L103069,2026-01-13,Crossover,Locadora A,Sudeste,Supervisor D,SDR C,,,,,,Lead,0.0,0.0,6,5,0,0,0,0
L103070,2026-03-18,C2C,Locadora A,Centro-Oeste,Supervisor B,SDR B,,,,,,Lead,0.0,0.0,6,5,0,0,0,0
L103071,2026-03-29,Crossover,Locadora A,Norte,Supervisor B,SDR D,2026-04-02,2026-04-05,,,,Análise de Crédito,0.0,0.0,6,5,1,0,0,0
L103072,2026-02-13,Crossover,Locadora A,Sudeste,Supervisor A,SDR G,,,,,,Lead,0.0,0.0,6,5,0,0,0,0
L103073,2026-05-22,Inbound,Locadora A,Sudeste,Supervisor C,SDR E,,,,,,Lead,0.0,0.0,6,5,0,0,0,0
L103074,2026-04-16,Farmer,Locadora A,Sudeste,Supervisor A,SDR B,,,,,,Lead,0.0,0.0,6,5,0,0,0,0
L103075,2026-05-16,Inbound,Locadora B,Nordeste,Supervisor B,SDR C,,,,,,Lead,0.0,0.0,6,5,0,0,0,0
L103076,2026-01-20,Inbound,Locadora A,Sudeste,Supervisor B,SDR F,,,,,,Lead,0.0,0.0,6,5,0,0,0,0
L103077,2026-05-28,Inbound,Locadora B,Sul,Supervisor D,SDR D,,,,,,Lead,0.0,0.0,6,5,0,0,0,0
L103078,2026-02-07,Crossover,Locadora A,Sudeste,Supervisor B,SDR D,,,,,,Lead,0.0,0.0,6,5,0,0,0,0
L103079,2026-03-23,C2C,Locadora A,Norte,Supervisor D,SDR G,,,,,,Lead,0.0,0.0,6,5,0,0,0,0
L103080,2026-03-21,Inbound,Locadora B,Nordeste,Supervisor C,SDR G,2026-03-23,2026-03-26,2026-03-28,,,Aprovado,0.0,0.0,6,5,1,1,0,0
L103081,2026-05-29,Crossover,Locadora B,Sul,Supervisor B,SDR B,2026-06-01,2026-06-05,,,,Análise de Crédito,0.0,0.0,6,5,1,0,0,0
L103082,2026-02-20,Inbound,Locadora A,Norte,Supervisor A,SDR F,,,,,,Lead,0.0,0.0,6,5,0,0,0,0
L103083,2026-02-13,Crossover,Locadora A,Centro-Oeste,Supervisor D,SDR G,2026-02-18,2026-02-19,,,,Análise de Crédito,0.0,0.0,6,5,1,0,0,0
L103084,2026-03-03,Crossover,Locadora B,Norte,Supervisor B,SDR H,2026-03-05,2026-03-06,2026-03-08,2026-03-11,2026-03-14,Assinado,80973.89,66731.48,6,5,1,1,1,1
L103085,2026-03-07,Farmer,Locadora B,Sudeste,Supervisor C,SDR C,,,,,,Lead,0.0,0.0,6,5,0,0,0,0
L103086,2026-02-02,Inbound,Locadora A,Sudeste,Supervisor B,SDR F,,,,,,Lead,0.0,0.0,6,5,0,0,0,0
L103087,2026-02-01,Inbound,Locadora A,Nordeste,Supervisor B,SDR B,,,,,,Lead,0.0,0.0,6,5,0,0,0,0
L103088,2026-02-11,Inbound,Locadora A,Sudeste,Supervisor C,SDR D,,,,,,Lead,0.0,0.0,6,5,0,0,0,0
L103089,2026-03-26,Farmer,Locadora A,Sudeste,Supervisor B,SDR A,,,,,,Lead,0.0,0.0,6,5,0,0,0,0
L103090,2026-03-04,Crossover,Locadora A,Centro-Oeste,Supervisor D,SDR E,,,,,,Lead,0.0,0.0,6,5,0,0,0,0
L103091,2026-03-12,Crossover,Locadora A,Sul,Supervisor C,SDR F,,,,,,Lead,0.0,0.0,6,5,0,0,0,0
L103092,2026-05-11,Inbound,Locadora A,Sudeste,Supervisor D,SDR D,,,,,,Lead,0.0,0.0,6,5,0,0,0,0
L103093,2026-02-13,Inbound,Locadora A,Sudeste,Supervisor B,SDR D,,,,,,Lead,0.0,0.0,6,5,0,0,0,0
L103094,2026-06-14,C2C,Locadora A,Sudeste,Supervisor A,SDR B,,,,,,Lead,0.0,0.0,6,5,0,0,0,0
L103095,2026-05-17,Inbound,Locadora A,Sudeste,Supervisor A,SDR G,2026-05-19,2026-05-20,2026-05-23,,,Aprovado,0.0,0.0,6,5,1,1,0,0
L103096,2026-02-01,Crossover,Locadora A,Sudeste,Supervisor D,SDR H,,,,,,Lead,0.0,0.0,6,5,0,0,0,0
L103097,2026-02-26,Inbound,Locadora A,Sul,Supervisor D,SDR B,,,,,,Lead,0.0,0.0,6,5,0,0,0,0
L103098,2026-02-03,Inbound,Locadora B,Nordeste,Supervisor C,SDR C,,,,,,Lead,0.0,0.0,6,5,0,0,0,0
L103099,2026-02-19,Crossover,Locadora A,Sudeste,Supervisor C,SDR E,,,,,,Lead,0.0,0.0,6,5,0,0,0,0
L103100,2026-03-08,Inbound,Locadora A,Sudeste,Supervisor A,SDR C,,,,,,Lead,0.0,0.0,6,5,0,0,0,0
L103101,2026-01-24,Inbound,Locadora A,Centro-Oeste,Supervisor D,SDR A,2026-01-29,2026-02-01,,,,Análise de Crédito,0.0,0.0,6,5,1,0,0,0
L103102,2026-01-03,C2C,Locadora A,Sudeste,Supervisor C,SDR A,,,,,,Lead,0.0,0.0,6,5,0,0,0,0
L103103,2026-03-21,C2C,Locadora A,Sudeste,Supervisor C,SDR B,,,,,,Lead,0.0,0.0,6,5,0,0,0,0
L103104,2026-05-07,Inbound,Locadora A,Sudeste,Supervisor A,SDR H,,,,,,Lead,0.0,0.0,6,5,0,0,0,0
L103105,2026-02-24,C2C,Locadora A,Centro-Oeste,Supervisor C,SDR E,,,,,,Lead,0.0,0.0,6,5,0,0,0,0
L103106,2026-06-05,C2C,Locadora A,Sudeste,Supervisor C,SDR C,,,,,,Lead,0.0,0.0,6,5,0,0,0,0
L103107,2026-03-08,Crossover,Locadora A,Sudeste,Supervisor D,SDR A,2026-03-13,2026-03-15,,,,Análise de Crédito,0.0,0.0,6,5,1,0,0,0
L103108,2026-06-13,Inbound,Locadora A,Sul,Supervisor A,SDR G,,,,,,Lead,0.0,0.0,6,5,0,0,0,0
L103109,2026-02-12,Inbound,Locadora A,Nordeste,Supervisor A,SDR D,,,,,,Lead,0.0,0.0,6,5,0,0,0,0
L103110,2026-04-08,Crossover,Locadora A,Centro-Oeste,Supervisor D,SDR D,2026-04-10,2026-04-12,2026-04-13,,,Aprovado,0.0,0.0,6,5,1,1,0,0
L103111,2026-05-19,Inbound,Locadora A,Norte,Supervisor B,SDR E,,,,,,Lead,0.0,0.0,6,5,0,0,0,0
L103112,2026-01-11,Inbound,Locadora A,Centro-Oeste,Supervisor B,SDR B,,,,,,Lead,0.0,0.0,6,5,0,0,0,0
L103113,2026-06-18,C2C,Locadora A,Sudeste,Supervisor C,SDR F,2026-06-23,2026-06-24,,,,Análise de Crédito,0.0,0.0,6,5,1,0,0,0
L103114,2026-03-08,Inbound,Locadora A,Sudeste,Supervisor B,SDR C,,,,,,Lead,0.0,0.0,6,5,0,0,0,0
L103115,2026-04-01,Farmer,Locadora A,Sudeste,Supervisor D,SDR F,2026-04-05,2026-04-09,2026-04-11,,,Aprovado,0.0,0.0,6,5,1,1,0,0
L103116,2026-04-24,Inbound,Locadora A,Sudeste,Supervisor D,SDR E,2026-04-29,2026-04-30,,,,Análise de Crédito,0.0,0.0,6,5,1,0,0,0
L103117,2026-04-27,Crossover,Locadora A,Sudeste,Supervisor B,SDR B,2026-04-30,2026-05-01,,,,Análise de Crédito,0.0,0.0,6,5,1,0,0,0
L103118,2026-01-05,C2C,Locadora A,Sudeste,Supervisor A,SDR E,2026-01-07,2026-01-11,2026-01-13,,,Aprovado,0.0,0.0,6,5,1,1,0,0
L103119,2026-06-06,Crossover,Locadora A,Centro-Oeste,Supervisor D,SDR A,2026-06-07,2026-06-09,2026-06-13,2026-06-16,2026-06-18,Assinado,162504.74,157104.45,6,5,1,1,1,1
L103120,2026-04-23,Crossover,Locadora A,Centro-Oeste,Supervisor C,SDR F,2026-04-26,2026-04-28,2026-05-02,,,Aprovado,0.0,0.0,6,5,1,1,0,0
L103121,2026-06-30,Inbound,Locadora A,Sudeste,Supervisor D,SDR D,,,,,,Lead,0.0,0.0,6,5,0,0,0,0
L103122,2026-03-27,Inbound,Locadora A,Sul,Supervisor B,SDR F,,,,,,Lead,0.0,0.0,6,5,0,0,0,0
L103123,2026-04-22,Inbound,Locadora B,Sudeste,Supervisor B,SDR B,,,,,,Lead,0.0,0.0,6,5,0,0,0,0
L103124,2026-03-21,Crossover,Locadora B,Sul,Supervisor A,SDR D,2026-03-23,2026-03-24,,,,Análise de Crédito,0.0,0.0,6,5,1,0,0,0
L103125,2026-06-11,Inbound,Locadora B,Sul,Supervisor B,SDR C,,,,,,Lead,0.0,0.0,6,5,0,0,0,0
L103126,2026-05-31,Inbound,Locadora A,Sudeste,Supervisor C,SDR C,,,,,,Lead,0.0,0.0,6,5,0,0,0,0
L103127,2026-06-14,Crossover,Locadora A,Sudeste,Supervisor A,SDR C,,,,,,Lead,0.0,0.0,6,5,0,0,0,0
L103128,2026-04-02,Inbound,Locadora A,Norte,Supervisor C,SDR A,2026-04-06,2026-04-08,2026-04-12,2026-04-17,2026-04-24,Assinado,109532.79,100002.18,6,5,1,1,1,1
L103129,2026-05-24,Crossover,Locadora B,Sul,Supervisor C,SDR D,,,,,,Lead,0.0,0.0,6,5,0,0,0,0
L103130,2026-03-06,Inbound,Locadora A,Sul,Supervisor D,SDR A,2026-03-10,2026-03-14,2026-03-15,,,Aprovado,0.0,0.0,6,5,1,1,0,0
L103131,2026-03-25,Inbound,Locadora A,Sudeste,Supervisor A,SDR E,,,,,,Lead,0.0,0.0,6,5,0,0,0,0
L103132,2026-05-18,Farmer,Locadora A,Sudeste,Supervisor A,SDR A,2026-05-21,2026-05-22,,,,Análise de Crédito,0.0,0.0,6,5,1,0,0,0
L103133,2026-01-15,Inbound,Locadora B,Sudeste,Supervisor B,SDR A,,,,,,Lead,0.0,0.0,6,5,0,0,0,0
L103134,2026-05-09,Inbound,Locadora B,Norte,Supervisor D,SDR D,,,,,,Lead,0.0,0.0,6,5,0,0,0,0
L103135,2026-01-03,Inbound,Locadora A,Sudeste,Supervisor A,SDR C,,,,,,Lead,0.0,0.0,6,5,0,0,0,0
L103136,2026-04-16,C2C,Locadora A,Sudeste,Supervisor D,SDR H,,,,,,Lead,0.0,0.0,6,5,0,0,0,0
L103137,2026-03-28,Inbound,Locadora A,Norte,Supervisor D,SDR C,,,,,,Lead,0.0,0.0,6,5,0,0,0,0
L103138,2026-03-26,Inbound,Locadora B,Sul,Supervisor A,SDR D,2026-03-27,2026-03-30,,,,Análise de Crédito,0.0,0.0,6,5,1,0,0,0
L103139,2026-03-31,Inbound,Locadora B,Sudeste,Supervisor B,SDR B,,,,,,Lead,0.0,0.0,6,5,0,0,0,0
L103140,2026-03-31,Inbound,Locadora A,Sul,Supervisor B,SDR H,,,,,,Lead,0.0,0.0,6,5,0,0,0,0
L103141,2026-03-15,Crossover,Locadora A,Sul,Supervisor B,SDR G,,,,,,Lead,0.0,0.0,6,5,0,0,0,0
L103142,2026-03-23,Crossover,Locadora B,Norte,Supervisor D,SDR B,,,,,,Lead,0.0,0.0,6,5,0,0,0,0
L103143,2026-04-13,Inbound,Locadora A,Sudeste,Supervisor B,SDR C,,,,,,Lead,0.0,0.0,6,5,0,0,0,0
L103144,2026-05-19,Inbound,Locadora A,Nordeste,Supervisor C,SDR B,2026-05-23,2026-05-24,,,,Análise de Crédito,0.0,0.0,6,5,1,0,0,0
L103145,2026-04-10,Inbound,Locadora A,Sudeste,Supervisor A,SDR B,2026-04-14,2026-04-18,2026-04-22,2026-04-27,2026-05-01,Assinado,64297.58,54157.63,6,5,1,1,1,1
L103146,2026-04-27,Farmer,Locadora A,Nordeste,Supervisor C,SDR B,,,,,,Lead,0.0,0.0,6,5,0,0,0,0
L103147,2026-06-01,Inbound,Locadora B,Nordeste,Supervisor B,SDR G,2026-06-03,2026-06-07,,,,Análise de Crédito,0.0,0.0,6,5,1,0,0,0
L103148,2026-06-29,C2C,Locadora A,Nordeste,Supervisor D,SDR D,2026-07-03,2026-07-07,,,,Análise de Crédito,0.0,0.0,6,5,1,0,0,0
L103149,2026-01-20,Farmer,Locadora A,Nordeste,Supervisor D,SDR D,2026-01-22,2026-01-25,2026-01-28,2026-02-03,,Formalizado,75806.6,0.0,6,5,1,1,1,0
L103150,2026-05-10,Farmer,Locadora A,Centro-Oeste,Supervisor A,SDR B,,,,,,Lead,0.0,0.0,6,5,0,0,0,0
L103151,2026-02-10,Farmer,Locadora B,Sudeste,Supervisor C,SDR B,2026-02-15,2026-02-19,,,,Análise de Crédito,0.0,0.0,6,5,1,0,0,0
L103152,2026-02-05,Inbound,Locadora B,Sudeste,Supervisor B,SDR E,,,,,,Lead,0.0,0.0,6,5,0,0,0,0
L103153,2026-05-24,Inbound,Locadora A,Sudeste,Supervisor B,SDR G,,,,,,Lead,0.0,0.0,6,5,0,0,0,0
L103154,2026-01-13,Inbound,Locadora A,Sul,Supervisor B,SDR E,,,,,,Lead,0.0,0.0,6,5,0,0,0,0
L103155,2026-06-03,Crossover,Locadora A,Sudeste,Supervisor D,SDR F,2026-06-07,2026-06-10,,,,Análise de Crédito,0.0,0.0,6,5,1,0,0,0
L103156,2026-05-20,Inbound,Locadora B,Centro-Oeste,Supervisor B,SDR C,2026-05-25,2026-05-26,,,,Análise de Crédito,0.0,0.0,6,5,1,0,0,0
L103157,2026-06-30,Crossover,Locadora A,Centro-Oeste,Supervisor A,SDR H,,,,,,Lead,0.0,0.0,6,5,0,0,0,0
L103158,2026-05-01,Crossover,Locadora A,Norte,Supervisor A,SDR G,,,,,,Lead,0.0,0.0,6,5,0,0,0,0
L103159,2026-06-07,C2C,Locadora B,Sudeste,Supervisor D,SDR H,,,,,,Lead,0.0,0.0,6,5,0,0,0,0
L103160,2026-01-22,Inbound,Locadora A,Nordeste,Supervisor B,SDR F,,,,,,Lead,0.0,0.0,6,5,0,0,0,0
L103161,2026-06-11,Inbound,Locadora A,Centro-Oeste,Supervisor A,SDR F,,,,,,Lead,0.0,0.0,6,5,0,0,0,0
L103162,2026-01-30,Inbound,Locadora A,Norte,Supervisor B,SDR A,,,,,,Lead,0.0,0.0,6,5,0,0,0,0
L103163,2026-02-26,Inbound,Locadora A,Centro-Oeste,Supervisor D,SDR B,,,,,,Lead,0.0,0.0,6,5,0,0,0,0
L103164,2026-01-24,C2C,Locadora A,Sudeste,Supervisor D,SDR B,,,,,,Lead,0.0,0.0,6,5,0,0,0,0
L103165,2026-03-14,Inbound,Locadora A,Sudeste,Supervisor D,SDR D,2026-03-17,2026-03-21,2026-03-23,2026-03-29,,Formalizado,147484.49,0.0,6,5,1,1,1,0
L103166,2026-05-16,Inbound,Locadora A,Norte,Supervisor C,SDR E,,,,,,Lead,0.0,0.0,6,5,0,0,0,0
L103167,2026-02-18,Inbound,Locadora B,Centro-Oeste,Supervisor D,SDR A,,,,,,Lead,0.0,0.0,6,5,0,0,0,0
L103168,2026-05-29,Inbound,Locadora A,Nordeste,Supervisor D,SDR G,,,,,,Lead,0.0,0.0,6,5,0,0,0,0
L103169,2026-04-20,Inbound,Locadora A,Nordeste,Supervisor A,SDR E,2026-04-25,2026-04-27,2026-04-28,2026-05-01,2026-05-03,Assinado,91641.47,86655.16,6,5,1,1,1,1
L103170,2026-04-24,C2C,Locadora A,Centro-Oeste,Supervisor B,SDR E,2026-04-28,2026-04-30,2026-05-04,2026-05-09,,Formalizado,51801.83,0.0,6,5,1,1,1,0
L103171,2026-06-19,Inbound,Locadora B,Centro-Oeste,Supervisor C,SDR H,2026-06-20,2026-06-24,2026-06-27,,,Aprovado,0.0,0.0,6,5,1,1,0,0
L103172,2026-03-20,Inbound,Locadora A,Norte,Supervisor B,SDR E,,,,,,Lead,0.0,0.0,6,5,0,0,0,0
L103173,2026-03-04,Inbound,Locadora A,Nordeste,Supervisor D,SDR A,,,,,,Lead,0.0,0.0,6,5,0,0,0,0
L103174,2026-06-30,Inbound,Locadora B,Sudeste,Supervisor D,SDR G,,,,,,Lead,0.0,0.0,6,5,0,0,0,0
L103175,2026-04-11,C2C,Locadora A,Sudeste,Supervisor C,SDR H,2026-04-13,2026-04-16,,,,Análise de Crédito,0.0,0.0,6,5,1,0,0,0
L103176,2026-04-22,Inbound,Locadora A,Sudeste,Supervisor A,SDR A,2026-04-24,2026-04-27,2026-04-28,2026-04-30,2026-05-05,Assinado,94179.03,95399.99,6,5,1,1,1,1
L103177,2026-02-23,Inbound,Locadora B,Sudeste,Supervisor B,SDR E,,,,,,Lead,0.0,0.0,6,5,0,0,0,0
L103178,2026-02-08,Inbound,Locadora A,Nordeste,Supervisor A,SDR D,,,,,,Lead,0.0,0.0,6,5,0,0,0,0
L103179,2026-01-31,Inbound,Locadora A,Nordeste,Supervisor B,SDR B,2026-02-03,2026-02-06,,,,Análise de Crédito,0.0,0.0,6,5,1,0,0,0
L103180,2026-02-10,Crossover,Locadora A,Sudeste,Supervisor A,SDR C,2026-02-12,2026-02-15,2026-02-18,2026-02-20,2026-02-25,Assinado,73729.3,65317.07,6,5,1,1,1,1
L103181,2026-02-05,Inbound,Locadora B,Sudeste,Supervisor A,SDR G,,,,,,Lead,0.0,0.0,6,5,0,0,0,0
L103182,2026-05-16,Farmer,Locadora B,Sul,Supervisor A,SDR D,,,,,,Lead,0.0,0.0,6,5,0,0,0,0
L103183,2026-01-11,Inbound,Locadora A,Nordeste,Supervisor B,SDR E,,,,,,Lead,0.0,0.0,6,5,0,0,0,0
L103184,2026-04-24,Inbound,Locadora A,Sul,Supervisor A,SDR G,,,,,,Lead,0.0,0.0,6,5,0,0,0,0
L103185,2026-06-21,Farmer,Locadora A,Sudeste,Supervisor A,SDR D,,,,,,Lead,0.0,0.0,6,5,0,0,0,0
L103186,2026-05-19,Inbound,Locadora A,Sudeste,Supervisor B,SDR H,,,,,,Lead,0.0,0.0,6,5,0,0,0,0
L103187,2026-03-14,Inbound,Locadora A,Sul,Supervisor C,SDR D,,,,,,Lead,0.0,0.0,6,5,0,0,0,0
L103188,2026-01-11,Inbound,Locadora A,Sul,Supervisor C,SDR H,,,,,,Lead,0.0,0.0,6,5,0,0,0,0
L103189,2026-05-31,Inbound,Locadora A,Nordeste,Supervisor B,SDR B,,,,,,Lead,0.0,0.0,6,5,0,0,0,0
L103190,2026-01-01,C2C,Locadora A,Norte,Supervisor C,SDR H,2026-01-05,2026-01-07,,,,Análise de Crédito,0.0,0.0,6,5,1,0,0,0
L103191,2026-05-04,Crossover,Locadora A,Sudeste,Supervisor A,SDR A,2026-05-08,2026-05-11,2026-05-15,,,Aprovado,0.0,0.0,6,5,1,1,0,0
L103192,2026-05-02,Inbound,Locadora A,Sudeste,Supervisor C,SDR G,2026-05-04,2026-05-08,2026-05-11,,,Aprovado,0.0,0.0,6,5,1,1,0,0
L103193,2026-02-04,Inbound,Locadora A,Sudeste,Supervisor A,SDR F,,,,,,Lead,0.0,0.0,6,5,0,0,0,0
L103194,2026-05-14,Crossover,Locadora A,Sudeste,Supervisor A,SDR E,,,,,,Lead,0.0,0.0,6,5,0,0,0,0
L103195,2026-02-01,Inbound,Locadora A,Sudeste,Supervisor D,SDR H,2026-02-02,2026-02-04,2026-02-08,,,Aprovado,0.0,0.0,6,5,1,1,0,0
L103196,2026-02-10,Farmer,Locadora A,Sudeste,Supervisor B,SDR F,2026-02-15,2026-02-19,2026-02-23,2026-03-01,2026-03-08,Assinado,121957.35,109207.13,6,5,1,1,1,1
L103197,2026-05-27,Crossover,Locadora A,Sudeste,Supervisor C,SDR F,2026-05-31,2026-06-01,2026-06-02,,,Aprovado,0.0,0.0,6,5,1,1,0,0
L103198,2026-06-27,Inbound,Locadora A,Nordeste,Supervisor B,SDR G,,,,,,Lead,0.0,0.0,6,5,0,0,0,0
L103199,2026-02-17,C2C,Locadora A,Sudeste,Supervisor C,SDR G,2026-02-18,2026-02-21,2026-02-25,2026-02-28,2026-03-06,Assinado,73689.8,69512.48,6,5,1,1,1,1
L103200,2026-06-16,Inbound,Locadora B,Nordeste,Supervisor C,SDR B,2026-06-20,,,,,Pedido,0.0,0.0,6,5,1,0,0,0
L103201,2026-06-15,Inbound,Locadora A,Sudeste,Supervisor D,SDR G,,,,,,Lead,0.0,0.0,6,5,0,0,0,0
L103202,2026-05-20,Inbound,Locadora A,Sudeste,Supervisor A,SDR E,,,,,,Lead,0.0,0.0,6,5,0,0,0,0
L103203,2026-01-26,Inbound,Locadora B,Sudeste,Supervisor C,SDR A,,,,,,Lead,0.0,0.0,6,5,0,0,0,0
L103204,2026-02-24,Crossover,Locadora A,Sudeste,Supervisor D,SDR H,,,,,,Lead,0.0,0.0,6,5,0,0,0,0
L103205,2026-05-03,Inbound,Locadora A,Sudeste,Supervisor B,SDR G,,,,,,Lead,0.0,0.0,6,5,0,0,0,0
L103206,2026-06-30,Inbound,Locadora A,Nordeste,Supervisor B,SDR H,,,,,,Lead,0.0,0.0,6,5,0,0,0,0
L103207,2026-05-28,Inbound,Locadora A,Nordeste,Supervisor C,SDR G,,,,,,Lead,0.0,0.0,6,5,0,0,0,0
L103208,2026-03-18,Crossover,Locadora A,Sudeste,Supervisor C,SDR C,,,,,,Lead,0.0,0.0,6,5,0,0,0,0
L103209,2026-02-12,C2C,Locadora A,Sudeste,Supervisor B,SDR C,,,,,,Lead,0.0,0.0,6,5,0,0,0,0
L103210,2026-06-23,Crossover,Locadora B,Sudeste,Supervisor D,SDR C,2026-06-24,2026-06-26,2026-06-28,,,Aprovado,0.0,0.0,6,5,1,1,0,0
L103211,2026-02-19,Farmer,Locadora A,Centro-Oeste,Supervisor C,SDR D,,,,,,Lead,0.0,0.0,6,5,0,0,0,0
L103212,2026-03-03,Inbound,Locadora A,Sudeste,Supervisor C,SDR A,2026-03-07,2026-03-10,2026-03-12,,,Aprovado,0.0,0.0,6,5,1,1,0,0
L103213,2026-06-24,Inbound,Locadora B,Sudeste,Supervisor A,SDR F,,,,,,Lead,0.0,0.0,6,5,0,0,0,0
L103214,2026-04-12,Inbound,Locadora A,Nordeste,Supervisor C,SDR G,,,,,,Lead,0.0,0.0,6,5,0,0,0,0
L103215,2026-02-17,Crossover,Locadora A,Nordeste,Supervisor D,SDR H,,,,,,Lead,0.0,0.0,6,5,0,0,0,0
L103216,2026-01-01,Inbound,Locadora A,Centro-Oeste,Supervisor C,SDR E,,,,,,Lead,0.0,0.0,6,5,0,0,0,0
L103217,2026-03-19,Inbound,Locadora A,Sudeste,Supervisor C,SDR H,,,,,,Lead,0.0,0.0,6,5,0,0,0,0
L103218,2026-06-28,Inbound,Locadora B,Sudeste,Supervisor C,SDR B,,,,,,Lead,0.0,0.0,6,5,0,0,0,0
L103219,2026-03-20,Inbound,Locadora A,Sudeste,Supervisor A,SDR D,2026-03-23,2026-03-26,2026-03-29,,,Aprovado,0.0,0.0,6,5,1,1,0,0
L103220,2026-05-07,Inbound,Locadora A,Centro-Oeste,Supervisor A,SDR G,,,,,,Lead,0.0,0.0,6,5,0,0,0,0
L103221,2026-02-15,Inbound,Locadora A,Centro-Oeste,Supervisor C,SDR G,,,,,,Lead,0.0,0.0,6,5,0,0,0,0
L103222,2026-05-21,Inbound,Locadora A,Sudeste,Supervisor A,SDR G,2026-05-25,2026-05-26,,,,Análise de Crédito,0.0,0.0,6,5,1,0,0,0
L103223,2026-05-21,Crossover,Locadora A,Nordeste,Supervisor A,SDR D,,,,,,Lead,0.0,0.0,6,5,0,0,0,0
L103224,2026-04-21,Inbound,Locadora A,Sul,Supervisor D,SDR A,,,,,,Lead,0.0,0.0,6,5,0,0,0,0
L103225,2026-05-20,Crossover,Locadora A,Nordeste,Supervisor B,SDR G,,,,,,Lead,0.0,0.0,6,5,0,0,0,0
L103226,2026-04-15,Inbound,Locadora A,Sudeste,Supervisor D,SDR D,2026-04-17,,,,,Pedido,0.0,0.0,6,5,1,0,0,0
L103227,2026-03-10,Inbound,Locadora A,Sudeste,Supervisor D,SDR F,,,,,,Lead,0.0,0.0,6,5,0,0,0,0
L103228,2026-05-14,Inbound,Locadora B,Sudeste,Supervisor A,SDR B,,,,,,Lead,0.0,0.0,6,5,0,0,0,0
L103229,2026-06-01,Inbound,Locadora A,Centro-Oeste,Supervisor D,SDR H,,,,,,Lead,0.0,0.0,6,5,0,0,0,0
L103230,2026-06-02,C2C,Locadora A,Sudeste,Supervisor B,SDR C,,,,,,Lead,0.0,0.0,6,5,0,0,0,0
L103231,2026-02-08,Inbound,Locadora B,Sudeste,Supervisor C,SDR H,,,,,,Lead,0.0,0.0,6,5,0,0,0,0
L103232,2026-05-03,Farmer,Locadora A,Nordeste,Supervisor A,SDR F,,,,,,Lead,0.0,0.0,6,5,0,0,0,0
L103233,2026-01-01,Inbound,Locadora A,Centro-Oeste,Supervisor B,SDR C,,,,,,Lead,0.0,0.0,6,5,0,0,0,0
L103234,2026-04-14,Inbound,Locadora B,Centro-Oeste,Supervisor C,SDR C,,,,,,Lead,0.0,0.0,6,5,0,0,0,0
L103235,2026-04-14,Crossover,Locadora B,Centro-Oeste,Supervisor B,SDR H,,,,,,Lead,0.0,0.0,6,5,0,0,0,0
L103236,2026-03-07,Inbound,Locadora A,Centro-Oeste,Supervisor C,SDR E,2026-03-10,2026-03-11,2026-03-14,2026-03-16,2026-03-19,Assinado,53691.26,50686.88,6,5,1,1,1,1
L103237,2026-06-29,Inbound,Locadora A,Centro-Oeste,Supervisor A,SDR F,,,,,,Lead,0.0,0.0,6,5,0,0,0,0
L103238,2026-06-09,C2C,Locadora B,Sudeste,Supervisor A,SDR E,,,,,,Lead,0.0,0.0,6,5,0,0,0,0
L103239,2026-01-07,Inbound,Locadora B,Sudeste,Supervisor C,SDR B,2026-01-09,2026-01-11,,,,Análise de Crédito,0.0,0.0,6,5,1,0,0,0
L103240,2026-02-07,Inbound,Locadora A,Sudeste,Supervisor B,SDR B,,,,,,Lead,0.0,0.0,6,5,0,0,0,0
L103241,2026-02-07,Inbound,Locadora A,Sudeste,Supervisor C,SDR A,,,,,,Lead,0.0,0.0,6,5,0,0,0,0
L103242,2026-06-12,Crossover,Locadora A,Sul,Supervisor B,SDR D,2026-06-17,2026-06-18,2026-06-21,,,Aprovado,0.0,0.0,6,5,1,1,0,0
L103243,2026-04-04,Farmer,Locadora B,Sul,Supervisor A,SDR F,,,,,,Lead,0.0,0.0,6,5,0,0,0,0
L103244,2026-05-12,Inbound,Locadora B,Sudeste,Supervisor C,SDR C,,,,,,Lead,0.0,0.0,6,5,0,0,0,0
L103245,2026-05-27,Crossover,Locadora A,Nordeste,Supervisor A,SDR B,,,,,,Lead,0.0,0.0,6,5,0,0,0,0
L103246,2026-05-19,C2C,Locadora A,Centro-Oeste,Supervisor D,SDR D,,,,,,Lead,0.0,0.0,6,5,0,0,0,0
L103247,2026-01-17,C2C,Locadora A,Sul,Supervisor A,SDR B,2026-01-19,2026-01-21,2026-01-24,,,Aprovado,0.0,0.0,6,5,1,1,0,0
L103248,2026-01-26,Inbound,Locadora A,Norte,Supervisor D,SDR D,,,,,,Lead,0.0,0.0,6,5,0,0,0,0
L103249,2026-03-13,Inbound,Locadora A,Sudeste,Supervisor B,SDR E,,,,,,Lead,0.0,0.0,6,5,0,0,0,0
L103250,2026-03-03,C2C,Locadora A,Sudeste,Supervisor D,SDR C,2026-03-07,2026-03-09,2026-03-13,,,Aprovado,0.0,0.0,6,5,1,1,0,0
L103251,2026-05-16,Inbound,Locadora A,Sudeste,Supervisor A,SDR A,2026-05-21,2026-05-25,2026-05-28,,,Aprovado,0.0,0.0,6,5,1,1,0,0
L103252,2026-01-29,Inbound,Locadora B,Sul,Supervisor B,SDR A,,,,,,Lead,0.0,0.0,6,5,0,0,0,0
L103253,2026-03-09,Inbound,Locadora A,Sudeste,Supervisor B,SDR D,,,,,,Lead,0.0,0.0,6,5,0,0,0,0
L103254,2026-02-12,C2C,Locadora A,Nordeste,Supervisor A,SDR B,,,,,,Lead,0.0,0.0,6,5,0,0,0,0
L103255,2026-02-04,C2C,Locadora B,Sudeste,Supervisor B,SDR G,,,,,,Lead,0.0,0.0,6,5,0,0,0,0
L103256,2026-02-01,Inbound,Locadora A,Sul,Supervisor A,SDR B,,,,,,Lead,0.0,0.0,6,5,0,0,0,0
L103257,2026-02-05,Crossover,Locadora A,Sul,Supervisor B,SDR A,2026-02-07,2026-02-08,2026-02-10,2026-02-17,,Formalizado,56919.81,0.0,6,5,1,1,1,0
L103258,2026-04-13,Inbound,Locadora A,Sudeste,Supervisor B,SDR E,,,,,,Lead,0.0,0.0,6,5,0,0,0,0
L103259,2026-03-16,Inbound,Locadora B,Centro-Oeste,Supervisor A,SDR E,,,,,,Lead,0.0,0.0,6,5,0,0,0,0
L103260,2026-03-20,C2C,Locadora A,Centro-Oeste,Supervisor D,SDR F,,,,,,Lead,0.0,0.0,6,5,0,0,0,0
L103261,2026-03-28,Crossover,Locadora A,Centro-Oeste,Supervisor C,SDR B,2026-04-02,,,,,Pedido,0.0,0.0,6,5,1,0,0,0
L103262,2026-05-15,Crossover,Locadora A,Sul,Supervisor D,SDR F,,,,,,Lead,0.0,0.0,6,5,0,0,0,0
L103263,2026-06-05,Inbound,Locadora A,Sul,Supervisor D,SDR G,,,,,,Lead,0.0,0.0,6,5,0,0,0,0
L103264,2026-04-06,Inbound,Locadora A,Sudeste,Supervisor B,SDR E,,,,,,Lead,0.0,0.0,6,5,0,0,0,0
L103265,2026-04-27,C2C,Locadora A,Centro-Oeste,Supervisor B,SDR D,,,,,,Lead,0.0,0.0,6,5,0,0,0,0
L103266,2026-05-14,Crossover,Locadora A,Sudeste,Supervisor D,SDR D,,,,,,Lead,0.0,0.0,6,5,0,0,0,0
L103267,2026-05-05,Farmer,Locadora A,Sudeste,Supervisor B,SDR G,,,,,,Lead,0.0,0.0,6,5,0,0,0,0
L103268,2026-01-25,Crossover,Locadora A,Sudeste,Supervisor A,SDR B,2026-01-29,,,,,Pedido,0.0,0.0,6,5,1,0,0,0
L103269,2026-06-27,Crossover,Locadora A,Centro-Oeste,Supervisor C,SDR F,,,,,,Lead,0.0,0.0,6,5,0,0,0,0
L103270,2026-01-30,Inbound,Locadora B,Sudeste,Supervisor D,SDR C,,,,,,Lead,0.0,0.0,6,5,0,0,0,0
L103271,2026-03-16,Inbound,Locadora A,Norte,Supervisor A,SDR H,,,,,,Lead,0.0,0.0,6,5,0,0,0,0
L103272,2026-04-29,Inbound,Locadora A,Sudeste,Supervisor C,SDR B,,,,,,Lead,0.0,0.0,6,5,0,0,0,0
L103273,2026-03-15,Crossover,Locadora A,Sudeste,Supervisor B,SDR E,2026-03-20,2026-03-22,2026-03-25,2026-03-26,,Formalizado,122372.22,0.0,6,5,1,1,1,0
L103274,2026-02-14,Crossover,Locadora A,Sudeste,Supervisor B,SDR D,,,,,,Lead,0.0,0.0,6,5,0,0,0,0
L103275,2026-06-17,Farmer,Locadora A,Sudeste,Supervisor B,SDR D,,,,,,Lead,0.0,0.0,6,5,0,0,0,0
L103276,2026-01-13,Inbound,Locadora B,Sudeste,Supervisor A,SDR D,,,,,,Lead,0.0,0.0,6,5,0,0,0,0
L103277,2026-02-14,Inbound,Locadora A,Centro-Oeste,Supervisor B,SDR A,,,,,,Lead,0.0,0.0,6,5,0,0,0,0
L103278,2026-06-29,Farmer,Locadora A,Sudeste,Supervisor B,SDR G,,,,,,Lead,0.0,0.0,6,5,0,0,0,0
L103279,2026-05-13,Crossover,Locadora A,Sudeste,Supervisor D,SDR E,,,,,,Lead,0.0,0.0,6,5,0,0,0,0
L103280,2026-01-16,Farmer,Locadora A,Sudeste,Supervisor A,SDR E,,,,,,Lead,0.0,0.0,6,5,0,0,0,0
L103281,2026-05-17,Inbound,Locadora B,Sudeste,Supervisor D,SDR E,,,,,,Lead,0.0,0.0,6,5,0,0,0,0
L103282,2026-06-25,Inbound,Locadora B,Norte,Supervisor A,SDR E,,,,,,Lead,0.0,0.0,6,5,0,0,0,0
L103283,2026-01-18,Crossover,Locadora A,Sudeste,Supervisor B,SDR E,,,,,,Lead,0.0,0.0,6,5,0,0,0,0
L103284,2026-03-16,C2C,Locadora A,Centro-Oeste,Supervisor B,SDR D,,,,,,Lead,0.0,0.0,6,5,0,0,0,0
L103285,2026-03-26,Inbound,Locadora A,Sul,Supervisor B,SDR B,,,,,,Lead,0.0,0.0,6,5,0,0,0,0
L103286,2026-01-24,Inbound,Locadora A,Sudeste,Supervisor D,SDR A,,,,,,Lead,0.0,0.0,6,5,0,0,0,0
L103287,2026-02-06,C2C,Locadora B,Nordeste,Supervisor D,SDR E,2026-02-09,2026-02-10,,,,Análise de Crédito,0.0,0.0,6,5,1,0,0,0
L103288,2026-02-01,Inbound,Locadora B,Sudeste,Supervisor C,SDR B,,,,,,Lead,0.0,0.0,6,5,0,0,0,0
L103289,2026-02-03,C2C,Locadora A,Nordeste,Supervisor C,SDR D,,,,,,Lead,0.0,0.0,6,5,0,0,0,0
L103290,2026-03-15,Inbound,Locadora A,Sul,Supervisor C,SDR E,,,,,,Lead,0.0,0.0,6,5,0,0,0,0
L103291,2026-03-25,C2C,Locadora A,Sudeste,Supervisor D,SDR E,,,,,,Lead,0.0,0.0,6,5,0,0,0,0
L103292,2026-02-13,C2C,Locadora A,Nordeste,Supervisor D,SDR B,2026-02-17,2026-02-18,2026-02-20,,,Aprovado,0.0,0.0,6,5,1,1,0,0
L103293,2026-02-22,C2C,Locadora A,Sudeste,Supervisor D,SDR F,,,,,,Lead,0.0,0.0,6,5,0,0,0,0
L103294,2026-02-04,Crossover,Locadora A,Norte,Supervisor A,SDR H,,,,,,Lead,0.0,0.0,6,5,0,0,0,0
L103295,2026-05-25,Farmer,Locadora B,Norte,Supervisor B,SDR C,,,,,,Lead,0.0,0.0,6,5,0,0,0,0
L103296,2026-02-08,Farmer,Locadora B,Sudeste,Supervisor B,SDR A,,,,,,Lead,0.0,0.0,6,5,0,0,0,0
L103297,2026-06-14,Inbound,Locadora A,Sudeste,Supervisor A,SDR E,2026-06-18,2026-06-22,2026-06-24,2026-06-28,2026-07-01,Assinado,73183.6,62965.83,6,5,1,1,1,1
L103298,2026-04-08,Inbound,Locadora A,Nordeste,Supervisor D,SDR E,,,,,,Lead,0.0,0.0,6,5,0,0,0,0
L103299,2026-05-26,C2C,Locadora A,Sudeste,Supervisor A,SDR D,,,,,,Lead,0.0,0.0,6,5,0,0,0,0
L103300,2026-04-26,Inbound,Locadora A,Centro-Oeste,Supervisor D,SDR E,,,,,,Lead,0.0,0.0,6,5,0,0,0,0
L103301,2026-02-18,Inbound,Locadora A,Sudeste,Supervisor D,SDR G,2026-02-22,2026-02-25,,,,Análise de Crédito,0.0,0.0,6,5,1,0,0,0
L103302,2026-04-19,Inbound,Locadora B,Sudeste,Supervisor C,SDR E,,,,,,Lead,0.0,0.0,6,5,0,0,0,0
L103303,2026-02-19,Inbound,Locadora A,Sul,Supervisor B,SDR G,,,,,,Lead,0.0,0.0,6,5,0,0,0,0
L103304,2026-01-22,Farmer,Locadora A,Centro-Oeste,Supervisor B,SDR B,,,,,,Lead,0.0,0.0,6,5,0,0,0,0
L103305,2026-02-16,Crossover,Locadora A,Centro-Oeste,Supervisor C,SDR C,,,,,,Lead,0.0,0.0,6,5,0,0,0,0
L103306,2026-02-19,Inbound,Locadora A,Sul,Supervisor C,SDR E,,,,,,Lead,0.0,0.0,6,5,0,0,0,0
L103307,2026-01-25,C2C,Locadora B,Sudeste,Supervisor C,SDR C,2026-01-28,2026-01-30,,,,Análise de Crédito,0.0,0.0,6,5,1,0,0,0
L103308,2026-01-05,Inbound,Locadora A,Sudeste,Supervisor C,SDR H,,,,,,Lead,0.0,0.0,6,5,0,0,0,0
L103309,2026-06-20,Inbound,Locadora A,Sudeste,Supervisor D,SDR F,2026-06-25,2026-06-28,2026-07-01,,,Aprovado,0.0,0.0,6,5,1,1,0,0
L103310,2026-04-03,Crossover,Locadora B,Sudeste,Supervisor D,SDR D,,,,,,Lead,0.0,0.0,6,5,0,0,0,0
L103311,2026-03-14,C2C,Locadora A,Sudeste,Supervisor D,SDR G,,,,,,Lead,0.0,0.0,6,5,0,0,0,0
L103312,2026-06-18,C2C,Locadora A,Sul,Supervisor B,SDR H,,,,,,Lead,0.0,0.0,6,5,0,0,0,0
L103313,2026-02-10,Crossover,Locadora A,Sudeste,Supervisor A,SDR A,,,,,,Lead,0.0,0.0,6,5,0,0,0,0
L103314,2026-03-14,Inbound,Locadora A,Sudeste,Supervisor B,SDR E,,,,,,Lead,0.0,0.0,6,5,0,0,0,0
L103315,2026-06-03,Inbound,Locadora A,Centro-Oeste,Supervisor B,SDR D,2026-06-08,2026-06-09,,,,Análise de Crédito,0.0,0.0,6,5,1,0,0,0
L103316,2026-04-25,Inbound,Locadora B,Sudeste,Supervisor B,SDR G,2026-04-30,2026-05-02,,,,Análise de Crédito,0.0,0.0,6,5,1,0,0,0
L103317,2026-03-14,Inbound,Locadora A,Norte,Supervisor C,SDR C,,,,,,Lead,0.0,0.0,6,5,0,0,0,0
L103318,2026-02-16,Inbound,Locadora A,Sudeste,Supervisor D,SDR C,,,,,,Lead,0.0,0.0,6,5,0,0,0,0
L103319,2026-01-07,Inbound,Locadora B,Sudeste,Supervisor D,SDR G,2026-01-08,2026-01-11,2026-01-15,,,Aprovado,0.0,0.0,6,5,1,1,0,0
L103320,2026-01-16,Inbound,Locadora A,Nordeste,Supervisor C,SDR H,,,,,,Lead,0.0,0.0,6,5,0,0,0,0
L103321,2026-01-30,Inbound,Locadora A,Sul,Supervisor C,SDR B,,,,,,Lead,0.0,0.0,6,5,0,0,0,0
L103322,2026-05-23,C2C,Locadora A,Nordeste,Supervisor B,SDR E,,,,,,Lead,0.0,0.0,6,5,0,0,0,0
L103323,2026-04-26,Crossover,Locadora A,Sudeste,Supervisor C,SDR G,,,,,,Lead,0.0,0.0,6,5,0,0,0,0
L103324,2026-03-20,Inbound,Locadora A,Sudeste,Supervisor B,SDR B,,,,,,Lead,0.0,0.0,6,5,0,0,0,0
L103325,2026-05-22,Inbound,Locadora A,Centro-Oeste,Supervisor D,SDR F,,,,,,Lead,0.0,0.0,6,5,0,0,0,0
L103326,2026-01-30,C2C,Locadora A,Sudeste,Supervisor D,SDR H,,,,,,Lead,0.0,0.0,6,5,0,0,0,0
L103327,2026-02-08,Inbound,Locadora A,Sul,Supervisor B,SDR G,,,,,,Lead,0.0,0.0,6,5,0,0,0,0
L103328,2026-03-13,Inbound,Locadora A,Sudeste,Supervisor C,SDR B,,,,,,Lead,0.0,0.0,6,5,0,0,0,0
L103329,2026-06-16,Inbound,Locadora A,Sudeste,Supervisor A,SDR H,,,,,,Lead,0.0,0.0,6,5,0,0,0,0
L103330,2026-04-22,Inbound,Locadora A,Sudeste,Supervisor B,SDR C,,,,,,Lead,0.0,0.0,6,5,0,0,0,0
L103331,2026-06-04,C2C,Locadora A,Nordeste,Supervisor D,SDR D,,,,,,Lead,0.0,0.0,6,5,0,0,0,0
L103332,2026-02-14,Inbound,Locadora A,Sudeste,Supervisor C,SDR C,,,,,,Lead,0.0,0.0,6,5,0,0,0,0
L103333,2026-06-03,Inbound,Locadora A,Norte,Supervisor C,SDR F,,,,,,Lead,0.0,0.0,6,5,0,0,0,0
L103334,2026-01-14,Farmer,Locadora A,Sudeste,Supervisor A,SDR B,,,,,,Lead,0.0,0.0,6,5,0,0,0,0
L103335,2026-02-11,Inbound,Locadora A,Sul,Supervisor D,SDR F,,,,,,Lead,0.0,0.0,6,5,0,0,0,0
L103336,2026-04-05,Inbound,Locadora A,Sudeste,Supervisor D,SDR A,,,,,,Lead,0.0,0.0,6,5,0,0,0,0
L103337,2026-01-10,Inbound,Locadora A,Centro-Oeste,Supervisor B,SDR G,2026-01-13,2026-01-17,2026-01-21,2026-01-22,2026-01-27,Assinado,57169.16,51133.71,6,5,1,1,1,1
L103338,2026-06-05,Crossover,Locadora A,Nordeste,Supervisor D,SDR C,,,,,,Lead,0.0,0.0,6,5,0,0,0,0
L103339,2026-06-07,Inbound,Locadora A,Sul,Supervisor C,SDR E,,,,,,Lead,0.0,0.0,6,5,0,0,0,0
L103340,2026-04-09,C2C,Locadora A,Sudeste,Supervisor B,SDR B,,,,,,Lead,0.0,0.0,6,5,0,0,0,0
L103341,2026-02-25,C2C,Locadora B,Centro-Oeste,Supervisor B,SDR A,2026-02-27,2026-02-28,2026-03-04,,,Aprovado,0.0,0.0,6,5,1,1,0,0
L103342,2026-01-18,C2C,Locadora A,Sudeste,Supervisor C,SDR A,,,,,,Lead,0.0,0.0,6,5,0,0,0,0
L103343,2026-04-23,Inbound,Locadora B,Sul,Supervisor B,SDR H,,,,,,Lead,0.0,0.0,6,5,0,0,0,0
L103344,2026-04-08,Inbound,Locadora B,Centro-Oeste,Supervisor C,SDR B,,,,,,Lead,0.0,0.0,6,5,0,0,0,0
L103345,2026-05-18,Inbound,Locadora A,Sudeste,Supervisor A,SDR A,2026-05-21,2026-05-24,2026-05-25,,,Aprovado,0.0,0.0,6,5,1,1,0,0
L103346,2026-04-20,C2C,Locadora A,Centro-Oeste,Supervisor B,SDR E,2026-04-23,2026-04-26,2026-04-27,,,Aprovado,0.0,0.0,6,5,1,1,0,0
L103347,2026-01-24,Farmer,Locadora A,Centro-Oeste,Supervisor C,SDR H,2026-01-28,2026-01-30,,,,Análise de Crédito,0.0,0.0,6,5,1,0,0,0
L103348,2026-01-23,Inbound,Locadora B,Sudeste,Supervisor D,SDR A,,,,,,Lead,0.0,0.0,6,5,0,0,0,0
L103349,2026-05-22,Inbound,Locadora A,Sudeste,Supervisor B,SDR C,,,,,,Lead,0.0,0.0,6,5,0,0,0,0
L103350,2026-01-29,Farmer,Locadora B,Sudeste,Supervisor C,SDR E,2026-01-31,2026-02-02,,,,Análise de Crédito,0.0,0.0,6,5,1,0,0,0
L103351,2026-06-19,C2C,Locadora A,Centro-Oeste,Supervisor B,SDR D,,,,,,Lead,0.0,0.0,6,5,0,0,0,0
L103352,2026-01-20,Farmer,Locadora A,Sul,Supervisor D,SDR B,,,,,,Lead,0.0,0.0,6,5,0,0,0,0
L103353,2026-05-12,Inbound,Locadora A,Sudeste,Supervisor B,SDR H,,,,,,Lead,0.0,0.0,6,5,0,0,0,0
L103354,2026-06-26,Inbound,Locadora A,Sudeste,Supervisor C,SDR C,,,,,,Lead,0.0,0.0,6,5,0,0,0,0
L103355,2026-03-21,Inbound,Locadora A,Sudeste,Supervisor B,SDR F,,,,,,Lead,0.0,0.0,6,5,0,0,0,0
L103356,2026-01-11,Inbound,Locadora B,Sudeste,Supervisor B,SDR D,,,,,,Lead,0.0,0.0,6,5,0,0,0,0
L103357,2026-06-08,C2C,Locadora A,Sudeste,Supervisor C,SDR E,,,,,,Lead,0.0,0.0,6,5,0,0,0,0
L103358,2026-02-03,Inbound,Locadora B,Sudeste,Supervisor C,SDR H,,,,,,Lead,0.0,0.0,6,5,0,0,0,0
L103359,2026-04-06,Inbound,Locadora B,Sudeste,Supervisor C,SDR C,2026-04-11,2026-04-13,2026-04-16,,,Aprovado,0.0,0.0,6,5,1,1,0,0
L103360,2026-06-28,Inbound,Locadora A,Sul,Supervisor D,SDR G,,,,,,Lead,0.0,0.0,6,5,0,0,0,0
L103361,2026-05-15,Inbound,Locadora A,Sul,Supervisor C,SDR C,,,,,,Lead,0.0,0.0,6,5,0,0,0,0
L103362,2026-01-09,Inbound,Locadora A,Sudeste,Supervisor D,SDR C,,,,,,Lead,0.0,0.0,6,5,0,0,0,0
L103363,2026-05-29,Crossover,Locadora A,Sul,Supervisor B,SDR A,,,,,,Lead,0.0,0.0,6,5,0,0,0,0
L103364,2026-01-30,C2C,Locadora B,Sudeste,Supervisor C,SDR C,,,,,,Lead,0.0,0.0,6,5,0,0,0,0
L103365,2026-05-16,Inbound,Locadora B,Sudeste,Supervisor B,SDR E,,,,,,Lead,0.0,0.0,6,5,0,0,0,0
L103366,2026-04-23,Inbound,Locadora B,Norte,Supervisor C,SDR F,2026-04-26,2026-04-30,,,,Análise de Crédito,0.0,0.0,6,5,1,0,0,0
L103367,2026-02-22,Inbound,Locadora A,Sul,Supervisor A,SDR D,2026-02-23,2026-02-25,,,,Análise de Crédito,0.0,0.0,6,5,1,0,0,0
L103368,2026-03-18,Inbound,Locadora A,Sudeste,Supervisor D,SDR C,,,,,,Lead,0.0,0.0,6,5,0,0,0,0
L103369,2026-01-22,Inbound,Locadora A,Sudeste,Supervisor C,SDR B,2026-01-24,2026-01-26,,,,Análise de Crédito,0.0,0.0,6,5,1,0,0,0
L103370,2026-06-28,C2C,Locadora B,Centro-Oeste,Supervisor C,SDR H,,,,,,Lead,0.0,0.0,6,5,0,0,0,0
L103371,2026-02-13,Crossover,Locadora A,Sudeste,Supervisor D,SDR D,,,,,,Lead,0.0,0.0,6,5,0,0,0,0
L103372,2026-02-25,C2C,Locadora A,Norte,Supervisor B,SDR C,,,,,,Lead,0.0,0.0,6,5,0,0,0,0
L103373,2026-04-02,Inbound,Locadora A,Sudeste,Supervisor B,SDR H,,,,,,Lead,0.0,0.0,6,5,0,0,0,0
L103374,2026-05-02,Inbound,Locadora A,Sudeste,Supervisor C,SDR F,,,,,,Lead,0.0,0.0,6,5,0,0,0,0
L103375,2026-04-02,Inbound,Locadora A,Sul,Supervisor D,SDR G,,,,,,Lead,0.0,0.0,6,5,0,0,0,0
L103376,2026-04-02,Inbound,Locadora A,Centro-Oeste,Supervisor B,SDR D,,,,,,Lead,0.0,0.0,6,5,0,0,0,0
L103377,2026-04-16,C2C,Locadora B,Sudeste,Supervisor A,SDR D,,,,,,Lead,0.0,0.0,6,5,0,0,0,0
L103378,2026-06-05,Inbound,Locadora B,Norte,Supervisor A,SDR F,,,,,,Lead,0.0,0.0,6,5,0,0,0,0
L103379,2026-03-13,Inbound,Locadora A,Nordeste,Supervisor C,SDR H,,,,,,Lead,0.0,0.0,6,5,0,0,0,0
L103380,2026-05-31,Inbound,Locadora B,Sudeste,Supervisor A,SDR G,,,,,,Lead,0.0,0.0,6,5,0,0,0,0
L103381,2026-05-23,C2C,Locadora A,Sudeste,Supervisor C,SDR D,,,,,,Lead,0.0,0.0,6,5,0,0,0,0
L103382,2026-06-23,Inbound,Locadora B,Sudeste,Supervisor D,SDR E,2026-06-27,2026-07-01,2026-07-03,,,Aprovado,0.0,0.0,6,5,1,1,0,0
L103383,2026-06-15,Farmer,Locadora A,Sul,Supervisor C,SDR C,,,,,,Lead,0.0,0.0,6,5,0,0,0,0
L103384,2026-05-25,Inbound,Locadora A,Sul,Supervisor A,SDR D,,,,,,Lead,0.0,0.0,6,5,0,0,0,0
L103385,2026-02-14,C2C,Locadora A,Sudeste,Supervisor C,SDR D,,,,,,Lead,0.0,0.0,6,5,0,0,0,0
L103386,2026-05-21,Inbound,Locadora A,Norte,Supervisor B,SDR A,,,,,,Lead,0.0,0.0,6,5,0,0,0,0
L103387,2026-05-14,Crossover,Locadora A,Sudeste,Supervisor A,SDR G,,,,,,Lead,0.0,0.0,6,5,0,0,0,0
L103388,2026-02-22,C2C,Locadora A,Nordeste,Supervisor A,SDR B,,,,,,Lead,0.0,0.0,6,5,0,0,0,0
L103389,2026-05-03,Inbound,Locadora A,Nordeste,Supervisor C,SDR C,,,,,,Lead,0.0,0.0,6,5,0,0,0,0
L103390,2026-02-15,Crossover,Locadora A,Sudeste,Supervisor C,SDR C,,,,,,Lead,0.0,0.0,6,5,0,0,0,0
L103391,2026-04-05,Inbound,Locadora A,Sudeste,Supervisor B,SDR B,2026-04-06,2026-04-08,,,,Análise de Crédito,0.0,0.0,6,5,1,0,0,0
L103392,2026-05-25,Inbound,Locadora B,Sudeste,Supervisor D,SDR D,,,,,,Lead,0.0,0.0,6,5,0,0,0,0
L103393,2026-02-04,Crossover,Locadora A,Nordeste,Supervisor C,SDR H,,,,,,Lead,0.0,0.0,6,5,0,0,0,0
L103394,2026-03-02,Inbound,Locadora A,Sudeste,Supervisor D,SDR C,2026-03-05,2026-03-08,,,,Análise de Crédito,0.0,0.0,6,5,1,0,0,0
L103395,2026-05-24,Farmer,Locadora A,Nordeste,Supervisor A,SDR F,,,,,,Lead,0.0,0.0,6,5,0,0,0,0
L103396,2026-03-24,Farmer,Locadora A,Sul,Supervisor B,SDR F,2026-03-26,2026-03-28,,,,Análise de Crédito,0.0,0.0,6,5,1,0,0,0
L103397,2026-06-23,Crossover,Locadora A,Sudeste,Supervisor A,SDR G,2026-06-28,2026-07-02,2026-07-06,,,Aprovado,0.0,0.0,6,5,1,1,0,0
L103398,2026-01-02,Inbound,Locadora A,Nordeste,Supervisor B,SDR E,,,,,,Lead,0.0,0.0,6,5,0,0,0,0
L103399,2026-05-11,Farmer,Locadora A,Sudeste,Supervisor D,SDR F,,,,,,Lead,0.0,0.0,6,5,0,0,0,0
L103400,2026-05-28,Inbound,Locadora A,Centro-Oeste,Supervisor B,SDR G,,,,,,Lead,0.0,0.0,6,5,0,0,0,0
L103401,2026-06-16,Inbound,Locadora B,Sudeste,Supervisor B,SDR F,2026-06-20,2026-06-22,,,,Análise de Crédito,0.0,0.0,6,5,1,0,0,0
L103402,2026-01-29,Crossover,Locadora A,Sudeste,Supervisor A,SDR E,,,,,,Lead,0.0,0.0,6,5,0,0,0,0
L103403,2026-06-28,Inbound,Locadora A,Sudeste,Supervisor B,SDR A,2026-07-02,2026-07-03,,,,Análise de Crédito,0.0,0.0,6,5,1,0,0,0
L103404,2026-03-13,Inbound,Locadora B,Sudeste,Supervisor A,SDR E,,,,,,Lead,0.0,0.0,6,5,0,0,0,0
L103405,2026-03-05,Farmer,Locadora A,Centro-Oeste,Supervisor A,SDR G,,,,,,Lead,0.0,0.0,6,5,0,0,0,0
L103406,2026-03-06,C2C,Locadora A,Sudeste,Supervisor A,SDR C,,,,,,Lead,0.0,0.0,6,5,0,0,0,0
L103407,2026-04-26,Inbound,Locadora A,Sudeste,Supervisor C,SDR B,,,,,,Lead,0.0,0.0,6,5,0,0,0,0
L103408,2026-04-30,Inbound,Locadora A,Sudeste,Supervisor C,SDR E,2026-05-03,2026-05-07,,,,Análise de Crédito,0.0,0.0,6,5,1,0,0,0
L103409,2026-03-27,Inbound,Locadora A,Sul,Supervisor C,SDR B,,,,,,Lead,0.0,0.0,6,5,0,0,0,0
L103410,2026-01-13,Crossover,Locadora A,Nordeste,Supervisor A,SDR F,2026-01-16,2026-01-20,,,,Análise de Crédito,0.0,0.0,6,5,1,0,0,0
L103411,2026-06-28,Farmer,Locadora B,Sul,Supervisor D,SDR H,,,,,,Lead,0.0,0.0,6,5,0,0,0,0
L103412,2026-02-10,Inbound,Locadora B,Norte,Supervisor C,SDR D,,,,,,Lead,0.0,0.0,6,5,0,0,0,0
L103413,2026-01-17,C2C,Locadora B,Sudeste,Supervisor C,SDR A,,,,,,Lead,0.0,0.0,6,5,0,0,0,0
L103414,2026-04-19,Inbound,Locadora A,Sudeste,Supervisor D,SDR C,,,,,,Lead,0.0,0.0,6,5,0,0,0,0
L103415,2026-03-16,Crossover,Locadora B,Sul,Supervisor B,SDR A,,,,,,Lead,0.0,0.0,6,5,0,0,0,0
L103416,2026-04-22,Inbound,Locadora B,Sudeste,Supervisor C,SDR D,,,,,,Lead,0.0,0.0,6,5,0,0,0,0
L103417,2026-06-08,Inbound,Locadora A,Centro-Oeste,Supervisor A,SDR C,2026-06-09,2026-06-13,2026-06-15,,,Aprovado,0.0,0.0,6,5,1,1,0,0
L103418,2026-01-18,C2C,Locadora A,Nordeste,Supervisor B,SDR G,,,,,,Lead,0.0,0.0,6,5,0,0,0,0
L103419,2026-02-21,Inbound,Locadora A,Sudeste,Supervisor B,SDR G,,,,,,Lead,0.0,0.0,6,5,0,0,0,0
L103420,2026-04-04,Inbound,Locadora A,Nordeste,Supervisor A,SDR D,2026-04-09,2026-04-11,,,,Análise de Crédito,0.0,0.0,6,5,1,0,0,0
L103421,2026-05-23,Inbound,Locadora A,Sudeste,Supervisor C,SDR H,,,,,,Lead,0.0,0.0,6,5,0,0,0,0
L103422,2026-04-19,Inbound,Locadora A,Centro-Oeste,Supervisor A,SDR D,,,,,,Lead,0.0,0.0,6,5,0,0,0,0
L103423,2026-03-11,Farmer,Locadora A,Sudeste,Supervisor D,SDR A,,,,,,Lead,0.0,0.0,6,5,0,0,0,0
L103424,2026-04-21,Crossover,Locadora A,Centro-Oeste,Supervisor A,SDR H,2026-04-24,2026-04-27,2026-04-28,,,Aprovado,0.0,0.0,6,5,1,1,0,0
L103425,2026-06-27,Crossover,Locadora A,Sudeste,Supervisor A,SDR D,,,,,,Lead,0.0,0.0,6,5,0,0,0,0
L103426,2026-03-28,Crossover,Locadora A,Norte,Supervisor B,SDR H,2026-03-31,2026-04-02,,,,Análise de Crédito,0.0,0.0,6,5,1,0,0,0
L103427,2026-06-09,Inbound,Locadora B,Norte,Supervisor B,SDR F,,,,,,Lead,0.0,0.0,6,5,0,0,0,0
L103428,2026-05-22,Inbound,Locadora B,Sul,Supervisor C,SDR H,,,,,,Lead,0.0,0.0,6,5,0,0,0,0
L103429,2026-02-24,Crossover,Locadora A,Sul,Supervisor C,SDR F,,,,,,Lead,0.0,0.0,6,5,0,0,0,0
L103430,2026-02-15,Inbound,Locadora A,Sul,Supervisor C,SDR E,,,,,,Lead,0.0,0.0,6,5,0,0,0,0
L103431,2026-05-20,Inbound,Locadora B,Sul,Supervisor C,SDR B,,,,,,Lead,0.0,0.0,6,5,0,0,0,0
L103432,2026-02-07,Crossover,Locadora A,Sul,Supervisor D,SDR C,,,,,,Lead,0.0,0.0,6,5,0,0,0,0
L103433,2026-03-02,C2C,Locadora B,Sul,Supervisor C,SDR C,,,,,,Lead,0.0,0.0,6,5,0,0,0,0
L103434,2026-02-12,Inbound,Locadora A,Nordeste,Supervisor A,SDR C,,,,,,Lead,0.0,0.0,6,5,0,0,0,0
L103435,2026-04-20,Inbound,Locadora A,Sul,Supervisor B,SDR E,2026-04-23,2026-04-27,,,,Análise de Crédito,0.0,0.0,6,5,1,0,0,0
L103436,2026-02-23,Inbound,Locadora A,Sudeste,Supervisor C,SDR G,,,,,,Lead,0.0,0.0,6,5,0,0,0,0
L103437,2026-04-30,Inbound,Locadora A,Nordeste,Supervisor B,SDR A,,,,,,Lead,0.0,0.0,6,5,0,0,0,0
L103438,2026-06-19,C2C,Locadora A,Sudeste,Supervisor D,SDR E,,,,,,Lead,0.0,0.0,6,5,0,0,0,0
L103439,2026-05-31,Inbound,Locadora A,Sudeste,Supervisor B,SDR G,2026-06-02,2026-06-04,2026-06-07,2026-06-12,,Formalizado,39743.0,0.0,6,5,1,1,1,0
L103440,2026-06-21,Inbound,Locadora B,Norte,Supervisor B,SDR D,2026-06-25,2026-06-27,,,,Análise de Crédito,0.0,0.0,6,5,1,0,0,0
L103441,2026-01-05,C2C,Locadora A,Sudeste,Supervisor B,SDR C,,,,,,Lead,0.0,0.0,6,5,0,0,0,0
L103442,2026-03-24,C2C,Locadora A,Sudeste,Supervisor C,SDR D,,,,,,Lead,0.0,0.0,6,5,0,0,0,0
L103443,2026-02-09,Farmer,Locadora A,Sul,Supervisor C,SDR G,2026-02-11,2026-02-15,2026-02-16,2026-02-17,2026-02-26,Assinado,61063.27,54179.06,6,5,1,1,1,1
L103444,2026-06-16,Inbound,Locadora A,Nordeste,Supervisor B,SDR H,2026-06-19,2026-06-21,2026-06-22,,,Aprovado,0.0,0.0,6,5,1,1,0,0
L103445,2026-05-09,Crossover,Locadora A,Sudeste,Supervisor A,SDR F,,,,,,Lead,0.0,0.0,6,5,0,0,0,0
L103446,2026-02-27,Inbound,Locadora A,Sul,Supervisor A,SDR D,2026-03-01,2026-03-02,2026-03-06,,,Aprovado,0.0,0.0,6,5,1,1,0,0
L103447,2026-04-12,Inbound,Locadora A,Sudeste,Supervisor B,SDR F,,,,,,Lead,0.0,0.0,6,5,0,0,0,0
L103448,2026-04-20,Inbound,Locadora B,Sudeste,Supervisor D,SDR F,,,,,,Lead,0.0,0.0,6,5,0,0,0,0
L103449,2026-03-31,Farmer,Locadora A,Sudeste,Supervisor D,SDR G,,,,,,Lead,0.0,0.0,6,5,0,0,0,0
L103450,2026-03-27,Inbound,Locadora A,Sudeste,Supervisor C,SDR B,,,,,,Lead,0.0,0.0,6,5,0,0,0,0
L103451,2026-01-10,Inbound,Locadora B,Norte,Supervisor C,SDR A,2026-01-13,2026-01-14,2026-01-15,2026-01-17,,Formalizado,51273.57,0.0,6,5,1,1,1,0
L103452,2026-03-23,Inbound,Locadora A,Sul,Supervisor C,SDR C,,,,,,Lead,0.0,0.0,6,5,0,0,0,0
L103453,2026-03-05,Inbound,Locadora A,Nordeste,Supervisor A,SDR C,,,,,,Lead,0.0,0.0,6,5,0,0,0,0
L103454,2026-05-29,Inbound,Locadora A,Nordeste,Supervisor B,SDR E,,,,,,Lead,0.0,0.0,6,5,0,0,0,0
L103455,2026-06-06,Farmer,Locadora B,Norte,Supervisor D,SDR E,,,,,,Lead,0.0,0.0,6,5,0,0,0,0
L103456,2026-05-16,Inbound,Locadora A,Centro-Oeste,Supervisor C,SDR H,,,,,,Lead,0.0,0.0,6,5,0,0,0,0
L103457,2026-01-06,Farmer,Locadora A,Sudeste,Supervisor A,SDR G,2026-01-08,2026-01-11,,,,Análise de Crédito,0.0,0.0,6,5,1,0,0,0
L103458,2026-06-02,Inbound,Locadora B,Nordeste,Supervisor A,SDR B,,,,,,Lead,0.0,0.0,6,5,0,0,0,0
L103459,2026-03-13,Inbound,Locadora A,Sul,Supervisor D,SDR G,,,,,,Lead,0.0,0.0,6,5,0,0,0,0
L103460,2026-03-17,Inbound,Locadora B,Sudeste,Supervisor D,SDR G,,,,,,Lead,0.0,0.0,6,5,0,0,0,0
L103461,2026-06-21,Farmer,Locadora A,Sudeste,Supervisor A,SDR D,,,,,,Lead,0.0,0.0,6,5,0,0,0,0
L103462,2026-06-06,Inbound,Locadora A,Sudeste,Supervisor B,SDR A,2026-06-07,2026-06-11,2026-06-15,2026-06-22,,Formalizado,61230.44,0.0,6,5,1,1,1,0
L103463,2026-01-10,Inbound,Locadora A,Sul,Supervisor D,SDR G,,,,,,Lead,0.0,0.0,6,5,0,0,0,0
L103464,2026-03-07,Inbound,Locadora B,Nordeste,Supervisor B,SDR B,,,,,,Lead,0.0,0.0,6,5,0,0,0,0
L103465,2026-05-16,C2C,Locadora B,Sul,Supervisor A,SDR B,2026-05-21,2026-05-24,2026-05-25,,,Aprovado,0.0,0.0,6,5,1,1,0,0
L103466,2026-04-08,Inbound,Locadora A,Sudeste,Supervisor B,SDR D,,,,,,Lead,0.0,0.0,6,5,0,0,0,0
L103467,2026-02-16,Farmer,Locadora A,Sudeste,Supervisor B,SDR A,,,,,,Lead,0.0,0.0,6,5,0,0,0,0
L103468,2026-04-05,C2C,Locadora A,Nordeste,Supervisor B,SDR D,,,,,,Lead,0.0,0.0,6,5,0,0,0,0
L103469,2026-06-06,C2C,Locadora A,Sudeste,Supervisor D,SDR B,,,,,,Lead,0.0,0.0,6,5,0,0,0,0
L103470,2026-02-10,Inbound,Locadora A,Sudeste,Supervisor D,SDR A,,,,,,Lead,0.0,0.0,6,5,0,0,0,0
L103471,2026-05-16,Inbound,Locadora A,Centro-Oeste,Supervisor C,SDR H,,,,,,Lead,0.0,0.0,6,5,0,0,0,0
L103472,2026-05-13,C2C,Locadora A,Nordeste,Supervisor A,SDR C,,,,,,Lead,0.0,0.0,6,5,0,0,0,0
L103473,2026-06-10,Inbound,Locadora A,Sul,Supervisor B,SDR E,2026-06-14,2026-06-18,,,,Análise de Crédito,0.0,0.0,6,5,1,0,0,0
L103474,2026-02-23,Crossover,Locadora A,Sul,Supervisor A,SDR G,2026-02-24,2026-02-27,,,,Análise de Crédito,0.0,0.0,6,5,1,0,0,0
L103475,2026-02-09,Crossover,Locadora A,Sudeste,Supervisor A,SDR D,,,,,,Lead,0.0,0.0,6,5,0,0,0,0
L103476,2026-04-10,Farmer,Locadora A,Norte,Supervisor B,SDR C,,,,,,Lead,0.0,0.0,6,5,0,0,0,0
L103477,2026-04-07,Inbound,Locadora A,Sul,Supervisor A,SDR F,,,,,,Lead,0.0,0.0,6,5,0,0,0,0
L103478,2026-03-16,Inbound,Locadora B,Centro-Oeste,Supervisor C,SDR F,2026-03-20,2026-03-23,2026-03-25,,,Aprovado,0.0,0.0,6,5,1,1,0,0
L103479,2026-05-22,Inbound,Locadora A,Sudeste,Supervisor B,SDR A,2026-05-24,2026-05-28,2026-05-30,,,Aprovado,0.0,0.0,6,5,1,1,0,0
L103480,2026-05-25,Farmer,Locadora B,Sul,Supervisor C,SDR G,,,,,,Lead,0.0,0.0,6,5,0,0,0,0
L103481,2026-02-14,Inbound,Locadora A,Sudeste,Supervisor C,SDR A,,,,,,Lead,0.0,0.0,6,5,0,0,0,0
L103482,2026-05-24,C2C,Locadora A,Sudeste,Supervisor D,SDR F,,,,,,Lead,0.0,0.0,6,5,0,0,0,0
L103483,2026-02-11,Farmer,Locadora B,Centro-Oeste,Supervisor B,SDR A,,,,,,Lead,0.0,0.0,6,5,0,0,0,0
L103484,2026-03-15,C2C,Locadora A,Nordeste,Supervisor A,SDR A,,,,,,Lead,0.0,0.0,6,5,0,0,0,0
L103485,2026-01-05,C2C,Locadora A,Sudeste,Supervisor D,SDR A,,,,,,Lead,0.0,0.0,6,5,0,0,0,0
L103486,2026-03-03,Inbound,Locadora A,Nordeste,Supervisor B,SDR F,,,,,,Lead,0.0,0.0,6,5,0,0,0,0
L103487,2026-06-23,Inbound,Locadora A,Sudeste,Supervisor D,SDR D,2026-06-27,2026-06-28,,,,Análise de Crédito,0.0,0.0,6,5,1,0,0,0
L103488,2026-03-22,Crossover,Locadora B,Sul,Supervisor D,SDR E,,,,,,Lead,0.0,0.0,6,5,0,0,0,0
L103489,2026-05-09,C2C,Locadora A,Sudeste,Supervisor D,SDR C,,,,,,Lead,0.0,0.0,6,5,0,0,0,0
L103490,2026-01-20,Inbound,Locadora A,Sudeste,Supervisor C,SDR A,,,,,,Lead,0.0,0.0,6,5,0,0,0,0
L103491,2026-04-26,Inbound,Locadora A,Nordeste,Supervisor C,SDR G,2026-04-28,2026-05-01,2026-05-03,2026-05-08,2026-05-14,Assinado,130662.29,128289.6,6,5,1,1,1,1
L103492,2026-03-09,C2C,Locadora A,Sudeste,Supervisor B,SDR G,,,,,,Lead,0.0,0.0,6,5,0,0,0,0
L103493,2026-05-15,Inbound,Locadora B,Nordeste,Supervisor B,SDR G,,,,,,Lead,0.0,0.0,6,5,0,0,0,0
L103494,2026-06-17,C2C,Locadora A,Sudeste,Supervisor D,SDR A,,,,,,Lead,0.0,0.0,6,5,0,0,0,0
L103495,2026-04-07,Crossover,Locadora B,Centro-Oeste,Supervisor C,SDR H,2026-04-08,2026-04-09,,,,Análise de Crédito,0.0,0.0,6,5,1,0,0,0
L103496,2026-01-19,Inbound,Locadora A,Sudeste,Supervisor A,SDR E,,,,,,Lead,0.0,0.0,6,5,0,0,0,0
L103497,2026-03-28,Inbound,Locadora A,Centro-Oeste,Supervisor B,SDR B,,,,,,Lead,0.0,0.0,6,5,0,0,0,0
L103498,2026-01-23,Inbound,Locadora A,Nordeste,Supervisor D,SDR B,,,,,,Lead,0.0,0.0,6,5,0,0,0,0
L103499,2026-03-23,Inbound,Locadora A,Sul,Supervisor A,SDR E,,,,,,Lead,0.0,0.0,6,5,0,0,0,0
L103500,2026-01-12,C2C,Locadora A,Sudeste,Supervisor B,SDR E,,,,,,Lead,0.0,0.0,6,5,0,0,0,0
L103501,2026-04-26,Inbound,Locadora A,Nordeste,Supervisor D,SDR A,,,,,,Lead,0.0,0.0,6,5,0,0,0,0
L103502,2026-02-26,Inbound,Locadora A,Centro-Oeste,Supervisor B,SDR D,,,,,,Lead,0.0,0.0,6,5,0,0,0,0
L103503,2026-02-06,C2C,Locadora B,Sudeste,Supervisor C,SDR B,2026-02-08,2026-02-12,,,,Análise de Crédito,0.0,0.0,6,5,1,0,0,0
L103504,2026-01-04,Farmer,Locadora A,Centro-Oeste,Supervisor D,SDR H,,,,,,Lead,0.0,0.0,6,5,0,0,0,0
L103505,2026-06-10,Crossover,Locadora A,Centro-Oeste,Supervisor B,SDR E,,,,,,Lead,0.0,0.0,6,5,0,0,0,0
L103506,2026-06-01,C2C,Locadora A,Centro-Oeste,Supervisor D,SDR C,,,,,,Lead,0.0,0.0,6,5,0,0,0,0
L103507,2026-05-27,Crossover,Locadora A,Sudeste,Supervisor B,SDR D,2026-05-30,2026-06-03,,,,Análise de Crédito,0.0,0.0,6,5,1,0,0,0
L103508,2026-01-11,Inbound,Locadora B,Sudeste,Supervisor B,SDR G,,,,,,Lead,0.0,0.0,6,5,0,0,0,0
L103509,2026-03-05,Inbound,Locadora A,Norte,Supervisor A,SDR F,,,,,,Lead,0.0,0.0,6,5,0,0,0,0
L103510,2026-06-25,Farmer,Locadora A,Sul,Supervisor B,SDR D,,,,,,Lead,0.0,0.0,6,5,0,0,0,0
L103511,2026-04-15,Crossover,Locadora A,Sul,Supervisor C,SDR G,,,,,,Lead,0.0,0.0,6,5,0,0,0,0
L103512,2026-01-24,Inbound,Locadora A,Norte,Supervisor A,SDR E,2026-01-28,2026-01-31,2026-02-02,,,Aprovado,0.0,0.0,6,5,1,1,0,0
L103513,2026-01-26,Farmer,Locadora A,Sudeste,Supervisor B,SDR A,,,,,,Lead,0.0,0.0,6,5,0,0,0,0
L103514,2026-02-17,Crossover,Locadora A,Sudeste,Supervisor C,SDR F,,,,,,Lead,0.0,0.0,6,5,0,0,0,0
L103515,2026-06-25,Inbound,Locadora A,Centro-Oeste,Supervisor D,SDR H,,,,,,Lead,0.0,0.0,6,5,0,0,0,0
L103516,2026-01-31,Farmer,Locadora A,Centro-Oeste,Supervisor C,SDR G,2026-02-03,2026-02-05,,,,Análise de Crédito,0.0,0.0,6,5,1,0,0,0
L103517,2026-06-13,Inbound,Locadora A,Norte,Supervisor C,SDR A,,,,,,Lead,0.0,0.0,6,5,0,0,0,0
L103518,2026-05-03,Inbound,Locadora A,Centro-Oeste,Supervisor C,SDR H,2026-05-07,2026-05-11,,,,Análise de Crédito,0.0,0.0,6,5,1,0,0,0
L103519,2026-06-16,Inbound,Locadora A,Sudeste,Supervisor B,SDR H,,,,,,Lead,0.0,0.0,6,5,0,0,0,0
L103520,2026-05-30,C2C,Locadora A,Sudeste,Supervisor B,SDR B,,,,,,Lead,0.0,0.0,6,5,0,0,0,0
L103521,2026-03-02,Inbound,Locadora A,Sudeste,Supervisor C,SDR F,,,,,,Lead,0.0,0.0,6,5,0,0,0,0
L103522,2026-05-30,Crossover,Locadora B,Norte,Supervisor A,SDR G,2026-05-31,2026-06-02,2026-06-05,,,Aprovado,0.0,0.0,6,5,1,1,0,0
L103523,2026-01-31,Inbound,Locadora A,Sudeste,Supervisor D,SDR A,,,,,,Lead,0.0,0.0,6,5,0,0,0,0
L103524,2026-02-22,Inbound,Locadora A,Sul,Supervisor B,SDR G,2026-02-25,2026-02-27,,,,Análise de Crédito,0.0,0.0,6,5,1,0,0,0
L103525,2026-02-08,C2C,Locadora A,Sudeste,Supervisor D,SDR D,,,,,,Lead,0.0,0.0,6,5,0,0,0,0
L103526,2026-01-25,Inbound,Locadora A,Sudeste,Supervisor A,SDR C,2026-01-28,2026-02-01,2026-02-04,,,Aprovado,0.0,0.0,6,5,1,1,0,0
L103527,2026-01-17,Crossover,Locadora A,Sudeste,Supervisor B,SDR C,2026-01-20,2026-01-22,2026-01-24,2026-01-25,2026-01-26,Assinado,95288.64,89980.44,6,5,1,1,1,1
L103528,2026-02-03,Inbound,Locadora A,Sul,Supervisor B,SDR E,,,,,,Lead,0.0,0.0,6,5,0,0,0,0
L103529,2026-01-22,Crossover,Locadora A,Sudeste,Supervisor B,SDR G,,,,,,Lead,0.0,0.0,6,5,0,0,0,0
L103530,2026-03-10,Inbound,Locadora A,Norte,Supervisor C,SDR G,2026-03-14,2026-03-18,,,,Análise de Crédito,0.0,0.0,6,5,1,0,0,0
L103531,2026-01-13,C2C,Locadora A,Nordeste,Supervisor C,SDR B,,,,,,Lead,0.0,0.0,6,5,0,0,0,0
L103532,2026-01-12,Inbound,Locadora A,Sudeste,Supervisor D,SDR G,,,,,,Lead,0.0,0.0,6,5,0,0,0,0
L103533,2026-06-29,Crossover,Locadora A,Nordeste,Supervisor D,SDR G,,,,,,Lead,0.0,0.0,6,5,0,0,0,0
L103534,2026-01-16,Inbound,Locadora A,Sudeste,Supervisor A,SDR A,,,,,,Lead,0.0,0.0,6,5,0,0,0,0
L103535,2026-01-14,Inbound,Locadora B,Sudeste,Supervisor D,SDR C,,,,,,Lead,0.0,0.0,6,5,0,0,0,0
L103536,2026-01-06,Crossover,Locadora A,Sudeste,Supervisor B,SDR A,,,,,,Lead,0.0,0.0,6,5,0,0,0,0
L103537,2026-01-24,Inbound,Locadora A,Nordeste,Supervisor B,SDR H,,,,,,Lead,0.0,0.0,6,5,0,0,0,0
L103538,2026-04-06,Inbound,Locadora B,Centro-Oeste,Supervisor A,SDR D,,,,,,Lead,0.0,0.0,6,5,0,0,0,0
L103539,2026-05-30,Farmer,Locadora A,Sudeste,Supervisor C,SDR C,,,,,,Lead,0.0,0.0,6,5,0,0,0,0
L103540,2026-05-14,C2C,Locadora A,Centro-Oeste,Supervisor D,SDR H,,,,,,Lead,0.0,0.0,6,5,0,0,0,0
L103541,2026-04-16,Inbound,Locadora A,Centro-Oeste,Supervisor B,SDR F,,,,,,Lead,0.0,0.0,6,5,0,0,0,0
L103542,2026-01-16,C2C,Locadora A,Centro-Oeste,Supervisor D,SDR H,,,,,,Lead,0.0,0.0,6,5,0,0,0,0
L103543,2026-05-21,Inbound,Locadora A,Sul,Supervisor A,SDR G,2026-05-22,2026-05-26,2026-05-30,2026-06-01,2026-06-07,Assinado,82904.32,74652.81,6,5,1,1,1,1
L103544,2026-01-07,Inbound,Locadora A,Nordeste,Supervisor D,SDR H,2026-01-08,2026-01-12,,,,Análise de Crédito,0.0,0.0,6,5,1,0,0,0
L103545,2026-04-25,C2C,Locadora A,Centro-Oeste,Supervisor B,SDR B,,,,,,Lead,0.0,0.0,6,5,0,0,0,0
L103546,2026-03-16,Crossover,Locadora B,Sudeste,Supervisor B,SDR B,2026-03-17,2026-03-20,2026-03-23,2026-03-30,2026-04-05,Assinado,88524.98,83160.48,6,5,1,1,1,1
L103547,2026-06-09,Inbound,Locadora A,Nordeste,Supervisor A,SDR A,,,,,,Lead,0.0,0.0,6,5,0,0,0,0
L103548,2026-02-25,Farmer,Locadora A,Sudeste,Supervisor D,SDR C,,,,,,Lead,0.0,0.0,6,5,0,0,0,0
L103549,2026-04-26,Inbound,Locadora A,Centro-Oeste,Supervisor C,SDR E,,,,,,Lead,0.0,0.0,6,5,0,0,0,0
L103550,2026-03-21,C2C,Locadora A,Centro-Oeste,Supervisor D,SDR E,2026-03-24,2026-03-25,2026-03-27,,,Aprovado,0.0,0.0,6,5,1,1,0,0
L103551,2026-04-05,Inbound,Locadora A,Sudeste,Supervisor B,SDR F,,,,,,Lead,0.0,0.0,6,5,0,0,0,0
L103552,2026-06-19,C2C,Locadora A,Sudeste,Supervisor A,SDR F,,,,,,Lead,0.0,0.0,6,5,0,0,0,0
L103553,2026-05-10,Crossover,Locadora A,Centro-Oeste,Supervisor C,SDR G,2026-05-12,2026-05-13,,,,Análise de Crédito,0.0,0.0,6,5,1,0,0,0
L103554,2026-03-17,Crossover,Locadora B,Nordeste,Supervisor A,SDR E,,,,,,Lead,0.0,0.0,6,5,0,0,0,0
L103555,2026-03-22,Inbound,Locadora A,Nordeste,Supervisor C,SDR C,2026-03-23,2026-03-24,,,,Análise de Crédito,0.0,0.0,6,5,1,0,0,0
L103556,2026-05-08,C2C,Locadora A,Sul,Supervisor A,SDR D,,,,,,Lead,0.0,0.0,6,5,0,0,0,0
L103557,2026-03-04,Crossover,Locadora A,Sudeste,Supervisor A,SDR G,2026-03-08,2026-03-09,2026-03-11,2026-03-16,2026-03-23,Assinado,40691.2,33934.83,6,5,1,1,1,1
L103558,2026-01-31,C2C,Locadora A,Sudeste,Supervisor C,SDR G,2026-02-01,2026-02-02,2026-02-05,,,Aprovado,0.0,0.0,6,5,1,1,0,0
L103559,2026-03-26,Inbound,Locadora A,Centro-Oeste,Supervisor C,SDR H,,,,,,Lead,0.0,0.0,6,5,0,0,0,0
L103560,2026-01-13,Inbound,Locadora A,Sudeste,Supervisor A,SDR E,,,,,,Lead,0.0,0.0,6,5,0,0,0,0
L103561,2026-01-31,Inbound,Locadora A,Centro-Oeste,Supervisor A,SDR G,,,,,,Lead,0.0,0.0,6,5,0,0,0,0
L103562,2026-03-18,Crossover,Locadora A,Sudeste,Supervisor D,SDR D,,,,,,Lead,0.0,0.0,6,5,0,0,0,0
L103563,2026-05-25,C2C,Locadora B,Sudeste,Supervisor A,SDR A,,,,,,Lead,0.0,0.0,6,5,0,0,0,0
L103564,2026-05-22,Inbound,Locadora A,Sul,Supervisor A,SDR F,,,,,,Lead,0.0,0.0,6,5,0,0,0,0
L103565,2026-02-17,Inbound,Locadora A,Sul,Supervisor D,SDR A,2026-02-21,2026-02-25,,,,Análise de Crédito,0.0,0.0,6,5,1,0,0,0
L103566,2026-03-18,Inbound,Locadora A,Sul,Supervisor C,SDR F,,,,,,Lead,0.0,0.0,6,5,0,0,0,0
L103567,2026-01-28,Inbound,Locadora A,Sudeste,Supervisor A,SDR H,,,,,,Lead,0.0,0.0,6,5,0,0,0,0
L103568,2026-05-17,Inbound,Locadora B,Nordeste,Supervisor D,SDR A,,,,,,Lead,0.0,0.0,6,5,0,0,0,0
L103569,2026-02-14,C2C,Locadora A,Sul,Supervisor B,SDR F,2026-02-16,2026-02-17,,,,Análise de Crédito,0.0,0.0,6,5,1,0,0,0
L103570,2026-05-25,Inbound,Locadora A,Centro-Oeste,Supervisor C,SDR G,2026-05-26,2026-05-28,2026-05-31,2026-06-04,,Formalizado,59640.79,0.0,6,5,1,1,1,0
L103571,2026-06-02,Inbound,Locadora B,Sul,Supervisor C,SDR F,,,,,,Lead,0.0,0.0,6,5,0,0,0,0
L103572,2026-05-05,Inbound,Locadora A,Sudeste,Supervisor B,SDR F,,,,,,Lead,0.0,0.0,6,5,0,0,0,0
L103573,2026-03-01,Inbound,Locadora A,Centro-Oeste,Supervisor B,SDR H,,,,,,Lead,0.0,0.0,6,5,0,0,0,0
L103574,2026-06-22,Inbound,Locadora A,Sul,Supervisor C,SDR G,2026-06-26,2026-06-30,,,,Análise de Crédito,0.0,0.0,6,5,1,0,0,0
L103575,2026-05-05,Inbound,Locadora A,Sul,Supervisor B,SDR A,,,,,,Lead,0.0,0.0,6,5,0,0,0,0
L103576,2026-04-27,Inbound,Locadora A,Centro-Oeste,Supervisor A,SDR G,,,,,,Lead,0.0,0.0,6,5,0,0,0,0
L103577,2026-06-05,Farmer,Locadora B,Sudeste,Supervisor C,SDR G,,,,,,Lead,0.0,0.0,6,5,0,0,0,0
L103578,2026-06-09,C2C,Locadora A,Nordeste,Supervisor C,SDR B,,,,,,Lead,0.0,0.0,6,5,0,0,0,0
L103579,2026-01-15,C2C,Locadora A,Sudeste,Supervisor C,SDR F,,,,,,Lead,0.0,0.0,6,5,0,0,0,0
L103580,2026-06-09,C2C,Locadora A,Sudeste,Supervisor C,SDR G,,,,,,Lead,0.0,0.0,6,5,0,0,0,0
L103581,2026-05-19,Inbound,Locadora A,Centro-Oeste,Supervisor C,SDR G,2026-05-23,2026-05-27,,,,Análise de Crédito,0.0,0.0,6,5,1,0,0,0
L103582,2026-02-07,Farmer,Locadora A,Sudeste,Supervisor D,SDR G,,,,,,Lead,0.0,0.0,6,5,0,0,0,0
L103583,2026-02-25,Inbound,Locadora A,Norte,Supervisor D,SDR G,2026-03-01,2026-03-05,2026-03-08,2026-03-13,2026-03-20,Assinado,90473.96,78049.79,6,5,1,1,1,1
L103584,2026-05-17,Inbound,Locadora A,Sudeste,Supervisor D,SDR A,,,,,,Lead,0.0,0.0,6,5,0,0,0,0
L103585,2026-02-09,Inbound,Locadora A,Sudeste,Supervisor A,SDR D,2026-02-10,2026-02-13,,,,Análise de Crédito,0.0,0.0,6,5,1,0,0,0
L103586,2026-03-23,Crossover,Locadora A,Sudeste,Supervisor A,SDR B,,,,,,Lead,0.0,0.0,6,5,0,0,0,0
L103587,2026-05-05,C2C,Locadora A,Sudeste,Supervisor B,SDR A,,,,,,Lead,0.0,0.0,6,5,0,0,0,0
L103588,2026-04-28,C2C,Locadora A,Sudeste,Supervisor C,SDR C,,,,,,Lead,0.0,0.0,6,5,0,0,0,0
L103589,2026-06-14,Inbound,Locadora B,Sudeste,Supervisor A,SDR H,,,,,,Lead,0.0,0.0,6,5,0,0,0,0
L103590,2026-01-21,Inbound,Locadora A,Sudeste,Supervisor A,SDR E,,,,,,Lead,0.0,0.0,6,5,0,0,0,0
L103591,2026-02-23,Inbound,Locadora B,Sudeste,Supervisor A,SDR G,,,,,,Lead,0.0,0.0,6,5,0,0,0,0
L103592,2026-06-28,Inbound,Locadora B,Sudeste,Supervisor C,SDR E,,,,,,Lead,0.0,0.0,6,5,0,0,0,0
L103593,2026-04-13,Farmer,Locadora A,Sudeste,Supervisor D,SDR C,,,,,,Lead,0.0,0.0,6,5,0,0,0,0
L103594,2026-02-15,C2C,Locadora A,Sudeste,Supervisor B,SDR D,,,,,,Lead,0.0,0.0,6,5,0,0,0,0
L103595,2026-02-22,Inbound,Locadora A,Sudeste,Supervisor C,SDR H,,,,,,Lead,0.0,0.0,6,5,0,0,0,0
L103596,2026-03-03,Inbound,Locadora B,Sudeste,Supervisor A,SDR C,2026-03-07,2026-03-08,2026-03-10,,,Aprovado,0.0,0.0,6,5,1,1,0,0
L103597,2026-04-11,Inbound,Locadora A,Sudeste,Supervisor A,SDR C,,,,,,Lead,0.0,0.0,6,5,0,0,0,0
L103598,2026-02-21,Crossover,Locadora A,Sudeste,Supervisor C,SDR G,2026-02-24,2026-02-28,,,,Análise de Crédito,0.0,0.0,6,5,1,0,0,0
L103599,2026-04-23,Inbound,Locadora A,Sudeste,Supervisor B,SDR C,,,,,,Lead,0.0,0.0,6,5,0,0,0,0
L103600,2026-03-22,Crossover,Locadora A,Norte,Supervisor A,SDR H,,,,,,Lead,0.0,0.0,6,5,0,0,0,0
L103601,2026-04-21,Crossover,Locadora B,Sudeste,Supervisor A,SDR H,2026-04-23,2026-04-24,,,,Análise de Crédito,0.0,0.0,6,5,1,0,0,0
L103602,2026-01-29,Inbound,Locadora B,Sudeste,Supervisor D,SDR A,,,,,,Lead,0.0,0.0,6,5,0,0,0,0
L103603,2026-04-23,Crossover,Locadora A,Centro-Oeste,Supervisor C,SDR F,,,,,,Lead,0.0,0.0,6,5,0,0,0,0
L103604,2026-06-17,Farmer,Locadora A,Sul,Supervisor D,SDR A,2026-06-20,2026-06-23,2026-06-26,,,Aprovado,0.0,0.0,6,5,1,1,0,0
L103605,2026-01-25,Crossover,Locadora A,Sudeste,Supervisor B,SDR H,,,,,,Lead,0.0,0.0,6,5,0,0,0,0
L103606,2026-03-01,C2C,Locadora A,Nordeste,Supervisor D,SDR A,2026-03-02,2026-03-05,,,,Análise de Crédito,0.0,0.0,6,5,1,0,0,0
L103607,2026-05-06,Inbound,Locadora B,Centro-Oeste,Supervisor D,SDR H,,,,,,Lead,0.0,0.0,6,5,0,0,0,0
L103608,2026-04-22,Crossover,Locadora A,Norte,Supervisor B,SDR G,,,,,,Lead,0.0,0.0,6,5,0,0,0,0
L103609,2026-05-03,Crossover,Locadora B,Norte,Supervisor A,SDR E,,,,,,Lead,0.0,0.0,6,5,0,0,0,0
L103610,2026-04-12,Inbound,Locadora A,Sul,Supervisor D,SDR B,,,,,,Lead,0.0,0.0,6,5,0,0,0,0
L103611,2026-05-04,Inbound,Locadora A,Centro-Oeste,Supervisor B,SDR C,2026-05-05,2026-05-07,,,,Análise de Crédito,0.0,0.0,6,5,1,0,0,0
L103612,2026-04-21,Inbound,Locadora A,Sudeste,Supervisor B,SDR D,,,,,,Lead,0.0,0.0,6,5,0,0,0,0
L103613,2026-01-14,Crossover,Locadora A,Nordeste,Supervisor D,SDR G,,,,,,Lead,0.0,0.0,6,5,0,0,0,0
L103614,2026-05-16,C2C,Locadora A,Sul,Supervisor B,SDR H,,,,,,Lead,0.0,0.0,6,5,0,0,0,0
L103615,2026-03-22,Crossover,Locadora B,Sudeste,Supervisor D,SDR E,2026-03-26,2026-03-27,2026-03-28,,,Aprovado,0.0,0.0,6,5,1,1,0,0
L103616,2026-01-10,Inbound,Locadora A,Sudeste,Supervisor A,SDR B,,,,,,Lead,0.0,0.0,6,5,0,0,0,0
L103617,2026-03-16,C2C,Locadora A,Sul,Supervisor B,SDR E,,,,,,Lead,0.0,0.0,6,5,0,0,0,0
L103618,2026-03-20,Inbound,Locadora A,Sul,Supervisor B,SDR G,,,,,,Lead,0.0,0.0,6,5,0,0,0,0
L103619,2026-01-16,Inbound,Locadora B,Nordeste,Supervisor B,SDR E,,,,,,Lead,0.0,0.0,6,5,0,0,0,0
L103620,2026-06-30,Farmer,Locadora A,Sudeste,Supervisor A,SDR H,,,,,,Lead,0.0,0.0,6,5,0,0,0,0
L103621,2026-02-10,Inbound,Locadora B,Nordeste,Supervisor D,SDR A,,,,,,Lead,0.0,0.0,6,5,0,0,0,0
L103622,2026-03-01,Crossover,Locadora B,Sudeste,Supervisor C,SDR E,2026-03-03,2026-03-06,2026-03-10,,,Aprovado,0.0,0.0,6,5,1,1,0,0
L103623,2026-03-21,Inbound,Locadora A,Sul,Supervisor C,SDR A,,,,,,Lead,0.0,0.0,6,5,0,0,0,0
L103624,2026-05-31,Crossover,Locadora B,Sudeste,Supervisor C,SDR E,,,,,,Lead,0.0,0.0,6,5,0,0,0,0
L103625,2026-05-15,C2C,Locadora A,Sudeste,Supervisor C,SDR E,2026-05-19,2026-05-21,2026-05-25,,,Aprovado,0.0,0.0,6,5,1,1,0,0
L103626,2026-05-20,Inbound,Locadora A,Sudeste,Supervisor C,SDR C,,,,,,Lead,0.0,0.0,6,5,0,0,0,0
L103627,2026-02-12,Inbound,Locadora A,Sudeste,Supervisor C,SDR G,2026-02-13,2026-02-17,,,,Análise de Crédito,0.0,0.0,6,5,1,0,0,0
L103628,2026-06-03,Inbound,Locadora A,Sudeste,Supervisor C,SDR H,2026-06-04,2026-06-07,2026-06-09,,,Aprovado,0.0,0.0,6,5,1,1,0,0
L103629,2026-05-31,Inbound,Locadora A,Nordeste,Supervisor D,SDR D,,,,,,Lead,0.0,0.0,6,5,0,0,0,0
L103630,2026-03-25,Inbound,Locadora A,Sudeste,Supervisor A,SDR D,,,,,,Lead,0.0,0.0,6,5,0,0,0,0
L103631,2026-04-09,Crossover,Locadora A,Centro-Oeste,Supervisor C,SDR B,2026-04-11,2026-04-13,2026-04-14,2026-04-21,2026-04-25,Assinado,39556.97,35246.13,6,5,1,1,1,1
L103632,2026-01-07,C2C,Locadora B,Centro-Oeste,Supervisor A,SDR A,,,,,,Lead,0.0,0.0,6,5,0,0,0,0
L103633,2026-05-18,Inbound,Locadora A,Sudeste,Supervisor A,SDR D,2026-05-19,2026-05-20,2026-05-24,2026-05-25,2026-05-28,Assinado,91557.26,87762.31,6,5,1,1,1,1
L103634,2026-06-23,Farmer,Locadora A,Nordeste,Supervisor D,SDR D,2026-06-24,2026-06-28,2026-07-02,2026-07-08,2026-07-14,Assinado,132001.2,116016.13,6,5,1,1,1,1
L103635,2026-03-27,Inbound,Locadora A,Nordeste,Supervisor B,SDR G,2026-03-31,2026-04-01,,,,Análise de Crédito,0.0,0.0,6,5,1,0,0,0
L103636,2026-04-08,Crossover,Locadora A,Nordeste,Supervisor C,SDR G,2026-04-13,2026-04-16,,,,Análise de Crédito,0.0,0.0,6,5,1,0,0,0
L103637,2026-04-01,Inbound,Locadora B,Nordeste,Supervisor C,SDR A,,,,,,Lead,0.0,0.0,6,5,0,0,0,0
L103638,2026-01-15,Farmer,Locadora A,Sul,Supervisor A,SDR B,,,,,,Lead,0.0,0.0,6,5,0,0,0,0
L103639,2026-04-23,Inbound,Locadora A,Norte,Supervisor B,SDR E,,,,,,Lead,0.0,0.0,6,5,0,0,0,0
L103640,2026-05-11,Crossover,Locadora A,Sudeste,Supervisor A,SDR D,2026-05-12,2026-05-14,,,,Análise de Crédito,0.0,0.0,6,5,1,0,0,0
L103641,2026-06-17,Farmer,Locadora A,Sudeste,Supervisor B,SDR F,2026-06-18,2026-06-22,2026-06-23,,,Aprovado,0.0,0.0,6,5,1,1,0,0
L103642,2026-06-18,Inbound,Locadora A,Centro-Oeste,Supervisor A,SDR C,,,,,,Lead,0.0,0.0,6,5,0,0,0,0
L103643,2026-03-31,Inbound,Locadora A,Sudeste,Supervisor C,SDR D,,,,,,Lead,0.0,0.0,6,5,0,0,0,0
L103644,2026-06-23,Inbound,Locadora A,Sul,Supervisor A,SDR D,,,,,,Lead,0.0,0.0,6,5,0,0,0,0
L103645,2026-04-06,Crossover,Locadora B,Sudeste,Supervisor B,SDR E,,,,,,Lead,0.0,0.0,6,5,0,0,0,0
L103646,2026-04-27,Crossover,Locadora A,Sudeste,Supervisor B,SDR A,,,,,,Lead,0.0,0.0,6,5,0,0,0,0
L103647,2026-04-19,Crossover,Locadora A,Nordeste,Supervisor D,SDR H,,,,,,Lead,0.0,0.0,6,5,0,0,0,0
L103648,2026-06-30,C2C,Locadora A,Sudeste,Supervisor D,SDR C,,,,,,Lead,0.0,0.0,6,5,0,0,0,0
L103649,2026-05-14,Inbound,Locadora A,Sudeste,Supervisor B,SDR B,,,,,,Lead,0.0,0.0,6,5,0,0,0,0
L103650,2026-01-22,Inbound,Locadora A,Centro-Oeste,Supervisor B,SDR F,,,,,,Lead,0.0,0.0,6,5,0,0,0,0
L103651,2026-01-14,C2C,Locadora B,Nordeste,Supervisor C,SDR B,,,,,,Lead,0.0,0.0,6,5,0,0,0,0
L103652,2026-03-16,Inbound,Locadora A,Nordeste,Supervisor C,SDR E,,,,,,Lead,0.0,0.0,6,5,0,0,0,0
L103653,2026-04-04,Inbound,Locadora A,Sudeste,Supervisor C,SDR A,,,,,,Lead,0.0,0.0,6,5,0,0,0,0
L103654,2026-05-02,Inbound,Locadora A,Nordeste,Supervisor A,SDR C,2026-05-06,2026-05-10,2026-05-14,,,Aprovado,0.0,0.0,6,5,1,1,0,0
L103655,2026-03-29,Inbound,Locadora A,Sul,Supervisor A,SDR F,,,,,,Lead,0.0,0.0,6,5,0,0,0,0
L103656,2026-04-04,Inbound,Locadora A,Nordeste,Supervisor C,SDR C,,,,,,Lead,0.0,0.0,6,5,0,0,0,0
L103657,2026-06-16,C2C,Locadora A,Sudeste,Supervisor B,SDR H,,,,,,Lead,0.0,0.0,6,5,0,0,0,0
L103658,2026-03-02,Farmer,Locadora B,Sudeste,Supervisor D,SDR C,2026-03-03,2026-03-05,,,,Análise de Crédito,0.0,0.0,6,5,1,0,0,0
L103659,2026-03-31,Inbound,Locadora A,Sul,Supervisor A,SDR F,,,,,,Lead,0.0,0.0,6,5,0,0,0,0
L103660,2026-04-11,Inbound,Locadora B,Sul,Supervisor A,SDR A,,,,,,Lead,0.0,0.0,6,5,0,0,0,0
L103661,2026-03-26,C2C,Locadora A,Sudeste,Supervisor D,SDR H,2026-03-30,2026-03-31,2026-04-04,2026-04-11,2026-04-14,Assinado,87297.11,84594.87,6,5,1,1,1,1
L103662,2026-06-25,Crossover,Locadora A,Sul,Supervisor D,SDR E,,,,,,Lead,0.0,0.0,6,5,0,0,0,0
L103663,2026-06-24,C2C,Locadora A,Centro-Oeste,Supervisor C,SDR F,2026-06-26,2026-06-28,2026-07-01,,,Aprovado,0.0,0.0,6,5,1,1,0,0
L103664,2026-04-03,Inbound,Locadora A,Sudeste,Supervisor A,SDR C,2026-04-04,2026-04-05,2026-04-08,,,Aprovado,0.0,0.0,6,5,1,1,0,0
L103665,2026-03-23,Inbound,Locadora A,Sul,Supervisor A,SDR C,,,,,,Lead,0.0,0.0,6,5,0,0,0,0
L103666,2026-04-17,Farmer,Locadora A,Sudeste,Supervisor D,SDR D,2026-04-19,2026-04-20,2026-04-21,,,Aprovado,0.0,0.0,6,5,1,1,0,0
L103667,2026-02-02,Inbound,Locadora A,Nordeste,Supervisor B,SDR C,2026-02-04,2026-02-08,,,,Análise de Crédito,0.0,0.0,6,5,1,0,0,0
L103668,2026-03-19,Inbound,Locadora A,Sul,Supervisor B,SDR A,,,,,,Lead,0.0,0.0,6,5,0,0,0,0
L103669,2026-02-09,C2C,Locadora B,Sul,Supervisor D,SDR F,,,,,,Lead,0.0,0.0,6,5,0,0,0,0
L103670,2026-01-27,Inbound,Locadora A,Norte,Supervisor A,SDR F,,,,,,Lead,0.0,0.0,6,5,0,0,0,0
L103671,2026-01-18,Inbound,Locadora B,Centro-Oeste,Supervisor B,SDR F,,,,,,Lead,0.0,0.0,6,5,0,0,0,0
L103672,2026-04-17,Inbound,Locadora A,Sudeste,Supervisor C,SDR E,,,,,,Lead,0.0,0.0,6,5,0,0,0,0
L103673,2026-01-01,Inbound,Locadora A,Centro-Oeste,Supervisor D,SDR E,2026-01-02,2026-01-06,2026-01-08,,,Aprovado,0.0,0.0,6,5,1,1,0,0
L103674,2026-04-27,Inbound,Locadora A,Norte,Supervisor B,SDR H,,,,,,Lead,0.0,0.0,6,5,0,0,0,0
L103675,2026-03-20,Crossover,Locadora A,Sudeste,Supervisor A,SDR E,,,,,,Lead,0.0,0.0,6,5,0,0,0,0
L103676,2026-03-08,Inbound,Locadora A,Sul,Supervisor A,SDR F,2026-03-09,2026-03-11,2026-03-12,,,Aprovado,0.0,0.0,6,5,1,1,0,0
L103677,2026-05-20,C2C,Locadora A,Sudeste,Supervisor A,SDR D,,,,,,Lead,0.0,0.0,6,5,0,0,0,0
L103678,2026-04-08,Crossover,Locadora A,Nordeste,Supervisor B,SDR A,,,,,,Lead,0.0,0.0,6,5,0,0,0,0
L103679,2026-05-13,Inbound,Locadora A,Centro-Oeste,Supervisor C,SDR C,,,,,,Lead,0.0,0.0,6,5,0,0,0,0
L103680,2026-05-09,Inbound,Locadora B,Norte,Supervisor B,SDR F,,,,,,Lead,0.0,0.0,6,5,0,0,0,0
L103681,2026-01-06,C2C,Locadora A,Centro-Oeste,Supervisor A,SDR F,,,,,,Lead,0.0,0.0,6,5,0,0,0,0
L103682,2026-02-09,Inbound,Locadora A,Sudeste,Supervisor C,SDR F,2026-02-10,2026-02-14,2026-02-16,,,Aprovado,0.0,0.0,6,5,1,1,0,0
L103683,2026-04-14,C2C,Locadora A,Sul,Supervisor D,SDR F,,,,,,Lead,0.0,0.0,6,5,0,0,0,0
L103684,2026-06-26,Inbound,Locadora A,Nordeste,Supervisor A,SDR B,,,,,,Lead,0.0,0.0,6,5,0,0,0,0
L103685,2026-01-28,Inbound,Locadora A,Sudeste,Supervisor C,SDR G,,,,,,Lead,0.0,0.0,6,5,0,0,0,0
L103686,2026-01-20,C2C,Locadora A,Sudeste,Supervisor C,SDR F,,,,,,Lead,0.0,0.0,6,5,0,0,0,0
L103687,2026-06-20,C2C,Locadora A,Centro-Oeste,Supervisor C,SDR C,,,,,,Lead,0.0,0.0,6,5,0,0,0,0
L103688,2026-06-24,Inbound,Locadora A,Sul,Supervisor A,SDR E,,,,,,Lead,0.0,0.0,6,5,0,0,0,0
L103689,2026-01-31,Inbound,Locadora A,Sudeste,Supervisor C,SDR G,,,,,,Lead,0.0,0.0,6,5,0,0,0,0
L103690,2026-03-14,Inbound,Locadora A,Sudeste,Supervisor C,SDR B,,,,,,Lead,0.0,0.0,6,5,0,0,0,0
L103691,2026-04-24,Crossover,Locadora A,Sudeste,Supervisor C,SDR C,,,,,,Lead,0.0,0.0,6,5,0,0,0,0
L103692,2026-02-05,C2C,Locadora B,Centro-Oeste,Supervisor D,SDR B,,,,,,Lead,0.0,0.0,6,5,0,0,0,0
L103693,2026-03-01,Farmer,Locadora A,Sul,Supervisor C,SDR C,,,,,,Lead,0.0,0.0,6,5,0,0,0,0
L103694,2026-03-13,Inbound,Locadora A,Sul,Supervisor D,SDR B,,,,,,Lead,0.0,0.0,6,5,0,0,0,0
L103695,2026-04-27,Inbound,Locadora B,Nordeste,Supervisor C,SDR G,,,,,,Lead,0.0,0.0,6,5,0,0,0,0
L103696,2026-02-25,Inbound,Locadora A,Sudeste,Supervisor B,SDR H,,,,,,Lead,0.0,0.0,6,5,0,0,0,0
L103697,2026-03-16,Crossover,Locadora A,Centro-Oeste,Supervisor D,SDR H,,,,,,Lead,0.0,0.0,6,5,0,0,0,0
L103698,2026-02-22,Farmer,Locadora B,Sudeste,Supervisor C,SDR C,2026-02-27,2026-03-02,,,,Análise de Crédito,0.0,0.0,6,5,1,0,0,0
L103699,2026-05-18,Inbound,Locadora A,Sudeste,Supervisor C,SDR H,2026-05-21,2026-05-22,2026-05-25,2026-05-29,,Formalizado,46512.41,0.0,6,5,1,1,1,0
L103700,2026-01-28,Inbound,Locadora A,Sul,Supervisor C,SDR A,,,,,,Lead,0.0,0.0,6,5,0,0,0,0
L103701,2026-02-11,Inbound,Locadora A,Centro-Oeste,Supervisor B,SDR A,,,,,,Lead,0.0,0.0,6,5,0,0,0,0
L103702,2026-02-15,C2C,Locadora A,Norte,Supervisor C,SDR C,,,,,,Lead,0.0,0.0,6,5,0,0,0,0
L103703,2026-06-13,Crossover,Locadora A,Sudeste,Supervisor B,SDR C,,,,,,Lead,0.0,0.0,6,5,0,0,0,0
L103704,2026-06-20,Inbound,Locadora A,Sudeste,Supervisor A,SDR H,,,,,,Lead,0.0,0.0,6,5,0,0,0,0
L103705,2026-04-01,Inbound,Locadora B,Sudeste,Supervisor B,SDR G,,,,,,Lead,0.0,0.0,6,5,0,0,0,0
L103706,2026-01-29,Inbound,Locadora A,Sul,Supervisor D,SDR G,,,,,,Lead,0.0,0.0,6,5,0,0,0,0
L103707,2026-05-17,Inbound,Locadora A,Sudeste,Supervisor B,SDR G,,,,,,Lead,0.0,0.0,6,5,0,0,0,0
L103708,2026-03-31,Inbound,Locadora A,Nordeste,Supervisor C,SDR F,2026-04-05,2026-04-08,2026-04-11,,,Aprovado,0.0,0.0,6,5,1,1,0,0
L103709,2026-06-03,Crossover,Locadora A,Nordeste,Supervisor B,SDR E,,,,,,Lead,0.0,0.0,6,5,0,0,0,0
L103710,2026-03-07,Crossover,Locadora A,Sul,Supervisor B,SDR A,2026-03-12,,,,,Pedido,0.0,0.0,6,5,1,0,0,0
L103711,2026-06-30,C2C,Locadora A,Sudeste,Supervisor B,SDR A,,,,,,Lead,0.0,0.0,6,5,0,0,0,0
L103712,2026-05-27,Inbound,Locadora A,Sudeste,Supervisor D,SDR H,2026-05-28,2026-05-31,2026-06-03,2026-06-09,,Formalizado,69333.32,0.0,6,5,1,1,1,0
L103713,2026-02-10,Inbound,Locadora A,Sul,Supervisor A,SDR E,2026-02-12,2026-02-14,2026-02-17,,,Aprovado,0.0,0.0,6,5,1,1,0,0
L103714,2026-05-12,Inbound,Locadora A,Sul,Supervisor C,SDR H,,,,,,Lead,0.0,0.0,6,5,0,0,0,0
L103715,2026-02-21,C2C,Locadora A,Nordeste,Supervisor D,SDR A,2026-02-24,2026-02-25,2026-02-27,2026-03-03,2026-03-12,Assinado,41572.31,37701.89,6,5,1,1,1,1
L103716,2026-03-05,Farmer,Locadora A,Sul,Supervisor A,SDR F,,,,,,Lead,0.0,0.0,6,5,0,0,0,0
L103717,2026-02-15,C2C,Locadora A,Sudeste,Supervisor D,SDR C,,,,,,Lead,0.0,0.0,6,5,0,0,0,0
L103718,2026-05-04,Inbound,Locadora A,Sudeste,Supervisor C,SDR C,,,,,,Lead,0.0,0.0,6,5,0,0,0,0
L103719,2026-02-17,Inbound,Locadora A,Sudeste,Supervisor B,SDR F,,,,,,Lead,0.0,0.0,6,5,0,0,0,0
L103720,2026-04-26,Inbound,Locadora A,Norte,Supervisor A,SDR D,,,,,,Lead,0.0,0.0,6,5,0,0,0,0
L103721,2026-04-16,Inbound,Locadora A,Nordeste,Supervisor D,SDR B,,,,,,Lead,0.0,0.0,6,5,0,0,0,0
L103722,2026-05-16,Inbound,Locadora A,Nordeste,Supervisor A,SDR H,,,,,,Lead,0.0,0.0,6,5,0,0,0,0
L103723,2026-06-29,Crossover,Locadora B,Nordeste,Supervisor D,SDR F,,,,,,Lead,0.0,0.0,6,5,0,0,0,0
L103724,2026-01-02,Inbound,Locadora A,Sudeste,Supervisor C,SDR C,,,,,,Lead,0.0,0.0,6,5,0,0,0,0
L103725,2026-06-29,Inbound,Locadora A,Centro-Oeste,Supervisor D,SDR E,2026-07-02,2026-07-05,2026-07-07,,,Aprovado,0.0,0.0,6,5,1,1,0,0
L103726,2026-01-20,Crossover,Locadora B,Centro-Oeste,Supervisor B,SDR B,,,,,,Lead,0.0,0.0,6,5,0,0,0,0
L103727,2026-04-06,Inbound,Locadora A,Sudeste,Supervisor A,SDR D,,,,,,Lead,0.0,0.0,6,5,0,0,0,0
L103728,2026-03-03,Farmer,Locadora A,Sul,Supervisor C,SDR D,,,,,,Lead,0.0,0.0,6,5,0,0,0,0
L103729,2026-04-26,Inbound,Locadora A,Centro-Oeste,Supervisor B,SDR C,,,,,,Lead,0.0,0.0,6,5,0,0,0,0
L103730,2026-05-11,Farmer,Locadora B,Nordeste,Supervisor C,SDR D,2026-05-15,2026-05-19,,,,Análise de Crédito,0.0,0.0,6,5,1,0,0,0
L103731,2026-06-05,Inbound,Locadora A,Sudeste,Supervisor B,SDR H,,,,,,Lead,0.0,0.0,6,5,0,0,0,0
L103732,2026-03-14,C2C,Locadora A,Nordeste,Supervisor B,SDR A,,,,,,Lead,0.0,0.0,6,5,0,0,0,0
L103733,2026-06-18,Farmer,Locadora B,Norte,Supervisor C,SDR E,,,,,,Lead,0.0,0.0,6,5,0,0,0,0
L103734,2026-02-28,Crossover,Locadora B,Norte,Supervisor C,SDR H,,,,,,Lead,0.0,0.0,6,5,0,0,0,0
L103735,2026-02-06,C2C,Locadora B,Sudeste,Supervisor C,SDR H,2026-02-07,2026-02-09,2026-02-11,,,Aprovado,0.0,0.0,6,5,1,1,0,0
L103736,2026-03-10,Crossover,Locadora A,Sudeste,Supervisor C,SDR H,,,,,,Lead,0.0,0.0,6,5,0,0,0,0
L103737,2026-04-06,Inbound,Locadora B,Centro-Oeste,Supervisor C,SDR D,2026-04-11,2026-04-12,2026-04-14,2026-04-18,2026-04-21,Assinado,70030.82,66054.12,6,5,1,1,1,1
L103738,2026-05-01,Farmer,Locadora A,Sudeste,Supervisor B,SDR E,,,,,,Lead,0.0,0.0,6,5,0,0,0,0
L103739,2026-05-31,Inbound,Locadora A,Sudeste,Supervisor D,SDR E,,,,,,Lead,0.0,0.0,6,5,0,0,0,0
L103740,2026-02-10,Inbound,Locadora B,Centro-Oeste,Supervisor A,SDR G,,,,,,Lead,0.0,0.0,6,5,0,0,0,0
L103741,2026-02-24,Inbound,Locadora A,Sudeste,Supervisor D,SDR H,,,,,,Lead,0.0,0.0,6,5,0,0,0,0
L103742,2026-06-19,Crossover,Locadora A,Sudeste,Supervisor D,SDR C,,,,,,Lead,0.0,0.0,6,5,0,0,0,0
L103743,2026-03-21,Crossover,Locadora A,Norte,Supervisor C,SDR A,2026-03-26,2026-03-29,,,,Análise de Crédito,0.0,0.0,6,5,1,0,0,0
L103744,2026-02-13,Crossover,Locadora B,Sudeste,Supervisor A,SDR C,2026-02-16,2026-02-17,,,,Análise de Crédito,0.0,0.0,6,5,1,0,0,0
L103745,2026-06-28,Crossover,Locadora A,Nordeste,Supervisor D,SDR C,,,,,,Lead,0.0,0.0,6,5,0,0,0,0
L103746,2026-03-23,Inbound,Locadora B,Sudeste,Supervisor C,SDR C,,,,,,Lead,0.0,0.0,6,5,0,0,0,0
L103747,2026-06-28,Inbound,Locadora A,Sudeste,Supervisor D,SDR H,,,,,,Lead,0.0,0.0,6,5,0,0,0,0
L103748,2026-06-16,Inbound,Locadora A,Sudeste,Supervisor A,SDR B,,,,,,Lead,0.0,0.0,6,5,0,0,0,0
L103749,2026-06-14,Inbound,Locadora A,Sudeste,Supervisor B,SDR D,,,,,,Lead,0.0,0.0,6,5,0,0,0,0
L103750,2026-04-16,Crossover,Locadora B,Sudeste,Supervisor B,SDR C,,,,,,Lead,0.0,0.0,6,5,0,0,0,0
L103751,2026-05-25,Inbound,Locadora A,Nordeste,Supervisor D,SDR C,,,,,,Lead,0.0,0.0,6,5,0,0,0,0
L103752,2026-06-23,Farmer,Locadora A,Nordeste,Supervisor B,SDR B,,,,,,Lead,0.0,0.0,6,5,0,0,0,0
L103753,2026-02-18,C2C,Locadora A,Sudeste,Supervisor A,SDR H,,,,,,Lead,0.0,0.0,6,5,0,0,0,0
L103754,2026-01-07,Inbound,Locadora B,Sudeste,Supervisor C,SDR F,,,,,,Lead,0.0,0.0,6,5,0,0,0,0
L103755,2026-02-28,Crossover,Locadora B,Centro-Oeste,Supervisor A,SDR A,2026-03-03,2026-03-07,,,,Análise de Crédito,0.0,0.0,6,5,1,0,0,0
L103756,2026-04-26,Farmer,Locadora A,Sul,Supervisor B,SDR F,,,,,,Lead,0.0,0.0,6,5,0,0,0,0
L103757,2026-04-10,C2C,Locadora A,Sudeste,Supervisor D,SDR E,,,,,,Lead,0.0,0.0,6,5,0,0,0,0
L103758,2026-01-15,Inbound,Locadora A,Sudeste,Supervisor B,SDR C,,,,,,Lead,0.0,0.0,6,5,0,0,0,0
L103759,2026-04-12,Inbound,Locadora A,Sudeste,Supervisor B,SDR G,,,,,,Lead,0.0,0.0,6,5,0,0,0,0
L103760,2026-02-01,Crossover,Locadora B,Sul,Supervisor A,SDR G,,,,,,Lead,0.0,0.0,6,5,0,0,0,0
L103761,2026-04-02,Inbound,Locadora A,Sudeste,Supervisor B,SDR G,2026-04-05,2026-04-07,,,,Análise de Crédito,0.0,0.0,6,5,1,0,0,0
L103762,2026-04-15,C2C,Locadora A,Centro-Oeste,Supervisor D,SDR F,2026-04-16,2026-04-18,2026-04-22,2026-04-27,,Formalizado,42125.24,0.0,6,5,1,1,1,0
L103763,2026-04-26,Inbound,Locadora A,Sudeste,Supervisor D,SDR D,,,,,,Lead,0.0,0.0,6,5,0,0,0,0
L103764,2026-03-16,Inbound,Locadora A,Sudeste,Supervisor D,SDR B,,,,,,Lead,0.0,0.0,6,5,0,0,0,0
L103765,2026-03-15,Inbound,Locadora A,Sul,Supervisor B,SDR A,,,,,,Lead,0.0,0.0,6,5,0,0,0,0
L103766,2026-05-03,C2C,Locadora A,Sudeste,Supervisor A,SDR H,,,,,,Lead,0.0,0.0,6,5,0,0,0,0
L103767,2026-05-16,Inbound,Locadora A,Nordeste,Supervisor A,SDR G,2026-05-17,2026-05-19,2026-05-23,,,Aprovado,0.0,0.0,6,5,1,1,0,0
L103768,2026-05-27,Farmer,Locadora A,Centro-Oeste,Supervisor A,SDR B,2026-05-31,2026-06-03,2026-06-06,,,Aprovado,0.0,0.0,6,5,1,1,0,0
L103769,2026-03-02,Inbound,Locadora A,Nordeste,Supervisor A,SDR G,2026-03-03,2026-03-04,2026-03-06,,,Aprovado,0.0,0.0,6,5,1,1,0,0
L103770,2026-03-18,Inbound,Locadora A,Sul,Supervisor C,SDR A,,,,,,Lead,0.0,0.0,6,5,0,0,0,0
L103771,2026-03-01,Inbound,Locadora A,Sudeste,Supervisor C,SDR B,,,,,,Lead,0.0,0.0,6,5,0,0,0,0
L103772,2026-04-06,Inbound,Locadora A,Sudeste,Supervisor C,SDR B,,,,,,Lead,0.0,0.0,6,5,0,0,0,0
L103773,2026-01-24,C2C,Locadora A,Sul,Supervisor A,SDR C,,,,,,Lead,0.0,0.0,6,5,0,0,0,0
L103774,2026-03-19,Inbound,Locadora A,Sul,Supervisor C,SDR C,,,,,,Lead,0.0,0.0,6,5,0,0,0,0
L103775,2026-02-04,Inbound,Locadora A,Sudeste,Supervisor A,SDR E,,,,,,Lead,0.0,0.0,6,5,0,0,0,0
L103776,2026-04-07,Inbound,Locadora A,Sudeste,Supervisor C,SDR D,,,,,,Lead,0.0,0.0,6,5,0,0,0,0
L103777,2026-06-03,Inbound,Locadora A,Sudeste,Supervisor D,SDR A,,,,,,Lead,0.0,0.0,6,5,0,0,0,0
L103778,2026-06-28,Inbound,Locadora A,Sudeste,Supervisor B,SDR B,,,,,,Lead,0.0,0.0,6,5,0,0,0,0
L103779,2026-03-22,Farmer,Locadora B,Sudeste,Supervisor B,SDR G,,,,,,Lead,0.0,0.0,6,5,0,0,0,0
L103780,2026-01-11,Inbound,Locadora A,Sul,Supervisor B,SDR E,,,,,,Lead,0.0,0.0,6,5,0,0,0,0
L103781,2026-02-11,Inbound,Locadora A,Norte,Supervisor C,SDR H,,,,,,Lead,0.0,0.0,6,5,0,0,0,0
L103782,2026-01-19,Inbound,Locadora A,Sudeste,Supervisor C,SDR B,,,,,,Lead,0.0,0.0,6,5,0,0,0,0
L103783,2026-05-18,Crossover,Locadora A,Sudeste,Supervisor A,SDR C,,,,,,Lead,0.0,0.0,6,5,0,0,0,0
L103784,2026-06-28,Inbound,Locadora A,Sudeste,Supervisor B,SDR B,,,,,,Lead,0.0,0.0,6,5,0,0,0,0
L103785,2026-04-11,Inbound,Locadora A,Sudeste,Supervisor C,SDR H,2026-04-16,2026-04-19,2026-04-20,2026-04-23,,Formalizado,85283.58,0.0,6,5,1,1,1,0
L103786,2026-02-02,Inbound,Locadora A,Centro-Oeste,Supervisor C,SDR B,2026-02-04,2026-02-07,,,,Análise de Crédito,0.0,0.0,6,5,1,0,0,0
L103787,2026-01-04,Inbound,Locadora B,Sudeste,Supervisor C,SDR G,2026-01-08,2026-01-10,,,,Análise de Crédito,0.0,0.0,6,5,1,0,0,0
L103788,2026-06-26,Farmer,Locadora B,Norte,Supervisor C,SDR B,,,,,,Lead,0.0,0.0,6,5,0,0,0,0
L103789,2026-02-27,C2C,Locadora A,Nordeste,Supervisor B,SDR F,,,,,,Lead,0.0,0.0,6,5,0,0,0,0
L103790,2026-01-21,Inbound,Locadora A,Sul,Supervisor C,SDR D,,,,,,Lead,0.0,0.0,6,5,0,0,0,0
L103791,2026-02-02,Inbound,Locadora A,Norte,Supervisor B,SDR H,,,,,,Lead,0.0,0.0,6,5,0,0,0,0
L103792,2026-02-16,Inbound,Locadora A,Sul,Supervisor B,SDR A,2026-02-18,2026-02-22,2026-02-23,2026-03-02,,Formalizado,34095.06,0.0,6,5,1,1,1,0
L103793,2026-04-29,Inbound,Locadora A,Norte,Supervisor B,SDR C,,,,,,Lead,0.0,0.0,6,5,0,0,0,0
L103794,2026-06-11,Inbound,Locadora A,Sudeste,Supervisor B,SDR F,,,,,,Lead,0.0,0.0,6,5,0,0,0,0
L103795,2026-02-19,Inbound,Locadora A,Norte,Supervisor A,SDR H,,,,,,Lead,0.0,0.0,6,5,0,0,0,0
L103796,2026-05-05,Farmer,Locadora B,Sudeste,Supervisor A,SDR E,,,,,,Lead,0.0,0.0,6,5,0,0,0,0
L103797,2026-01-12,Inbound,Locadora A,Sudeste,Supervisor A,SDR A,2026-01-17,2026-01-20,2026-01-21,2026-01-23,,Formalizado,85895.49,0.0,6,5,1,1,1,0
L103798,2026-01-02,Inbound,Locadora A,Norte,Supervisor B,SDR F,,,,,,Lead,0.0,0.0,6,5,0,0,0,0
L103799,2026-01-10,Crossover,Locadora A,Sudeste,Supervisor B,SDR D,,,,,,Lead,0.0,0.0,6,5,0,0,0,0
L103800,2026-06-17,Inbound,Locadora B,Sudeste,Supervisor A,SDR G,,,,,,Lead,0.0,0.0,6,5,0,0,0,0
L103801,2026-04-16,Inbound,Locadora A,Sudeste,Supervisor A,SDR E,2026-04-18,2026-04-19,2026-04-21,2026-04-28,2026-05-05,Assinado,96375.32,93012.88,6,5,1,1,1,1
L103802,2026-05-26,Inbound,Locadora A,Sudeste,Supervisor C,SDR H,,,,,,Lead,0.0,0.0,6,5,0,0,0,0
L103803,2026-01-04,Inbound,Locadora A,Sudeste,Supervisor A,SDR A,2026-01-07,2026-01-08,2026-01-11,,,Aprovado,0.0,0.0,6,5,1,1,0,0
L103804,2026-01-05,C2C,Locadora A,Sudeste,Supervisor D,SDR E,2026-01-08,2026-01-12,,,,Análise de Crédito,0.0,0.0,6,5,1,0,0,0
L103805,2026-06-03,Farmer,Locadora A,Sul,Supervisor A,SDR F,,,,,,Lead,0.0,0.0,6,5,0,0,0,0
L103806,2026-01-19,Inbound,Locadora B,Nordeste,Supervisor B,SDR D,,,,,,Lead,0.0,0.0,6,5,0,0,0,0
L103807,2026-01-29,C2C,Locadora B,Sudeste,Supervisor D,SDR D,2026-02-02,2026-02-05,2026-02-07,2026-02-09,,Formalizado,64592.46,0.0,6,5,1,1,1,0
L103808,2026-04-04,Inbound,Locadora B,Nordeste,Supervisor A,SDR F,,,,,,Lead,0.0,0.0,6,5,0,0,0,0
L103809,2026-04-20,Farmer,Locadora A,Sul,Supervisor B,SDR D,,,,,,Lead,0.0,0.0,6,5,0,0,0,0
L103810,2026-02-11,Inbound,Locadora A,Centro-Oeste,Supervisor B,SDR D,,,,,,Lead,0.0,0.0,6,5,0,0,0,0
L103811,2026-03-22,Inbound,Locadora A,Centro-Oeste,Supervisor C,SDR E,,,,,,Lead,0.0,0.0,6,5,0,0,0,0
L103812,2026-05-03,Inbound,Locadora A,Nordeste,Supervisor D,SDR G,,,,,,Lead,0.0,0.0,6,5,0,0,0,0
L103813,2026-03-22,Crossover,Locadora A,Sudeste,Supervisor C,SDR B,2026-03-25,2026-03-27,,,,Análise de Crédito,0.0,0.0,6,5,1,0,0,0
L103814,2026-03-11,Inbound,Locadora A,Sul,Supervisor B,SDR G,,,,,,Lead,0.0,0.0,6,5,0,0,0,0
L103815,2026-01-13,Inbound,Locadora A,Nordeste,Supervisor B,SDR B,,,,,,Lead,0.0,0.0,6,5,0,0,0,0
L103816,2026-03-23,Inbound,Locadora B,Centro-Oeste,Supervisor C,SDR A,,,,,,Lead,0.0,0.0,6,5,0,0,0,0
L103817,2026-05-26,Inbound,Locadora B,Sudeste,Supervisor B,SDR B,,,,,,Lead,0.0,0.0,6,5,0,0,0,0
L103818,2026-04-24,Crossover,Locadora A,Sul,Supervisor C,SDR A,2026-04-25,2026-04-27,2026-05-01,,,Aprovado,0.0,0.0,6,5,1,1,0,0
L103819,2026-06-11,C2C,Locadora A,Nordeste,Supervisor B,SDR H,,,,,,Lead,0.0,0.0,6,5,0,0,0,0
L103820,2026-01-23,Inbound,Locadora A,Sudeste,Supervisor A,SDR C,,,,,,Lead,0.0,0.0,6,5,0,0,0,0
L103821,2026-01-02,C2C,Locadora A,Sul,Supervisor C,SDR G,,,,,,Lead,0.0,0.0,6,5,0,0,0,0
L103822,2026-04-10,Inbound,Locadora A,Nordeste,Supervisor B,SDR B,,,,,,Lead,0.0,0.0,6,5,0,0,0,0
L103823,2026-02-02,Crossover,Locadora A,Sul,Supervisor B,SDR E,,,,,,Lead,0.0,0.0,6,5,0,0,0,0
L103824,2026-04-18,Inbound,Locadora A,Sudeste,Supervisor B,SDR D,,,,,,Lead,0.0,0.0,6,5,0,0,0,0
L103825,2026-06-13,Inbound,Locadora B,Sul,Supervisor A,SDR F,2026-06-14,2026-06-17,2026-06-20,,,Aprovado,0.0,0.0,6,5,1,1,0,0
L103826,2026-03-03,Crossover,Locadora B,Sul,Supervisor B,SDR H,,,,,,Lead,0.0,0.0,6,5,0,0,0,0
L103827,2026-04-10,C2C,Locadora A,Sudeste,Supervisor D,SDR F,,,,,,Lead,0.0,0.0,6,5,0,0,0,0
L103828,2026-05-04,Inbound,Locadora A,Centro-Oeste,Supervisor B,SDR F,2026-05-06,2026-05-08,2026-05-10,,,Aprovado,0.0,0.0,6,5,1,1,0,0
L103829,2026-01-28,Farmer,Locadora A,Sudeste,Supervisor C,SDR C,2026-02-01,2026-02-05,2026-02-08,,,Aprovado,0.0,0.0,6,5,1,1,0,0
L103830,2026-06-12,Inbound,Locadora A,Nordeste,Supervisor B,SDR A,,,,,,Lead,0.0,0.0,6,5,0,0,0,0
L103831,2026-02-06,Inbound,Locadora A,Nordeste,Supervisor A,SDR A,,,,,,Lead,0.0,0.0,6,5,0,0,0,0
L103832,2026-05-27,Inbound,Locadora A,Nordeste,Supervisor D,SDR C,,,,,,Lead,0.0,0.0,6,5,0,0,0,0
L103833,2026-04-30,C2C,Locadora A,Sul,Supervisor D,SDR E,,,,,,Lead,0.0,0.0,6,5,0,0,0,0
L103834,2026-01-26,Inbound,Locadora A,Sudeste,Supervisor A,SDR A,,,,,,Lead,0.0,0.0,6,5,0,0,0,0
L103835,2026-05-12,Inbound,Locadora A,Centro-Oeste,Supervisor A,SDR C,2026-05-17,2026-05-18,2026-05-19,2026-05-22,2026-05-29,Assinado,44382.58,42170.32,6,5,1,1,1,1
L103836,2026-02-05,Crossover,Locadora B,Sudeste,Supervisor D,SDR F,,,,,,Lead,0.0,0.0,6,5,0,0,0,0
L103837,2026-04-19,Inbound,Locadora A,Sul,Supervisor A,SDR G,,,,,,Lead,0.0,0.0,6,5,0,0,0,0
L103838,2026-06-23,C2C,Locadora A,Sudeste,Supervisor D,SDR H,,,,,,Lead,0.0,0.0,6,5,0,0,0,0
L103839,2026-06-22,C2C,Locadora B,Sul,Supervisor A,SDR B,,,,,,Lead,0.0,0.0,6,5,0,0,0,0
L103840,2026-06-07,Inbound,Locadora A,Centro-Oeste,Supervisor D,SDR A,,,,,,Lead,0.0,0.0,6,5,0,0,0,0
L103841,2026-03-31,C2C,Locadora A,Sudeste,Supervisor D,SDR E,,,,,,Lead,0.0,0.0,6,5,0,0,0,0
L103842,2026-04-12,Farmer,Locadora B,Sudeste,Supervisor A,SDR H,2026-04-16,2026-04-18,2026-04-22,,,Aprovado,0.0,0.0,6,5,1,1,0,0
L103843,2026-02-24,Inbound,Locadora A,Sudeste,Supervisor A,SDR D,2026-03-01,2026-03-02,2026-03-03,,,Aprovado,0.0,0.0,6,5,1,1,0,0
L103844,2026-06-16,Inbound,Locadora A,Sudeste,Supervisor A,SDR H,,,,,,Lead,0.0,0.0,6,5,0,0,0,0
L103845,2026-03-28,Crossover,Locadora A,Sudeste,Supervisor D,SDR F,,,,,,Lead,0.0,0.0,6,5,0,0,0,0
L103846,2026-05-20,Inbound,Locadora A,Nordeste,Supervisor B,SDR H,,,,,,Lead,0.0,0.0,6,5,0,0,0,0
L103847,2026-03-07,Inbound,Locadora B,Nordeste,Supervisor C,SDR H,,,,,,Lead,0.0,0.0,6,5,0,0,0,0
L103848,2026-05-15,Inbound,Locadora A,Norte,Supervisor C,SDR A,,,,,,Lead,0.0,0.0,6,5,0,0,0,0
L103849,2026-02-10,C2C,Locadora A,Sudeste,Supervisor C,SDR D,,,,,,Lead,0.0,0.0,6,5,0,0,0,0
L103850,2026-05-13,C2C,Locadora A,Sudeste,Supervisor A,SDR A,,,,,,Lead,0.0,0.0,6,5,0,0,0,0
L103851,2026-01-09,Inbound,Locadora B,Sul,Supervisor B,SDR A,,,,,,Lead,0.0,0.0,6,5,0,0,0,0
L103852,2026-01-19,Inbound,Locadora A,Centro-Oeste,Supervisor C,SDR D,2026-01-22,2026-01-23,2026-01-26,2026-02-01,2026-02-04,Assinado,61249.03,57684.42,6,5,1,1,1,1
L103853,2026-03-05,Inbound,Locadora A,Centro-Oeste,Supervisor A,SDR F,,,,,,Lead,0.0,0.0,6,5,0,0,0,0
L103854,2026-03-29,Crossover,Locadora B,Nordeste,Supervisor B,SDR H,2026-03-31,2026-04-04,2026-04-07,2026-04-08,2026-04-11,Assinado,47884.18,41382.73,6,5,1,1,1,1
L103855,2026-05-09,Inbound,Locadora A,Sul,Supervisor C,SDR B,,,,,,Lead,0.0,0.0,6,5,0,0,0,0
L103856,2026-03-06,Inbound,Locadora A,Sul,Supervisor B,SDR A,2026-03-10,2026-03-14,2026-03-18,,,Aprovado,0.0,0.0,6,5,1,1,0,0
L103857,2026-01-04,Inbound,Locadora A,Norte,Supervisor B,SDR A,,,,,,Lead,0.0,0.0,6,5,0,0,0,0
L103858,2026-02-28,Inbound,Locadora B,Sudeste,Supervisor D,SDR H,2026-03-01,,,,,Pedido,0.0,0.0,6,5,1,0,0,0
L103859,2026-03-21,Crossover,Locadora A,Nordeste,Supervisor C,SDR F,,,,,,Lead,0.0,0.0,6,5,0,0,0,0
L103860,2026-04-09,Inbound,Locadora A,Centro-Oeste,Supervisor C,SDR D,,,,,,Lead,0.0,0.0,6,5,0,0,0,0
L103861,2026-04-27,C2C,Locadora B,Sudeste,Supervisor A,SDR A,,,,,,Lead,0.0,0.0,6,5,0,0,0,0
L103862,2026-02-14,Crossover,Locadora A,Norte,Supervisor D,SDR C,,,,,,Lead,0.0,0.0,6,5,0,0,0,0
L103863,2026-04-21,Inbound,Locadora A,Nordeste,Supervisor D,SDR B,2026-04-23,,,,,Pedido,0.0,0.0,6,5,1,0,0,0
L103864,2026-04-25,Inbound,Locadora A,Centro-Oeste,Supervisor D,SDR A,,,,,,Lead,0.0,0.0,6,5,0,0,0,0
L103865,2026-05-21,Inbound,Locadora B,Sudeste,Supervisor C,SDR D,,,,,,Lead,0.0,0.0,6,5,0,0,0,0
L103866,2026-04-05,Inbound,Locadora A,Sudeste,Supervisor C,SDR E,2026-04-08,2026-04-10,2026-04-14,,,Aprovado,0.0,0.0,6,5,1,1,0,0
L103867,2026-05-27,Crossover,Locadora A,Centro-Oeste,Supervisor C,SDR D,,,,,,Lead,0.0,0.0,6,5,0,0,0,0
L103868,2026-02-10,Inbound,Locadora A,Sudeste,Supervisor C,SDR G,,,,,,Lead,0.0,0.0,6,5,0,0,0,0
L103869,2026-05-09,Inbound,Locadora A,Sudeste,Supervisor B,SDR H,,,,,,Lead,0.0,0.0,6,5,0,0,0,0
L103870,2026-01-09,Inbound,Locadora B,Sudeste,Supervisor C,SDR A,,,,,,Lead,0.0,0.0,6,5,0,0,0,0
L103871,2026-01-19,Inbound,Locadora A,Sudeste,Supervisor B,SDR C,,,,,,Lead,0.0,0.0,6,5,0,0,0,0
L103872,2026-06-06,Inbound,Locadora A,Centro-Oeste,Supervisor D,SDR E,,,,,,Lead,0.0,0.0,6,5,0,0,0,0
L103873,2026-03-27,Inbound,Locadora B,Sul,Supervisor B,SDR D,,,,,,Lead,0.0,0.0,6,5,0,0,0,0
L103874,2026-04-23,Inbound,Locadora A,Sudeste,Supervisor B,SDR D,2026-04-28,2026-04-30,2026-05-04,,,Aprovado,0.0,0.0,6,5,1,1,0,0
L103875,2026-04-20,Inbound,Locadora A,Sul,Supervisor A,SDR F,,,,,,Lead,0.0,0.0,6,5,0,0,0,0
L103876,2026-05-06,Crossover,Locadora B,Sudeste,Supervisor D,SDR B,,,,,,Lead,0.0,0.0,6,5,0,0,0,0
L103877,2026-02-14,Inbound,Locadora A,Sudeste,Supervisor C,SDR G,2026-02-18,2026-02-19,,,,Análise de Crédito,0.0,0.0,6,5,1,0,0,0
L103878,2026-02-02,Inbound,Locadora A,Sul,Supervisor A,SDR C,,,,,,Lead,0.0,0.0,6,5,0,0,0,0
L103879,2026-01-08,Crossover,Locadora A,Sul,Supervisor A,SDR C,,,,,,Lead,0.0,0.0,6,5,0,0,0,0
L103880,2026-06-06,Crossover,Locadora A,Sudeste,Supervisor D,SDR B,,,,,,Lead,0.0,0.0,6,5,0,0,0,0
L103881,2026-02-10,Inbound,Locadora A,Sul,Supervisor A,SDR F,,,,,,Lead,0.0,0.0,6,5,0,0,0,0
L103882,2026-04-15,Inbound,Locadora A,Sudeste,Supervisor B,SDR F,,,,,,Lead,0.0,0.0,6,5,0,0,0,0
L103883,2026-03-24,Farmer,Locadora B,Sul,Supervisor A,SDR E,,,,,,Lead,0.0,0.0,6,5,0,0,0,0
L103884,2026-01-30,C2C,Locadora B,Sudeste,Supervisor C,SDR D,,,,,,Lead,0.0,0.0,6,5,0,0,0,0
L103885,2026-03-16,C2C,Locadora B,Centro-Oeste,Supervisor A,SDR C,,,,,,Lead,0.0,0.0,6,5,0,0,0,0
L103886,2026-01-16,Inbound,Locadora A,Sul,Supervisor B,SDR F,,,,,,Lead,0.0,0.0,6,5,0,0,0,0
L103887,2026-02-01,Inbound,Locadora A,Sudeste,Supervisor C,SDR A,,,,,,Lead,0.0,0.0,6,5,0,0,0,0
L103888,2026-01-26,Inbound,Locadora B,Centro-Oeste,Supervisor B,SDR C,2026-01-31,2026-02-02,,,,Análise de Crédito,0.0,0.0,6,5,1,0,0,0
L103889,2026-05-30,Inbound,Locadora A,Nordeste,Supervisor C,SDR F,2026-06-04,,,,,Pedido,0.0,0.0,6,5,1,0,0,0
L103890,2026-04-13,Inbound,Locadora A,Sudeste,Supervisor C,SDR F,,,,,,Lead,0.0,0.0,6,5,0,0,0,0
L103891,2026-06-17,Inbound,Locadora B,Sul,Supervisor B,SDR C,,,,,,Lead,0.0,0.0,6,5,0,0,0,0
L103892,2026-03-20,Crossover,Locadora A,Nordeste,Supervisor B,SDR C,,,,,,Lead,0.0,0.0,6,5,0,0,0,0
L103893,2026-02-06,Inbound,Locadora A,Sudeste,Supervisor B,SDR C,2026-02-08,2026-02-10,,,,Análise de Crédito,0.0,0.0,6,5,1,0,0,0
L103894,2026-04-21,Crossover,Locadora A,Nordeste,Supervisor B,SDR H,,,,,,Lead,0.0,0.0,6,5,0,0,0,0
L103895,2026-06-18,Crossover,Locadora A,Sudeste,Supervisor C,SDR E,2026-06-22,2026-06-23,2026-06-26,2026-07-01,2026-07-05,Assinado,107224.91,94839.41,6,5,1,1,1,1
L103896,2026-04-07,C2C,Locadora A,Centro-Oeste,Supervisor D,SDR A,,,,,,Lead,0.0,0.0,6,5,0,0,0,0
L103897,2026-01-04,Crossover,Locadora A,Nordeste,Supervisor C,SDR B,,,,,,Lead,0.0,0.0,6,5,0,0,0,0
L103898,2026-02-24,Inbound,Locadora B,Norte,Supervisor A,SDR A,,,,,,Lead,0.0,0.0,6,5,0,0,0,0
L103899,2026-06-17,C2C,Locadora A,Sul,Supervisor D,SDR B,,,,,,Lead,0.0,0.0,6,5,0,0,0,0
L103900,2026-04-04,Inbound,Locadora A,Centro-Oeste,Supervisor D,SDR B,,,,,,Lead,0.0,0.0,6,5,0,0,0,0
L103901,2026-06-22,Inbound,Locadora A,Sudeste,Supervisor D,SDR D,,,,,,Lead,0.0,0.0,6,5,0,0,0,0
L103902,2026-04-03,Inbound,Locadora B,Sudeste,Supervisor A,SDR F,,,,,,Lead,0.0,0.0,6,5,0,0,0,0
L103903,2026-01-03,Inbound,Locadora B,Nordeste,Supervisor D,SDR H,,,,,,Lead,0.0,0.0,6,5,0,0,0,0
L103904,2026-06-08,Inbound,Locadora A,Sudeste,Supervisor B,SDR E,,,,,,Lead,0.0,0.0,6,5,0,0,0,0
L103905,2026-05-19,Farmer,Locadora B,Nordeste,Supervisor D,SDR G,2026-05-22,2026-05-25,2026-05-27,2026-05-30,2026-06-02,Assinado,105084.53,105281.75,6,5,1,1,1,1
L103906,2026-05-10,Farmer,Locadora B,Sudeste,Supervisor D,SDR F,,,,,,Lead,0.0,0.0,6,5,0,0,0,0
L103907,2026-06-25,Farmer,Locadora A,Sudeste,Supervisor D,SDR C,,,,,,Lead,0.0,0.0,6,5,0,0,0,0
L103908,2026-02-05,C2C,Locadora A,Sudeste,Supervisor A,SDR E,,,,,,Lead,0.0,0.0,6,5,0,0,0,0
L103909,2026-06-13,Inbound,Locadora A,Sul,Supervisor C,SDR C,,,,,,Lead,0.0,0.0,6,5,0,0,0,0
L103910,2026-02-12,Farmer,Locadora A,Sudeste,Supervisor C,SDR C,,,,,,Lead,0.0,0.0,6,5,0,0,0,0
L103911,2026-06-25,Inbound,Locadora A,Sudeste,Supervisor C,SDR H,2026-06-30,2026-07-01,2026-07-02,,,Aprovado,0.0,0.0,6,5,1,1,0,0
L103912,2026-02-04,Inbound,Locadora A,Norte,Supervisor D,SDR H,2026-02-07,2026-02-08,2026-02-10,2026-02-13,2026-02-14,Assinado,86437.57,84492.79,6,5,1,1,1,1
L103913,2026-04-10,Farmer,Locadora B,Nordeste,Supervisor C,SDR F,,,,,,Lead,0.0,0.0,6,5,0,0,0,0
L103914,2026-05-23,Farmer,Locadora A,Centro-Oeste,Supervisor A,SDR E,,,,,,Lead,0.0,0.0,6,5,0,0,0,0
L103915,2026-01-15,C2C,Locadora B,Sudeste,Supervisor A,SDR F,,,,,,Lead,0.0,0.0,6,5,0,0,0,0
L103916,2026-01-13,Inbound,Locadora A,Sudeste,Supervisor C,SDR G,2026-01-14,2026-01-17,2026-01-21,,,Aprovado,0.0,0.0,6,5,1,1,0,0
L103917,2026-06-03,Inbound,Locadora B,Centro-Oeste,Supervisor B,SDR A,,,,,,Lead,0.0,0.0,6,5,0,0,0,0
L103918,2026-01-11,Inbound,Locadora A,Sudeste,Supervisor B,SDR C,2026-01-14,2026-01-17,2026-01-18,,,Aprovado,0.0,0.0,6,5,1,1,0,0
L103919,2026-04-22,Inbound,Locadora A,Sudeste,Supervisor D,SDR A,,,,,,Lead,0.0,0.0,6,5,0,0,0,0
L103920,2026-06-19,Farmer,Locadora A,Norte,Supervisor A,SDR E,,,,,,Lead,0.0,0.0,6,5,0,0,0,0
L103921,2026-04-22,Farmer,Locadora B,Sudeste,Supervisor C,SDR C,,,,,,Lead,0.0,0.0,6,5,0,0,0,0
L103922,2026-03-29,Inbound,Locadora A,Nordeste,Supervisor B,SDR C,,,,,,Lead,0.0,0.0,6,5,0,0,0,0
L103923,2026-03-17,Inbound,Locadora A,Sudeste,Supervisor A,SDR G,,,,,,Lead,0.0,0.0,6,5,0,0,0,0
L103924,2026-04-26,Inbound,Locadora B,Sudeste,Supervisor B,SDR B,,,,,,Lead,0.0,0.0,6,5,0,0,0,0
L103925,2026-04-14,Inbound,Locadora A,Sudeste,Supervisor B,SDR H,,,,,,Lead,0.0,0.0,6,5,0,0,0,0
L103926,2026-04-01,Inbound,Locadora A,Norte,Supervisor B,SDR D,,,,,,Lead,0.0,0.0,6,5,0,0,0,0
L103927,2026-01-28,C2C,Locadora A,Sul,Supervisor A,SDR B,,,,,,Lead,0.0,0.0,6,5,0,0,0,0
L103928,2026-04-30,Inbound,Locadora A,Centro-Oeste,Supervisor C,SDR B,,,,,,Lead,0.0,0.0,6,5,0,0,0,0
L103929,2026-05-14,C2C,Locadora A,Sudeste,Supervisor B,SDR F,,,,,,Lead,0.0,0.0,6,5,0,0,0,0
L103930,2026-05-09,Inbound,Locadora A,Nordeste,Supervisor C,SDR H,2026-05-12,2026-05-14,,,,Análise de Crédito,0.0,0.0,6,5,1,0,0,0
L103931,2026-01-14,Farmer,Locadora A,Sul,Supervisor C,SDR G,,,,,,Lead,0.0,0.0,6,5,0,0,0,0
L103932,2026-05-08,Inbound,Locadora A,Sul,Supervisor C,SDR B,,,,,,Lead,0.0,0.0,6,5,0,0,0,0
L103933,2026-05-13,Inbound,Locadora A,Centro-Oeste,Supervisor C,SDR H,2026-05-18,2026-05-20,,,,Análise de Crédito,0.0,0.0,6,5,1,0,0,0
L103934,2026-02-03,Inbound,Locadora B,Centro-Oeste,Supervisor B,SDR B,,,,,,Lead,0.0,0.0,6,5,0,0,0,0
L103935,2026-06-03,Inbound,Locadora A,Centro-Oeste,Supervisor B,SDR D,,,,,,Lead,0.0,0.0,6,5,0,0,0,0
L103936,2026-04-05,C2C,Locadora A,Sudeste,Supervisor C,SDR A,,,,,,Lead,0.0,0.0,6,5,0,0,0,0
L103937,2026-03-27,Inbound,Locadora A,Nordeste,Supervisor A,SDR C,,,,,,Lead,0.0,0.0,6,5,0,0,0,0
L103938,2026-05-11,Crossover,Locadora B,Sudeste,Supervisor C,SDR C,,,,,,Lead,0.0,0.0,6,5,0,0,0,0
L103939,2026-04-03,Inbound,Locadora A,Norte,Supervisor B,SDR H,,,,,,Lead,0.0,0.0,6,5,0,0,0,0
L103940,2026-04-09,Inbound,Locadora A,Sudeste,Supervisor B,SDR C,2026-04-14,2026-04-16,2026-04-19,,,Aprovado,0.0,0.0,6,5,1,1,0,0
L103941,2026-02-26,Inbound,Locadora A,Sudeste,Supervisor A,SDR C,,,,,,Lead,0.0,0.0,6,5,0,0,0,0
L103942,2026-06-17,Inbound,Locadora A,Sudeste,Supervisor B,SDR C,2026-06-21,2026-06-24,,,,Análise de Crédito,0.0,0.0,6,5,1,0,0,0
L103943,2026-06-25,Inbound,Locadora B,Sul,Supervisor B,SDR C,,,,,,Lead,0.0,0.0,6,5,0,0,0,0
L103944,2026-01-24,Inbound,Locadora A,Sudeste,Supervisor D,SDR E,,,,,,Lead,0.0,0.0,6,5,0,0,0,0
L103945,2026-05-13,Farmer,Locadora A,Nordeste,Supervisor C,SDR B,,,,,,Lead,0.0,0.0,6,5,0,0,0,0
L103946,2026-01-05,Farmer,Locadora A,Centro-Oeste,Supervisor B,SDR C,,,,,,Lead,0.0,0.0,6,5,0,0,0,0
L103947,2026-03-08,Inbound,Locadora A,Sudeste,Supervisor A,SDR E,2026-03-12,2026-03-14,,,,Análise de Crédito,0.0,0.0,6,5,1,0,0,0
L103948,2026-06-25,Inbound,Locadora A,Sul,Supervisor B,SDR G,,,,,,Lead,0.0,0.0,6,5,0,0,0,0
L103949,2026-02-01,C2C,Locadora B,Nordeste,Supervisor D,SDR A,,,,,,Lead,0.0,0.0,6,5,0,0,0,0
L103950,2026-03-10,Inbound,Locadora A,Nordeste,Supervisor A,SDR C,,,,,,Lead,0.0,0.0,6,5,0,0,0,0
L103951,2026-02-09,C2C,Locadora A,Sudeste,Supervisor C,SDR E,,,,,,Lead,0.0,0.0,6,5,0,0,0,0
L103952,2026-05-12,Crossover,Locadora A,Norte,Supervisor C,SDR H,2026-05-15,2026-05-18,2026-05-19,,,Aprovado,0.0,0.0,6,5,1,1,0,0
L103953,2026-03-25,Inbound,Locadora A,Sudeste,Supervisor A,SDR H,2026-03-26,2026-03-29,2026-03-30,,,Aprovado,0.0,0.0,6,5,1,1,0,0
L103954,2026-04-18,Inbound,Locadora B,Centro-Oeste,Supervisor D,SDR G,2026-04-19,2026-04-21,2026-04-22,,,Aprovado,0.0,0.0,6,5,1,1,0,0
L103955,2026-06-20,Inbound,Locadora A,Nordeste,Supervisor B,SDR E,,,,,,Lead,0.0,0.0,6,5,0,0,0,0
L103956,2026-04-05,Inbound,Locadora A,Sudeste,Supervisor C,SDR A,,,,,,Lead,0.0,0.0,6,5,0,0,0,0
L103957,2026-05-13,Inbound,Locadora A,Sudeste,Supervisor A,SDR H,2026-05-17,2026-05-20,,,,Análise de Crédito,0.0,0.0,6,5,1,0,0,0
L103958,2026-01-18,Inbound,Locadora B,Centro-Oeste,Supervisor D,SDR E,,,,,,Lead,0.0,0.0,6,5,0,0,0,0
L103959,2026-02-08,C2C,Locadora B,Sudeste,Supervisor A,SDR H,,,,,,Lead,0.0,0.0,6,5,0,0,0,0
L103960,2026-06-21,Inbound,Locadora A,Sudeste,Supervisor B,SDR H,2026-06-24,,,,,Pedido,0.0,0.0,6,5,1,0,0,0
L103961,2026-06-05,Inbound,Locadora A,Sudeste,Supervisor D,SDR G,,,,,,Lead,0.0,0.0,6,5,0,0,0,0
L103962,2026-04-29,Inbound,Locadora B,Centro-Oeste,Supervisor C,SDR D,2026-05-02,2026-05-04,2026-05-05,2026-05-06,2026-05-10,Assinado,33455.14,29554.92,6,5,1,1,1,1
L103963,2026-03-10,Inbound,Locadora B,Sudeste,Supervisor C,SDR E,,,,,,Lead,0.0,0.0,6,5,0,0,0,0
L103964,2026-02-06,Crossover,Locadora A,Sul,Supervisor B,SDR F,,,,,,Lead,0.0,0.0,6,5,0,0,0,0
L103965,2026-06-04,Inbound,Locadora A,Norte,Supervisor D,SDR H,,,,,,Lead,0.0,0.0,6,5,0,0,0,0
L103966,2026-05-23,Inbound,Locadora A,Centro-Oeste,Supervisor D,SDR B,,,,,,Lead,0.0,0.0,6,5,0,0,0,0
L103967,2026-02-13,Inbound,Locadora A,Sul,Supervisor C,SDR E,2026-02-18,2026-02-20,,,,Análise de Crédito,0.0,0.0,6,5,1,0,0,0
L103968,2026-04-17,Inbound,Locadora A,Sul,Supervisor A,SDR E,,,,,,Lead,0.0,0.0,6,5,0,0,0,0
L103969,2026-04-22,Inbound,Locadora A,Sudeste,Supervisor D,SDR B,2026-04-27,2026-04-28,2026-05-01,2026-05-03,2026-05-11,Assinado,30922.8,29754.79,6,5,1,1,1,1
L103970,2026-03-28,Farmer,Locadora A,Sudeste,Supervisor A,SDR D,,,,,,Lead,0.0,0.0,6,5,0,0,0,0
L103971,2026-06-17,Inbound,Locadora A,Sudeste,Supervisor D,SDR H,,,,,,Lead,0.0,0.0,6,5,0,0,0,0
L103972,2026-01-23,Inbound,Locadora B,Sudeste,Supervisor A,SDR A,2026-01-27,2026-01-28,2026-02-01,,,Aprovado,0.0,0.0,6,5,1,1,0,0
L103973,2026-02-16,C2C,Locadora B,Sudeste,Supervisor A,SDR E,,,,,,Lead,0.0,0.0,6,5,0,0,0,0
L103974,2026-01-18,Inbound,Locadora A,Sul,Supervisor A,SDR E,,,,,,Lead,0.0,0.0,6,5,0,0,0,0
L103975,2026-05-06,Crossover,Locadora A,Sudeste,Supervisor A,SDR H,,,,,,Lead,0.0,0.0,6,5,0,0,0,0
L103976,2026-04-27,C2C,Locadora A,Sudeste,Supervisor C,SDR C,,,,,,Lead,0.0,0.0,6,5,0,0,0,0
L103977,2026-06-28,Inbound,Locadora A,Nordeste,Supervisor B,SDR D,,,,,,Lead,0.0,0.0,6,5,0,0,0,0
L103978,2026-04-09,Farmer,Locadora A,Sudeste,Supervisor A,SDR A,2026-04-12,2026-04-13,2026-04-15,,,Aprovado,0.0,0.0,6,5,1,1,0,0
L103979,2026-01-28,Inbound,Locadora B,Centro-Oeste,Supervisor B,SDR C,,,,,,Lead,0.0,0.0,6,5,0,0,0,0
L103980,2026-03-23,C2C,Locadora A,Sudeste,Supervisor D,SDR H,,,,,,Lead,0.0,0.0,6,5,0,0,0,0
L103981,2026-01-17,C2C,Locadora A,Sul,Supervisor C,SDR G,,,,,,Lead,0.0,0.0,6,5,0,0,0,0
L103982,2026-05-02,Inbound,Locadora A,Sudeste,Supervisor C,SDR D,,,,,,Lead,0.0,0.0,6,5,0,0,0,0
L103983,2026-05-03,Farmer,Locadora A,Sudeste,Supervisor B,SDR F,,,,,,Lead,0.0,0.0,6,5,0,0,0,0
L103984,2026-06-05,Inbound,Locadora A,Nordeste,Supervisor C,SDR H,,,,,,Lead,0.0,0.0,6,5,0,0,0,0
L103985,2026-03-03,Inbound,Locadora A,Sul,Supervisor D,SDR D,,,,,,Lead,0.0,0.0,6,5,0,0,0,0
L103986,2026-02-26,Inbound,Locadora B,Sudeste,Supervisor C,SDR C,,,,,,Lead,0.0,0.0,6,5,0,0,0,0
L103987,2026-01-13,Crossover,Locadora A,Sudeste,Supervisor A,SDR H,2026-01-14,2026-01-16,2026-01-19,2026-01-22,2026-01-28,Assinado,107476.88,99290.94,6,5,1,1,1,1
L103988,2026-03-17,Crossover,Locadora A,Sul,Supervisor C,SDR G,,,,,,Lead,0.0,0.0,6,5,0,0,0,0
L103989,2026-03-28,Crossover,Locadora A,Sudeste,Supervisor D,SDR E,,,,,,Lead,0.0,0.0,6,5,0,0,0,0
L103990,2026-05-17,Crossover,Locadora A,Sul,Supervisor A,SDR A,2026-05-20,2026-05-21,,,,Análise de Crédito,0.0,0.0,6,5,1,0,0,0
L103991,2026-05-17,Inbound,Locadora A,Sul,Supervisor B,SDR A,,,,,,Lead,0.0,0.0,6,5,0,0,0,0
L103992,2026-01-26,C2C,Locadora A,Sul,Supervisor C,SDR A,,,,,,Lead,0.0,0.0,6,5,0,0,0,0
L103993,2026-02-21,Inbound,Locadora A,Nordeste,Supervisor A,SDR F,,,,,,Lead,0.0,0.0,6,5,0,0,0,0
L103994,2026-04-03,Farmer,Locadora B,Sudeste,Supervisor C,SDR B,,,,,,Lead,0.0,0.0,6,5,0,0,0,0
L103995,2026-03-02,C2C,Locadora A,Nordeste,Supervisor D,SDR A,,,,,,Lead,0.0,0.0,6,5,0,0,0,0
L103996,2026-01-05,Farmer,Locadora B,Sul,Supervisor C,SDR F,,,,,,Lead,0.0,0.0,6,5,0,0,0,0
L103997,2026-06-03,Inbound,Locadora A,Sudeste,Supervisor B,SDR D,,,,,,Lead,0.0,0.0,6,5,0,0,0,0
L103998,2026-05-13,C2C,Locadora B,Centro-Oeste,Supervisor A,SDR E,,,,,,Lead,0.0,0.0,6,5,0,0,0,0
L103999,2026-04-05,Farmer,Locadora A,Sul,Supervisor C,SDR B,,,,,,Lead,0.0,0.0,6,5,0,0,0,0
L104000,2026-02-27,Farmer,Locadora A,Sudeste,Supervisor D,SDR B,,,,,,Lead,0.0,0.0,6,5,0,0,0,0
L104001,2026-06-02,C2C,Locadora A,Norte,Supervisor D,SDR B,,,,,,Lead,0.0,0.0,6,5,0,0,0,0
L104002,2026-01-07,Inbound,Locadora B,Norte,Supervisor C,SDR F,,,,,,Lead,0.0,0.0,6,5,0,0,0,0
L104003,2026-03-22,Inbound,Locadora A,Sudeste,Supervisor A,SDR H,,,,,,Lead,0.0,0.0,6,5,0,0,0,0
L104004,2026-05-25,C2C,Locadora A,Sul,Supervisor B,SDR H,2026-05-27,2026-05-31,,,,Análise de Crédito,0.0,0.0,6,5,1,0,0,0
L104005,2026-06-22,Inbound,Locadora A,Centro-Oeste,Supervisor B,SDR A,,,,,,Lead,0.0,0.0,6,5,0,0,0,0
L104006,2026-02-15,Farmer,Locadora A,Norte,Supervisor A,SDR F,,,,,,Lead,0.0,0.0,6,5,0,0,0,0
L104007,2026-04-28,Crossover,Locadora A,Sul,Supervisor A,SDR G,,,,,,Lead,0.0,0.0,6,5,0,0,0,0
L104008,2026-02-04,Crossover,Locadora A,Sudeste,Supervisor C,SDR A,,,,,,Lead,0.0,0.0,6,5,0,0,0,0
L104009,2026-01-21,Inbound,Locadora A,Centro-Oeste,Supervisor A,SDR F,,,,,,Lead,0.0,0.0,6,5,0,0,0,0
L104010,2026-03-05,Crossover,Locadora A,Sudeste,Supervisor A,SDR D,2026-03-10,2026-03-13,,,,Análise de Crédito,0.0,0.0,6,5,1,0,0,0
L104011,2026-06-10,C2C,Locadora A,Centro-Oeste,Supervisor D,SDR B,,,,,,Lead,0.0,0.0,6,5,0,0,0,0
L104012,2026-05-05,Crossover,Locadora B,Sul,Supervisor C,SDR G,,,,,,Lead,0.0,0.0,6,5,0,0,0,0
L104013,2026-03-30,Inbound,Locadora A,Centro-Oeste,Supervisor D,SDR H,,,,,,Lead,0.0,0.0,6,5,0,0,0,0
L104014,2026-02-21,Inbound,Locadora A,Sudeste,Supervisor A,SDR E,,,,,,Lead,0.0,0.0,6,5,0,0,0,0
L104015,2026-01-26,C2C,Locadora A,Sul,Supervisor B,SDR B,,,,,,Lead,0.0,0.0,6,5,0,0,0,0
L104016,2026-02-19,Inbound,Locadora A,Sul,Supervisor C,SDR D,,,,,,Lead,0.0,0.0,6,5,0,0,0,0
L104017,2026-01-28,Crossover,Locadora A,Sudeste,Supervisor C,SDR E,2026-01-30,2026-02-01,2026-02-05,,,Aprovado,0.0,0.0,6,5,1,1,0,0
L104018,2026-02-03,Crossover,Locadora A,Sudeste,Supervisor B,SDR H,,,,,,Lead,0.0,0.0,6,5,0,0,0,0
L104019,2026-05-05,Inbound,Locadora A,Sudeste,Supervisor D,SDR G,,,,,,Lead,0.0,0.0,6,5,0,0,0,0
L104020,2026-01-25,C2C,Locadora B,Nordeste,Supervisor C,SDR F,,,,,,Lead,0.0,0.0,6,5,0,0,0,0
L104021,2026-01-09,C2C,Locadora A,Sul,Supervisor A,SDR G,,,,,,Lead,0.0,0.0,6,5,0,0,0,0
L104022,2026-04-09,Inbound,Locadora A,Centro-Oeste,Supervisor A,SDR F,,,,,,Lead,0.0,0.0,6,5,0,0,0,0
L104023,2026-02-21,Inbound,Locadora A,Sul,Supervisor A,SDR C,,,,,,Lead,0.0,0.0,6,5,0,0,0,0
L104024,2026-03-24,Crossover,Locadora A,Nordeste,Supervisor D,SDR B,2026-03-26,2026-03-27,2026-03-31,,,Aprovado,0.0,0.0,6,5,1,1,0,0
L104025,2026-01-26,Inbound,Locadora A,Sul,Supervisor D,SDR G,2026-01-28,2026-01-29,2026-02-01,,,Aprovado,0.0,0.0,6,5,1,1,0,0
L104026,2026-02-08,Inbound,Locadora A,Sudeste,Supervisor B,SDR E,2026-02-12,2026-02-16,,,,Análise de Crédito,0.0,0.0,6,5,1,0,0,0
L104027,2026-03-21,Inbound,Locadora A,Sudeste,Supervisor C,SDR H,,,,,,Lead,0.0,0.0,6,5,0,0,0,0
L104028,2026-05-05,Inbound,Locadora A,Sudeste,Supervisor D,SDR F,,,,,,Lead,0.0,0.0,6,5,0,0,0,0
L104029,2026-03-16,C2C,Locadora A,Nordeste,Supervisor A,SDR D,,,,,,Lead,0.0,0.0,6,5,0,0,0,0
L104030,2026-04-09,Crossover,Locadora A,Centro-Oeste,Supervisor D,SDR F,,,,,,Lead,0.0,0.0,6,5,0,0,0,0
L104031,2026-04-05,Inbound,Locadora A,Centro-Oeste,Supervisor B,SDR F,2026-04-10,2026-04-11,2026-04-15,2026-04-16,,Formalizado,53062.97,0.0,6,5,1,1,1,0
L104032,2026-02-18,Inbound,Locadora A,Centro-Oeste,Supervisor B,SDR H,,,,,,Lead,0.0,0.0,6,5,0,0,0,0
L104033,2026-02-20,Crossover,Locadora A,Nordeste,Supervisor A,SDR C,,,,,,Lead,0.0,0.0,6,5,0,0,0,0
L104034,2026-03-19,Inbound,Locadora A,Norte,Supervisor C,SDR D,,,,,,Lead,0.0,0.0,6,5,0,0,0,0
L104035,2026-01-06,Inbound,Locadora A,Centro-Oeste,Supervisor C,SDR C,2026-01-09,2026-01-13,,,,Análise de Crédito,0.0,0.0,6,5,1,0,0,0
L104036,2026-05-05,Crossover,Locadora B,Sudeste,Supervisor A,SDR A,,,,,,Lead,0.0,0.0,6,5,0,0,0,0
L104037,2026-04-22,Farmer,Locadora A,Sudeste,Supervisor C,SDR D,,,,,,Lead,0.0,0.0,6,5,0,0,0,0
L104038,2026-02-25,C2C,Locadora A,Sul,Supervisor A,SDR D,,,,,,Lead,0.0,0.0,6,5,0,0,0,0
L104039,2026-03-09,C2C,Locadora B,Centro-Oeste,Supervisor B,SDR B,,,,,,Lead,0.0,0.0,6,5,0,0,0,0
L104040,2026-03-01,Inbound,Locadora B,Sul,Supervisor C,SDR G,,,,,,Lead,0.0,0.0,6,5,0,0,0,0
L104041,2026-04-28,Inbound,Locadora A,Sudeste,Supervisor D,SDR F,,,,,,Lead,0.0,0.0,6,5,0,0,0,0
L104042,2026-05-18,Crossover,Locadora A,Centro-Oeste,Supervisor A,SDR B,2026-05-22,2026-05-25,2026-05-27,2026-06-01,,Formalizado,55399.17,0.0,6,5,1,1,1,0
L104043,2026-01-20,Inbound,Locadora A,Sudeste,Supervisor B,SDR B,,,,,,Lead,0.0,0.0,6,5,0,0,0,0
L104044,2026-03-16,C2C,Locadora B,Sudeste,Supervisor B,SDR E,2026-03-21,2026-03-22,2026-03-25,,,Aprovado,0.0,0.0,6,5,1,1,0,0
L104045,2026-01-03,C2C,Locadora B,Nordeste,Supervisor C,SDR A,2026-01-04,2026-01-05,2026-01-07,,,Aprovado,0.0,0.0,6,5,1,1,0,0
L104046,2026-03-23,Inbound,Locadora A,Sul,Supervisor D,SDR B,,,,,,Lead,0.0,0.0,6,5,0,0,0,0
L104047,2026-02-14,Inbound,Locadora A,Sudeste,Supervisor C,SDR D,,,,,,Lead,0.0,0.0,6,5,0,0,0,0
L104048,2026-03-02,Inbound,Locadora B,Sudeste,Supervisor D,SDR H,2026-03-07,2026-03-11,2026-03-13,,,Aprovado,0.0,0.0,6,5,1,1,0,0
L104049,2026-03-24,Inbound,Locadora A,Sul,Supervisor B,SDR A,,,,,,Lead,0.0,0.0,6,5,0,0,0,0
L104050,2026-02-28,C2C,Locadora A,Sudeste,Supervisor C,SDR E,,,,,,Lead,0.0,0.0,6,5,0,0,0,0
L104051,2026-03-13,Inbound,Locadora B,Sudeste,Supervisor B,SDR E,,,,,,Lead,0.0,0.0,6,5,0,0,0,0
L104052,2026-05-19,Inbound,Locadora A,Sul,Supervisor D,SDR C,,,,,,Lead,0.0,0.0,6,5,0,0,0,0
L104053,2026-05-27,Inbound,Locadora A,Centro-Oeste,Supervisor A,SDR E,,,,,,Lead,0.0,0.0,6,5,0,0,0,0
L104054,2026-01-02,Crossover,Locadora A,Sudeste,Supervisor D,SDR F,,,,,,Lead,0.0,0.0,6,5,0,0,0,0
L104055,2026-03-10,Inbound,Locadora A,Sul,Supervisor C,SDR B,,,,,,Lead,0.0,0.0,6,5,0,0,0,0
L104056,2026-06-03,C2C,Locadora A,Sul,Supervisor D,SDR H,,,,,,Lead,0.0,0.0,6,5,0,0,0,0
L104057,2026-04-07,Crossover,Locadora A,Sudeste,Supervisor C,SDR B,2026-04-09,2026-04-10,2026-04-14,,,Aprovado,0.0,0.0,6,5,1,1,0,0
L104058,2026-02-07,Inbound,Locadora A,Sudeste,Supervisor B,SDR C,,,,,,Lead,0.0,0.0,6,5,0,0,0,0
L104059,2026-04-18,Inbound,Locadora A,Sudeste,Supervisor B,SDR A,,,,,,Lead,0.0,0.0,6,5,0,0,0,0
L104060,2026-01-27,Inbound,Locadora A,Sudeste,Supervisor A,SDR E,2026-02-01,2026-02-04,2026-02-07,,,Aprovado,0.0,0.0,6,5,1,1,0,0
L104061,2026-01-04,Crossover,Locadora B,Nordeste,Supervisor D,SDR E,,,,,,Lead,0.0,0.0,6,5,0,0,0,0
L104062,2026-04-25,Inbound,Locadora A,Sul,Supervisor A,SDR A,,,,,,Lead,0.0,0.0,6,5,0,0,0,0
L104063,2026-04-04,Crossover,Locadora B,Norte,Supervisor D,SDR C,,,,,,Lead,0.0,0.0,6,5,0,0,0,0
L104064,2026-05-17,Inbound,Locadora A,Sudeste,Supervisor C,SDR G,,,,,,Lead,0.0,0.0,6,5,0,0,0,0
L104065,2026-03-04,Farmer,Locadora A,Centro-Oeste,Supervisor A,SDR F,,,,,,Lead,0.0,0.0,6,5,0,0,0,0
L104066,2026-06-04,Inbound,Locadora B,Sul,Supervisor D,SDR C,,,,,,Lead,0.0,0.0,6,5,0,0,0,0
L104067,2026-03-18,C2C,Locadora B,Centro-Oeste,Supervisor A,SDR F,2026-03-19,2026-03-21,,,,Análise de Crédito,0.0,0.0,6,5,1,0,0,0
L104068,2026-05-14,Inbound,Locadora A,Nordeste,Supervisor A,SDR F,,,,,,Lead,0.0,0.0,6,5,0,0,0,0
L104069,2026-01-19,Inbound,Locadora A,Sul,Supervisor C,SDR C,,,,,,Lead,0.0,0.0,6,5,0,0,0,0
L104070,2026-01-18,Inbound,Locadora A,Sul,Supervisor A,SDR B,,,,,,Lead,0.0,0.0,6,5,0,0,0,0
L104071,2026-05-22,Inbound,Locadora A,Norte,Supervisor A,SDR A,2026-05-23,2026-05-24,2026-05-25,,,Aprovado,0.0,0.0,6,5,1,1,0,0
L104072,2026-05-31,Inbound,Locadora A,Norte,Supervisor C,SDR H,2026-06-02,2026-06-04,2026-06-08,2026-06-13,2026-06-18,Assinado,79922.56,69817.51,6,5,1,1,1,1
L104073,2026-06-20,Inbound,Locadora A,Norte,Supervisor D,SDR C,,,,,,Lead,0.0,0.0,6,5,0,0,0,0
L104074,2026-02-28,Farmer,Locadora A,Sudeste,Supervisor A,SDR G,,,,,,Lead,0.0,0.0,6,5,0,0,0,0
L104075,2026-01-05,Inbound,Locadora B,Sudeste,Supervisor C,SDR C,,,,,,Lead,0.0,0.0,6,5,0,0,0,0
L104076,2026-06-27,Inbound,Locadora A,Sudeste,Supervisor C,SDR F,2026-07-01,2026-07-04,2026-07-08,,,Aprovado,0.0,0.0,6,5,1,1,0,0
L104077,2026-04-19,C2C,Locadora B,Centro-Oeste,Supervisor A,SDR C,,,,,,Lead,0.0,0.0,6,5,0,0,0,0
L104078,2026-02-14,Crossover,Locadora A,Sudeste,Supervisor A,SDR E,,,,,,Lead,0.0,0.0,6,5,0,0,0,0
L104079,2026-05-19,C2C,Locadora B,Sudeste,Supervisor B,SDR H,2026-05-22,2026-05-25,,,,Análise de Crédito,0.0,0.0,6,5,1,0,0,0
L104080,2026-06-13,Farmer,Locadora A,Sul,Supervisor C,SDR G,,,,,,Lead,0.0,0.0,6,5,0,0,0,0
L104081,2026-02-21,C2C,Locadora A,Sudeste,Supervisor A,SDR B,,,,,,Lead,0.0,0.0,6,5,0,0,0,0
L104082,2026-05-20,Farmer,Locadora A,Centro-Oeste,Supervisor B,SDR E,,,,,,Lead,0.0,0.0,6,5,0,0,0,0
L104083,2026-05-23,Inbound,Locadora A,Sudeste,Supervisor B,SDR C,,,,,,Lead,0.0,0.0,6,5,0,0,0,0
L104084,2026-04-01,Inbound,Locadora A,Nordeste,Supervisor C,SDR B,,,,,,Lead,0.0,0.0,6,5,0,0,0,0
L104085,2026-04-25,Farmer,Locadora A,Sudeste,Supervisor A,SDR G,2026-04-28,2026-05-01,,,,Análise de Crédito,0.0,0.0,6,5,1,0,0,0
L104086,2026-02-18,Farmer,Locadora A,Sul,Supervisor C,SDR H,,,,,,Lead,0.0,0.0,6,5,0,0,0,0
L104087,2026-06-18,Inbound,Locadora A,Sul,Supervisor D,SDR H,,,,,,Lead,0.0,0.0,6,5,0,0,0,0
L104088,2026-06-27,Inbound,Locadora B,Sudeste,Supervisor C,SDR G,,,,,,Lead,0.0,0.0,6,5,0,0,0,0
L104089,2026-06-27,Inbound,Locadora B,Sudeste,Supervisor C,SDR D,2026-06-29,2026-07-02,,,,Análise de Crédito,0.0,0.0,6,5,1,0,0,0
L104090,2026-05-14,Inbound,Locadora A,Nordeste,Supervisor A,SDR E,,,,,,Lead,0.0,0.0,6,5,0,0,0,0
L104091,2026-01-08,Inbound,Locadora A,Sul,Supervisor D,SDR E,2026-01-11,2026-01-12,2026-01-15,2026-01-17,2026-01-25,Assinado,175828.2,150864.81,6,5,1,1,1,1
L104092,2026-03-08,C2C,Locadora A,Sudeste,Supervisor B,SDR F,,,,,,Lead,0.0,0.0,6,5,0,0,0,0
L104093,2026-03-22,Farmer,Locadora B,Centro-Oeste,Supervisor A,SDR A,,,,,,Lead,0.0,0.0,6,5,0,0,0,0
L104094,2026-06-23,Inbound,Locadora A,Sudeste,Supervisor C,SDR G,2026-06-25,2026-06-26,,,,Análise de Crédito,0.0,0.0,6,5,1,0,0,0
L104095,2026-04-10,Inbound,Locadora A,Sul,Supervisor B,SDR G,,,,,,Lead,0.0,0.0,6,5,0,0,0,0
L104096,2026-04-08,Inbound,Locadora A,Sul,Supervisor B,SDR H,2026-04-11,2026-04-14,,,,Análise de Crédito,0.0,0.0,6,5,1,0,0,0
L104097,2026-01-27,Inbound,Locadora A,Sul,Supervisor D,SDR E,,,,,,Lead,0.0,0.0,6,5,0,0,0,0
L104098,2026-05-24,Inbound,Locadora B,Sudeste,Supervisor C,SDR D,,,,,,Lead,0.0,0.0,6,5,0,0,0,0
L104099,2026-03-02,Crossover,Locadora A,Sudeste,Supervisor B,SDR D,,,,,,Lead,0.0,0.0,6,5,0,0,0,0
L104100,2026-01-17,Inbound,Locadora A,Sudeste,Supervisor D,SDR E,,,,,,Lead,0.0,0.0,6,5,0,0,0,0
L104101,2026-06-28,Inbound,Locadora A,Sudeste,Supervisor B,SDR C,,,,,,Lead,0.0,0.0,6,5,0,0,0,0
L104102,2026-02-04,Inbound,Locadora A,Sul,Supervisor D,SDR G,2026-02-09,2026-02-12,2026-02-15,,,Aprovado,0.0,0.0,6,5,1,1,0,0
L104103,2026-01-03,Crossover,Locadora A,Centro-Oeste,Supervisor D,SDR D,,,,,,Lead,0.0,0.0,6,5,0,0,0,0
L104104,2026-01-15,Inbound,Locadora A,Sudeste,Supervisor B,SDR C,,,,,,Lead,0.0,0.0,6,5,0,0,0,0
L104105,2026-03-23,Crossover,Locadora A,Sudeste,Supervisor D,SDR F,,,,,,Lead,0.0,0.0,6,5,0,0,0,0
L104106,2026-01-19,Inbound,Locadora B,Centro-Oeste,Supervisor C,SDR C,,,,,,Lead,0.0,0.0,6,5,0,0,0,0
L104107,2026-06-02,Inbound,Locadora A,Sul,Supervisor D,SDR A,,,,,,Lead,0.0,0.0,6,5,0,0,0,0
L104108,2026-04-03,Inbound,Locadora B,Nordeste,Supervisor B,SDR E,2026-04-06,,,,,Pedido,0.0,0.0,6,5,1,0,0,0
L104109,2026-02-28,Crossover,Locadora A,Sudeste,Supervisor B,SDR E,,,,,,Lead,0.0,0.0,6,5,0,0,0,0
L104110,2026-01-01,C2C,Locadora A,Sudeste,Supervisor B,SDR C,,,,,,Lead,0.0,0.0,6,5,0,0,0,0
L104111,2026-03-28,Inbound,Locadora A,Sudeste,Supervisor C,SDR A,2026-03-31,2026-04-02,,,,Análise de Crédito,0.0,0.0,6,5,1,0,0,0
L104112,2026-01-28,Inbound,Locadora A,Sul,Supervisor C,SDR D,,,,,,Lead,0.0,0.0,6,5,0,0,0,0
L104113,2026-06-27,Inbound,Locadora A,Sul,Supervisor B,SDR G,,,,,,Lead,0.0,0.0,6,5,0,0,0,0
L104114,2026-02-22,Farmer,Locadora A,Sudeste,Supervisor B,SDR G,2026-02-25,2026-03-01,2026-03-02,2026-03-08,2026-03-15,Assinado,134612.38,135427.74,6,5,1,1,1,1
L104115,2026-03-27,C2C,Locadora B,Sudeste,Supervisor B,SDR B,,,,,,Lead,0.0,0.0,6,5,0,0,0,0
L104116,2026-01-04,Inbound,Locadora A,Centro-Oeste,Supervisor C,SDR D,,,,,,Lead,0.0,0.0,6,5,0,0,0,0
L104117,2026-01-24,Inbound,Locadora B,Sudeste,Supervisor A,SDR H,2026-01-26,2026-01-29,2026-02-01,2026-02-03,2026-02-07,Assinado,47273.66,47016.55,6,5,1,1,1,1
L104118,2026-02-07,Inbound,Locadora A,Centro-Oeste,Supervisor C,SDR C,,,,,,Lead,0.0,0.0,6,5,0,0,0,0
L104119,2026-01-10,Inbound,Locadora A,Sudeste,Supervisor D,SDR D,,,,,,Lead,0.0,0.0,6,5,0,0,0,0
L104120,2026-05-12,Inbound,Locadora A,Sudeste,Supervisor B,SDR F,,,,,,Lead,0.0,0.0,6,5,0,0,0,0
L104121,2026-06-21,Crossover,Locadora A,Sudeste,Supervisor B,SDR D,,,,,,Lead,0.0,0.0,6,5,0,0,0,0
L104122,2026-06-28,C2C,Locadora A,Norte,Supervisor A,SDR G,,,,,,Lead,0.0,0.0,6,5,0,0,0,0
L104123,2026-02-18,C2C,Locadora B,Sudeste,Supervisor C,SDR C,,,,,,Lead,0.0,0.0,6,5,0,0,0,0
L104124,2026-05-23,Inbound,Locadora B,Sudeste,Supervisor B,SDR D,,,,,,Lead,0.0,0.0,6,5,0,0,0,0
L104125,2026-04-02,C2C,Locadora A,Nordeste,Supervisor D,SDR E,,,,,,Lead,0.0,0.0,6,5,0,0,0,0
L104126,2026-01-09,Inbound,Locadora A,Sudeste,Supervisor D,SDR F,,,,,,Lead,0.0,0.0,6,5,0,0,0,0
L104127,2026-01-17,Inbound,Locadora A,Sudeste,Supervisor D,SDR C,2026-01-21,2026-01-25,,,,Análise de Crédito,0.0,0.0,6,5,1,0,0,0
L104128,2026-04-10,C2C,Locadora A,Sudeste,Supervisor A,SDR C,,,,,,Lead,0.0,0.0,6,5,0,0,0,0
L104129,2026-03-18,Inbound,Locadora A,Centro-Oeste,Supervisor A,SDR C,2026-03-23,2026-03-27,,,,Análise de Crédito,0.0,0.0,6,5,1,0,0,0
L104130,2026-01-02,Inbound,Locadora A,Sudeste,Supervisor B,SDR B,,,,,,Lead,0.0,0.0,6,5,0,0,0,0
L104131,2026-06-18,Inbound,Locadora B,Nordeste,Supervisor C,SDR B,,,,,,Lead,0.0,0.0,6,5,0,0,0,0
L104132,2026-05-13,Crossover,Locadora A,Centro-Oeste,Supervisor A,SDR G,2026-05-18,2026-05-21,2026-05-25,,,Aprovado,0.0,0.0,6,5,1,1,0,0
L104133,2026-04-01,Inbound,Locadora A,Sul,Supervisor B,SDR C,,,,,,Lead,0.0,0.0,6,5,0,0,0,0
L104134,2026-06-28,Inbound,Locadora A,Sudeste,Supervisor A,SDR C,,,,,,Lead,0.0,0.0,6,5,0,0,0,0
L104135,2026-06-25,Inbound,Locadora B,Nordeste,Supervisor B,SDR G,,,,,,Lead,0.0,0.0,6,5,0,0,0,0
L104136,2026-06-26,Crossover,Locadora A,Nordeste,Supervisor B,SDR G,2026-06-29,2026-07-01,2026-07-05,,,Aprovado,0.0,0.0,6,5,1,1,0,0
L104137,2026-02-16,Inbound,Locadora A,Nordeste,Supervisor A,SDR B,,,,,,Lead,0.0,0.0,6,5,0,0,0,0
L104138,2026-06-09,Inbound,Locadora A,Sudeste,Supervisor B,SDR C,2026-06-13,2026-06-17,2026-06-18,2026-06-25,,Formalizado,55128.59,0.0,6,5,1,1,1,0
L104139,2026-04-02,Crossover,Locadora B,Centro-Oeste,Supervisor C,SDR G,,,,,,Lead,0.0,0.0,6,5,0,0,0,0
L104140,2026-05-12,Inbound,Locadora A,Centro-Oeste,Supervisor D,SDR C,,,,,,Lead,0.0,0.0,6,5,0,0,0,0
L104141,2026-06-05,Inbound,Locadora A,Norte,Supervisor D,SDR G,2026-06-08,2026-06-11,2026-06-13,,,Aprovado,0.0,0.0,6,5,1,1,0,0
L104142,2026-01-30,Farmer,Locadora A,Sudeste,Supervisor B,SDR E,,,,,,Lead,0.0,0.0,6,5,0,0,0,0
L104143,2026-03-23,Crossover,Locadora A,Nordeste,Supervisor D,SDR F,,,,,,Lead,0.0,0.0,6,5,0,0,0,0
L104144,2026-01-24,C2C,Locadora A,Centro-Oeste,Supervisor B,SDR E,,,,,,Lead,0.0,0.0,6,5,0,0,0,0
L104145,2026-02-20,Farmer,Locadora A,Nordeste,Supervisor B,SDR A,,,,,,Lead,0.0,0.0,6,5,0,0,0,0
L104146,2026-03-16,Inbound,Locadora B,Centro-Oeste,Supervisor D,SDR G,,,,,,Lead,0.0,0.0,6,5,0,0,0,0
L104147,2026-06-04,Farmer,Locadora A,Nordeste,Supervisor B,SDR E,,,,,,Lead,0.0,0.0,6,5,0,0,0,0
L104148,2026-06-06,Farmer,Locadora A,Sudeste,Supervisor C,SDR B,,,,,,Lead,0.0,0.0,6,5,0,0,0,0
L104149,2026-03-12,Inbound,Locadora A,Sudeste,Supervisor A,SDR G,,,,,,Lead,0.0,0.0,6,5,0,0,0,0
L104150,2026-03-01,Inbound,Locadora A,Sudeste,Supervisor B,SDR C,,,,,,Lead,0.0,0.0,6,5,0,0,0,0
L104151,2026-04-07,Farmer,Locadora B,Nordeste,Supervisor D,SDR C,,,,,,Lead,0.0,0.0,6,5,0,0,0,0
L104152,2026-06-15,C2C,Locadora A,Sudeste,Supervisor A,SDR F,,,,,,Lead,0.0,0.0,6,5,0,0,0,0
L104153,2026-06-26,Inbound,Locadora A,Sul,Supervisor D,SDR C,,,,,,Lead,0.0,0.0,6,5,0,0,0,0
L104154,2026-02-11,Farmer,Locadora B,Norte,Supervisor B,SDR A,2026-02-16,2026-02-18,2026-02-22,2026-02-28,2026-03-03,Assinado,35418.45,35933.96,6,5,1,1,1,1
L104155,2026-02-03,Farmer,Locadora B,Nordeste,Supervisor D,SDR C,2026-02-05,2026-02-09,,,,Análise de Crédito,0.0,0.0,6,5,1,0,0,0
L104156,2026-05-08,C2C,Locadora A,Centro-Oeste,Supervisor B,SDR F,,,,,,Lead,0.0,0.0,6,5,0,0,0,0
L104157,2026-02-24,C2C,Locadora A,Nordeste,Supervisor B,SDR D,,,,,,Lead,0.0,0.0,6,5,0,0,0,0
L104158,2026-02-06,Inbound,Locadora B,Sudeste,Supervisor B,SDR F,2026-02-09,2026-02-11,,,,Análise de Crédito,0.0,0.0,6,5,1,0,0,0
L104159,2026-01-06,Inbound,Locadora A,Sul,Supervisor A,SDR A,,,,,,Lead,0.0,0.0,6,5,0,0,0,0
L104160,2026-03-14,Inbound,Locadora A,Sul,Supervisor D,SDR C,2026-03-16,2026-03-17,2026-03-20,,,Aprovado,0.0,0.0,6,5,1,1,0,0
L104161,2026-03-12,Inbound,Locadora A,Nordeste,Supervisor C,SDR B,,,,,,Lead,0.0,0.0,6,5,0,0,0,0
L104162,2026-04-12,Inbound,Locadora B,Sudeste,Supervisor C,SDR A,2026-04-16,2026-04-19,2026-04-21,,,Aprovado,0.0,0.0,6,5,1,1,0,0
L104163,2026-02-06,Farmer,Locadora A,Sudeste,Supervisor B,SDR F,,,,,,Lead,0.0,0.0,6,5,0,0,0,0
L104164,2026-05-10,C2C,Locadora A,Centro-Oeste,Supervisor D,SDR B,,,,,,Lead,0.0,0.0,6,5,0,0,0,0
L104165,2026-05-04,Inbound,Locadora A,Sul,Supervisor B,SDR D,,,,,,Lead,0.0,0.0,6,5,0,0,0,0
L104166,2026-03-25,Inbound,Locadora A,Nordeste,Supervisor A,SDR H,,,,,,Lead,0.0,0.0,6,5,0,0,0,0
L104167,2026-02-02,Inbound,Locadora A,Sul,Supervisor A,SDR B,,,,,,Lead,0.0,0.0,6,5,0,0,0,0
L104168,2026-04-02,Inbound,Locadora A,Nordeste,Supervisor D,SDR B,2026-04-04,2026-04-05,,,,Análise de Crédito,0.0,0.0,6,5,1,0,0,0
L104169,2026-05-03,Crossover,Locadora A,Sul,Supervisor A,SDR H,2026-05-04,2026-05-08,2026-05-12,2026-05-17,,Formalizado,85297.41,0.0,6,5,1,1,1,0
L104170,2026-03-09,Inbound,Locadora B,Nordeste,Supervisor D,SDR C,,,,,,Lead,0.0,0.0,6,5,0,0,0,0
L104171,2026-02-17,Inbound,Locadora A,Centro-Oeste,Supervisor B,SDR C,,,,,,Lead,0.0,0.0,6,5,0,0,0,0
L104172,2026-04-02,Farmer,Locadora B,Sudeste,Supervisor A,SDR F,,,,,,Lead,0.0,0.0,6,5,0,0,0,0
L104173,2026-03-06,Inbound,Locadora A,Sudeste,Supervisor D,SDR B,,,,,,Lead,0.0,0.0,6,5,0,0,0,0
L104174,2026-03-14,Inbound,Locadora A,Nordeste,Supervisor C,SDR D,2026-03-19,2026-03-21,2026-03-25,,,Aprovado,0.0,0.0,6,5,1,1,0,0
L104175,2026-03-05,Crossover,Locadora A,Sudeste,Supervisor C,SDR B,2026-03-07,2026-03-10,2026-03-12,2026-03-17,,Formalizado,61354.1,0.0,6,5,1,1,1,0
L104176,2026-02-24,Crossover,Locadora A,Centro-Oeste,Supervisor C,SDR H,,,,,,Lead,0.0,0.0,6,5,0,0,0,0
L104177,2026-05-10,C2C,Locadora A,Sudeste,Supervisor D,SDR C,,,,,,Lead,0.0,0.0,6,5,0,0,0,0
L104178,2026-03-25,C2C,Locadora A,Centro-Oeste,Supervisor A,SDR E,,,,,,Lead,0.0,0.0,6,5,0,0,0,0
L104179,2026-03-26,Inbound,Locadora B,Sudeste,Supervisor A,SDR E,,,,,,Lead,0.0,0.0,6,5,0,0,0,0
L104180,2026-04-29,Inbound,Locadora A,Sul,Supervisor C,SDR D,,,,,,Lead,0.0,0.0,6,5,0,0,0,0
L104181,2026-03-07,Inbound,Locadora B,Sul,Supervisor C,SDR A,,,,,,Lead,0.0,0.0,6,5,0,0,0,0
L104182,2026-01-19,Inbound,Locadora A,Sudeste,Supervisor C,SDR C,,,,,,Lead,0.0,0.0,6,5,0,0,0,0
L104183,2026-06-04,Inbound,Locadora A,Sul,Supervisor B,SDR G,2026-06-09,2026-06-12,,,,Análise de Crédito,0.0,0.0,6,5,1,0,0,0
L104184,2026-01-11,Crossover,Locadora A,Nordeste,Supervisor C,SDR E,,,,,,Lead,0.0,0.0,6,5,0,0,0,0
L104185,2026-04-14,Inbound,Locadora A,Centro-Oeste,Supervisor A,SDR H,2026-04-17,2026-04-21,2026-04-24,,,Aprovado,0.0,0.0,6,5,1,1,0,0
L104186,2026-02-18,Inbound,Locadora A,Norte,Supervisor C,SDR E,2026-02-22,2026-02-24,2026-02-28,,,Aprovado,0.0,0.0,6,5,1,1,0,0
L104187,2026-02-08,Inbound,Locadora A,Nordeste,Supervisor B,SDR C,,,,,,Lead,0.0,0.0,6,5,0,0,0,0
L104188,2026-01-08,Inbound,Locadora A,Centro-Oeste,Supervisor B,SDR C,2026-01-10,2026-01-13,,,,Análise de Crédito,0.0,0.0,6,5,1,0,0,0
L104189,2026-06-12,Inbound,Locadora A,Sul,Supervisor A,SDR G,,,,,,Lead,0.0,0.0,6,5,0,0,0,0
L104190,2026-03-19,Inbound,Locadora A,Norte,Supervisor D,SDR B,2026-03-21,2026-03-22,2026-03-24,,,Aprovado,0.0,0.0,6,5,1,1,0,0
L104191,2026-03-04,Inbound,Locadora B,Sul,Supervisor D,SDR E,,,,,,Lead,0.0,0.0,6,5,0,0,0,0
L104192,2026-05-15,Inbound,Locadora A,Sudeste,Supervisor D,SDR H,,,,,,Lead,0.0,0.0,6,5,0,0,0,0
L104193,2026-01-08,Inbound,Locadora A,Nordeste,Supervisor D,SDR G,2026-01-13,2026-01-14,2026-01-15,2026-01-21,,Formalizado,110379.66,0.0,6,5,1,1,1,0
L104194,2026-04-13,Farmer,Locadora A,Norte,Supervisor C,SDR D,2026-04-18,2026-04-19,2026-04-23,2026-04-25,2026-04-28,Assinado,111030.05,99396.2,6,5,1,1,1,1
L104195,2026-03-31,C2C,Locadora A,Sul,Supervisor B,SDR C,,,,,,Lead,0.0,0.0,6,5,0,0,0,0
L104196,2026-04-11,Crossover,Locadora B,Sudeste,Supervisor A,SDR E,,,,,,Lead,0.0,0.0,6,5,0,0,0,0
L104197,2026-01-23,C2C,Locadora B,Sul,Supervisor C,SDR E,,,,,,Lead,0.0,0.0,6,5,0,0,0,0
L104198,2026-06-22,Inbound,Locadora A,Centro-Oeste,Supervisor D,SDR F,,,,,,Lead,0.0,0.0,6,5,0,0,0,0
L104199,2026-02-13,Inbound,Locadora A,Sudeste,Supervisor B,SDR A,,,,,,Lead,0.0,0.0,6,5,0,0,0,0
L104200,2026-05-03,Inbound,Locadora B,Centro-Oeste,Supervisor D,SDR E,,,,,,Lead,0.0,0.0,6,5,0,0,0,0
L104201,2026-05-16,Inbound,Locadora A,Sul,Supervisor A,SDR A,2026-05-21,,,,,Pedido,0.0,0.0,6,5,1,0,0,0
L104202,2026-03-04,Crossover,Locadora A,Sudeste,Supervisor B,SDR H,,,,,,Lead,0.0,0.0,6,5,0,0,0,0
L104203,2026-01-24,C2C,Locadora A,Sul,Supervisor C,SDR G,,,,,,Lead,0.0,0.0,6,5,0,0,0,0
L104204,2026-02-23,Inbound,Locadora A,Sudeste,Supervisor B,SDR F,,,,,,Lead,0.0,0.0,6,5,0,0,0,0
L104205,2026-05-27,Inbound,Locadora A,Nordeste,Supervisor D,SDR C,,,,,,Lead,0.0,0.0,6,5,0,0,0,0
L104206,2026-06-14,Inbound,Locadora A,Sudeste,Supervisor B,SDR F,,,,,,Lead,0.0,0.0,6,5,0,0,0,0
L104207,2026-06-19,Crossover,Locadora B,Nordeste,Supervisor D,SDR D,2026-06-23,2026-06-24,2026-06-25,,,Aprovado,0.0,0.0,6,5,1,1,0,0
L104208,2026-02-10,Inbound,Locadora A,Sudeste,Supervisor B,SDR F,,,,,,Lead,0.0,0.0,6,5,0,0,0,0
L104209,2026-04-20,Inbound,Locadora B,Norte,Supervisor A,SDR B,,,,,,Lead,0.0,0.0,6,5,0,0,0,0
L104210,2026-01-28,Inbound,Locadora A,Centro-Oeste,Supervisor C,SDR D,,,,,,Lead,0.0,0.0,6,5,0,0,0,0
L104211,2026-05-09,Farmer,Locadora A,Sudeste,Supervisor C,SDR H,,,,,,Lead,0.0,0.0,6,5,0,0,0,0
L104212,2026-03-17,Inbound,Locadora A,Norte,Supervisor C,SDR B,2026-03-21,2026-03-23,,,,Análise de Crédito,0.0,0.0,6,5,1,0,0,0
L104213,2026-05-10,Inbound,Locadora A,Sul,Supervisor A,SDR D,,,,,,Lead,0.0,0.0,6,5,0,0,0,0
L104214,2026-05-05,Farmer,Locadora B,Sul,Supervisor B,SDR C,2026-05-07,2026-05-08,2026-05-12,2026-05-19,2026-05-22,Assinado,88724.76,81814.8,6,5,1,1,1,1
L104215,2026-06-29,Crossover,Locadora A,Nordeste,Supervisor A,SDR B,,,,,,Lead,0.0,0.0,6,5,0,0,0,0
L104216,2026-03-30,Inbound,Locadora B,Nordeste,Supervisor D,SDR D,,,,,,Lead,0.0,0.0,6,5,0,0,0,0
L104217,2026-03-03,Inbound,Locadora A,Centro-Oeste,Supervisor A,SDR E,,,,,,Lead,0.0,0.0,6,5,0,0,0,0
L104218,2026-04-06,Inbound,Locadora A,Norte,Supervisor D,SDR A,,,,,,Lead,0.0,0.0,6,5,0,0,0,0
L104219,2026-01-30,Inbound,Locadora A,Sudeste,Supervisor A,SDR B,,,,,,Lead,0.0,0.0,6,5,0,0,0,0
L104220,2026-01-21,Inbound,Locadora A,Sudeste,Supervisor C,SDR G,,,,,,Lead,0.0,0.0,6,5,0,0,0,0
L104221,2026-04-04,Inbound,Locadora A,Sudeste,Supervisor B,SDR C,,,,,,Lead,0.0,0.0,6,5,0,0,0,0
L104222,2026-05-30,Inbound,Locadora A,Sudeste,Supervisor A,SDR C,2026-06-03,2026-06-06,2026-06-07,,,Aprovado,0.0,0.0,6,5,1,1,0,0
L104223,2026-04-07,Crossover,Locadora A,Sul,Supervisor B,SDR F,,,,,,Lead,0.0,0.0,6,5,0,0,0,0
L104224,2026-05-22,Inbound,Locadora A,Sudeste,Supervisor A,SDR F,,,,,,Lead,0.0,0.0,6,5,0,0,0,0
L104225,2026-02-02,Crossover,Locadora A,Sul,Supervisor C,SDR H,,,,,,Lead,0.0,0.0,6,5,0,0,0,0
L104226,2026-03-23,Crossover,Locadora A,Sudeste,Supervisor D,SDR B,,,,,,Lead,0.0,0.0,6,5,0,0,0,0
L104227,2026-04-21,Inbound,Locadora A,Sudeste,Supervisor B,SDR G,,,,,,Lead,0.0,0.0,6,5,0,0,0,0
L104228,2026-03-04,Inbound,Locadora A,Centro-Oeste,Supervisor B,SDR F,2026-03-05,2026-03-08,2026-03-12,2026-03-19,,Formalizado,52705.79,0.0,6,5,1,1,1,0
L104229,2026-01-03,C2C,Locadora A,Sudeste,Supervisor A,SDR A,2026-01-08,2026-01-11,2026-01-14,,,Aprovado,0.0,0.0,6,5,1,1,0,0
L104230,2026-01-14,Inbound,Locadora A,Centro-Oeste,Supervisor B,SDR H,,,,,,Lead,0.0,0.0,6,5,0,0,0,0
L104231,2026-06-17,Inbound,Locadora A,Centro-Oeste,Supervisor D,SDR C,,,,,,Lead,0.0,0.0,6,5,0,0,0,0
L104232,2026-04-20,Inbound,Locadora A,Sul,Supervisor C,SDR D,,,,,,Lead,0.0,0.0,6,5,0,0,0,0
L104233,2026-02-17,Inbound,Locadora A,Nordeste,Supervisor D,SDR G,2026-02-18,2026-02-21,2026-02-25,,,Aprovado,0.0,0.0,6,5,1,1,0,0
L104234,2026-02-16,Inbound,Locadora A,Norte,Supervisor D,SDR E,,,,,,Lead,0.0,0.0,6,5,0,0,0,0
L104235,2026-01-08,Farmer,Locadora A,Sudeste,Supervisor A,SDR C,,,,,,Lead,0.0,0.0,6,5,0,0,0,0
L104236,2026-06-21,Inbound,Locadora A,Centro-Oeste,Supervisor A,SDR C,2026-06-24,2026-06-27,2026-07-01,,,Aprovado,0.0,0.0,6,5,1,1,0,0
L104237,2026-01-20,Inbound,Locadora A,Sudeste,Supervisor B,SDR F,,,,,,Lead,0.0,0.0,6,5,0,0,0,0
L104238,2026-05-18,Inbound,Locadora A,Sudeste,Supervisor D,SDR B,2026-05-19,2026-05-22,2026-05-24,2026-05-31,2026-06-03,Assinado,106684.52,90944.41,6,5,1,1,1,1
L104239,2026-02-13,C2C,Locadora A,Sul,Supervisor A,SDR D,,,,,,Lead,0.0,0.0,6,5,0,0,0,0
L104240,2026-03-02,Inbound,Locadora A,Centro-Oeste,Supervisor A,SDR F,2026-03-07,2026-03-10,2026-03-11,2026-03-12,,Formalizado,61020.89,0.0,6,5,1,1,1,0
L104241,2026-02-19,Inbound,Locadora A,Nordeste,Supervisor D,SDR H,2026-02-24,2026-02-26,,,,Análise de Crédito,0.0,0.0,6,5,1,0,0,0
L104242,2026-05-30,Inbound,Locadora B,Centro-Oeste,Supervisor A,SDR G,,,,,,Lead,0.0,0.0,6,5,0,0,0,0
L104243,2026-01-06,C2C,Locadora A,Centro-Oeste,Supervisor B,SDR C,,,,,,Lead,0.0,0.0,6,5,0,0,0,0
L104244,2026-03-05,Inbound,Locadora A,Sul,Supervisor D,SDR B,,,,,,Lead,0.0,0.0,6,5,0,0,0,0
L104245,2026-02-20,C2C,Locadora B,Sudeste,Supervisor A,SDR H,2026-02-24,2026-02-28,,,,Análise de Crédito,0.0,0.0,6,5,1,0,0,0
L104246,2026-02-19,C2C,Locadora B,Sudeste,Supervisor A,SDR E,,,,,,Lead,0.0,0.0,6,5,0,0,0,0
L104247,2026-02-04,Inbound,Locadora A,Sul,Supervisor C,SDR D,,,,,,Lead,0.0,0.0,6,5,0,0,0,0
L104248,2026-06-15,Farmer,Locadora B,Centro-Oeste,Supervisor A,SDR H,,,,,,Lead,0.0,0.0,6,5,0,0,0,0
L104249,2026-03-10,Inbound,Locadora A,Sudeste,Supervisor C,SDR F,,,,,,Lead,0.0,0.0,6,5,0,0,0,0
L104250,2026-03-17,Inbound,Locadora B,Sudeste,Supervisor C,SDR D,,,,,,Lead,0.0,0.0,6,5,0,0,0,0
L104251,2026-03-11,Inbound,Locadora A,Sudeste,Supervisor A,SDR B,2026-03-12,2026-03-15,2026-03-16,,,Aprovado,0.0,0.0,6,5,1,1,0,0
L104252,2026-06-27,C2C,Locadora A,Sul,Supervisor C,SDR A,,,,,,Lead,0.0,0.0,6,5,0,0,0,0
L104253,2026-03-03,Inbound,Locadora A,Sudeste,Supervisor B,SDR E,,,,,,Lead,0.0,0.0,6,5,0,0,0,0
L104254,2026-03-03,Inbound,Locadora A,Sudeste,Supervisor D,SDR A,2026-03-05,2026-03-07,2026-03-10,,,Aprovado,0.0,0.0,6,5,1,1,0,0
L104255,2026-03-01,Crossover,Locadora A,Sudeste,Supervisor B,SDR C,,,,,,Lead,0.0,0.0,6,5,0,0,0,0
L104256,2026-03-01,Inbound,Locadora A,Sudeste,Supervisor C,SDR F,,,,,,Lead,0.0,0.0,6,5,0,0,0,0
L104257,2026-01-17,C2C,Locadora A,Sul,Supervisor B,SDR A,,,,,,Lead,0.0,0.0,6,5,0,0,0,0
L104258,2026-04-20,Inbound,Locadora A,Norte,Supervisor D,SDR H,,,,,,Lead,0.0,0.0,6,5,0,0,0,0
L104259,2026-01-05,Crossover,Locadora B,Sudeste,Supervisor B,SDR D,,,,,,Lead,0.0,0.0,6,5,0,0,0,0
L104260,2026-02-10,C2C,Locadora A,Sul,Supervisor C,SDR G,,,,,,Lead,0.0,0.0,6,5,0,0,0,0
L104261,2026-02-06,C2C,Locadora A,Sul,Supervisor D,SDR B,,,,,,Lead,0.0,0.0,6,5,0,0,0,0
L104262,2026-02-22,Inbound,Locadora A,Centro-Oeste,Supervisor D,SDR D,2026-02-23,2026-02-25,2026-02-28,,,Aprovado,0.0,0.0,6,5,1,1,0,0
L104263,2026-05-17,Crossover,Locadora A,Sudeste,Supervisor D,SDR H,2026-05-18,2026-05-22,,,,Análise de Crédito,0.0,0.0,6,5,1,0,0,0
L104264,2026-04-19,Inbound,Locadora A,Sudeste,Supervisor C,SDR F,,,,,,Lead,0.0,0.0,6,5,0,0,0,0
L104265,2026-06-29,Crossover,Locadora A,Norte,Supervisor C,SDR G,,,,,,Lead,0.0,0.0,6,5,0,0,0,0
L104266,2026-03-05,Inbound,Locadora A,Norte,Supervisor B,SDR F,,,,,,Lead,0.0,0.0,6,5,0,0,0,0
L104267,2026-06-18,Inbound,Locadora A,Sudeste,Supervisor C,SDR F,2026-06-19,2026-06-21,,,,Análise de Crédito,0.0,0.0,6,5,1,0,0,0
L104268,2026-01-09,C2C,Locadora A,Sul,Supervisor C,SDR C,2026-01-10,2026-01-11,2026-01-15,,,Aprovado,0.0,0.0,6,5,1,1,0,0
L104269,2026-04-02,Inbound,Locadora B,Sudeste,Supervisor C,SDR D,,,,,,Lead,0.0,0.0,6,5,0,0,0,0
L104270,2026-05-25,C2C,Locadora A,Sudeste,Supervisor B,SDR A,,,,,,Lead,0.0,0.0,6,5,0,0,0,0
L104271,2026-04-07,C2C,Locadora A,Sudeste,Supervisor B,SDR C,2026-04-10,2026-04-12,2026-04-13,,,Aprovado,0.0,0.0,6,5,1,1,0,0
L104272,2026-06-18,Crossover,Locadora B,Centro-Oeste,Supervisor A,SDR A,,,,,,Lead,0.0,0.0,6,5,0,0,0,0
L104273,2026-02-26,Inbound,Locadora A,Sudeste,Supervisor C,SDR C,,,,,,Lead,0.0,0.0,6,5,0,0,0,0
L104274,2026-01-07,Inbound,Locadora A,Sudeste,Supervisor A,SDR F,2026-01-10,2026-01-11,2026-01-12,,,Aprovado,0.0,0.0,6,5,1,1,0,0
L104275,2026-05-21,Farmer,Locadora B,Sudeste,Supervisor A,SDR B,,,,,,Lead,0.0,0.0,6,5,0,0,0,0
L104276,2026-01-13,Inbound,Locadora A,Sudeste,Supervisor B,SDR D,,,,,,Lead,0.0,0.0,6,5,0,0,0,0
L104277,2026-05-19,Inbound,Locadora B,Sudeste,Supervisor A,SDR E,,,,,,Lead,0.0,0.0,6,5,0,0,0,0
L104278,2026-05-13,Inbound,Locadora A,Sul,Supervisor C,SDR B,,,,,,Lead,0.0,0.0,6,5,0,0,0,0
L104279,2026-06-02,Farmer,Locadora A,Sul,Supervisor A,SDR G,2026-06-05,2026-06-07,2026-06-10,2026-06-17,2026-06-23,Assinado,62380.82,59352.01,6,5,1,1,1,1
L104280,2026-03-28,Inbound,Locadora A,Sudeste,Supervisor B,SDR G,,,,,,Lead,0.0,0.0,6,5,0,0,0,0
L104281,2026-06-12,Crossover,Locadora A,Sudeste,Supervisor C,SDR B,2026-06-16,2026-06-19,2026-06-23,2026-06-26,2026-06-27,Assinado,54471.47,49561.73,6,5,1,1,1,1
L104282,2026-01-31,Crossover,Locadora B,Centro-Oeste,Supervisor C,SDR A,2026-02-05,2026-02-09,,,,Análise de Crédito,0.0,0.0,6,5,1,0,0,0
L104283,2026-03-20,Crossover,Locadora A,Sudeste,Supervisor C,SDR A,,,,,,Lead,0.0,0.0,6,5,0,0,0,0
L104284,2026-01-23,C2C,Locadora B,Sudeste,Supervisor B,SDR C,,,,,,Lead,0.0,0.0,6,5,0,0,0,0
L104285,2026-05-19,C2C,Locadora A,Nordeste,Supervisor B,SDR B,,,,,,Lead,0.0,0.0,6,5,0,0,0,0
L104286,2026-05-10,Farmer,Locadora B,Centro-Oeste,Supervisor D,SDR A,2026-05-12,2026-05-15,2026-05-18,,,Aprovado,0.0,0.0,6,5,1,1,0,0
L104287,2026-05-26,Crossover,Locadora B,Sul,Supervisor B,SDR D,,,,,,Lead,0.0,0.0,6,5,0,0,0,0
L104288,2026-05-19,Inbound,Locadora A,Sudeste,Supervisor C,SDR E,,,,,,Lead,0.0,0.0,6,5,0,0,0,0
L104289,2026-02-25,Inbound,Locadora B,Sudeste,Supervisor D,SDR A,,,,,,Lead,0.0,0.0,6,5,0,0,0,0
L104290,2026-01-13,Inbound,Locadora B,Sudeste,Supervisor A,SDR E,,,,,,Lead,0.0,0.0,6,5,0,0,0,0
L104291,2026-06-18,Inbound,Locadora A,Nordeste,Supervisor A,SDR D,2026-06-23,2026-06-25,2026-06-28,,,Aprovado,0.0,0.0,6,5,1,1,0,0
L104292,2026-03-31,C2C,Locadora A,Sul,Supervisor B,SDR B,,,,,,Lead,0.0,0.0,6,5,0,0,0,0
L104293,2026-01-18,Crossover,Locadora A,Sudeste,Supervisor B,SDR A,,,,,,Lead,0.0,0.0,6,5,0,0,0,0
L104294,2026-06-17,Inbound,Locadora A,Sudeste,Supervisor A,SDR G,2026-06-20,2026-06-23,2026-06-24,,,Aprovado,0.0,0.0,6,5,1,1,0,0
L104295,2026-06-29,C2C,Locadora A,Sudeste,Supervisor D,SDR A,2026-07-04,2026-07-06,2026-07-09,,,Aprovado,0.0,0.0,6,5,1,1,0,0
L104296,2026-03-22,Inbound,Locadora A,Sudeste,Supervisor C,SDR B,2026-03-23,,,,,Pedido,0.0,0.0,6,5,1,0,0,0
L104297,2026-05-20,Crossover,Locadora A,Sul,Supervisor C,SDR F,,,,,,Lead,0.0,0.0,6,5,0,0,0,0
L104298,2026-01-07,C2C,Locadora A,Sudeste,Supervisor C,SDR F,,,,,,Lead,0.0,0.0,6,5,0,0,0,0
L104299,2026-01-17,Inbound,Locadora A,Nordeste,Supervisor B,SDR H,,,,,,Lead,0.0,0.0,6,5,0,0,0,0
L104300,2026-02-20,Inbound,Locadora A,Centro-Oeste,Supervisor C,SDR A,,,,,,Lead,0.0,0.0,6,5,0,0,0,0
L104301,2026-04-29,Inbound,Locadora B,Nordeste,Supervisor A,SDR B,2026-05-01,2026-05-05,2026-05-09,,,Aprovado,0.0,0.0,6,5,1,1,0,0
L104302,2026-01-25,C2C,Locadora B,Nordeste,Supervisor C,SDR F,2026-01-27,2026-01-31,2026-02-04,,,Aprovado,0.0,0.0,6,5,1,1,0,0
L104303,2026-01-07,Inbound,Locadora B,Norte,Supervisor D,SDR B,,,,,,Lead,0.0,0.0,6,5,0,0,0,0
L104304,2026-05-02,Inbound,Locadora A,Norte,Supervisor D,SDR D,,,,,,Lead,0.0,0.0,6,5,0,0,0,0
L104305,2026-05-20,Inbound,Locadora A,Sudeste,Supervisor B,SDR C,,,,,,Lead,0.0,0.0,6,5,0,0,0,0
L104306,2026-05-14,Crossover,Locadora B,Sudeste,Supervisor A,SDR G,2026-05-16,,,,,Pedido,0.0,0.0,6,5,1,0,0,0
L104307,2026-05-25,Farmer,Locadora A,Sudeste,Supervisor D,SDR G,,,,,,Lead,0.0,0.0,6,5,0,0,0,0
L104308,2026-05-26,Crossover,Locadora A,Sul,Supervisor C,SDR G,,,,,,Lead,0.0,0.0,6,5,0,0,0,0
L104309,2026-04-20,Inbound,Locadora A,Centro-Oeste,Supervisor D,SDR E,2026-04-24,2026-04-28,2026-04-29,2026-04-30,,Formalizado,70363.17,0.0,6,5,1,1,1,0
L104310,2026-04-05,Inbound,Locadora A,Sudeste,Supervisor B,SDR D,,,,,,Lead,0.0,0.0,6,5,0,0,0,0
L104311,2026-06-05,Inbound,Locadora A,Nordeste,Supervisor D,SDR E,,,,,,Lead,0.0,0.0,6,5,0,0,0,0
L104312,2026-03-04,Inbound,Locadora A,Nordeste,Supervisor D,SDR A,,,,,,Lead,0.0,0.0,6,5,0,0,0,0
L104313,2026-01-18,Inbound,Locadora B,Sul,Supervisor A,SDR E,,,,,,Lead,0.0,0.0,6,5,0,0,0,0
L104314,2026-05-17,Inbound,Locadora A,Sudeste,Supervisor C,SDR C,,,,,,Lead,0.0,0.0,6,5,0,0,0,0
L104315,2026-02-19,Inbound,Locadora A,Sudeste,Supervisor B,SDR H,,,,,,Lead,0.0,0.0,6,5,0,0,0,0
L104316,2026-06-27,C2C,Locadora A,Sul,Supervisor C,SDR B,,,,,,Lead,0.0,0.0,6,5,0,0,0,0
L104317,2026-03-16,C2C,Locadora A,Sudeste,Supervisor B,SDR A,,,,,,Lead,0.0,0.0,6,5,0,0,0,0
L104318,2026-06-04,Inbound,Locadora B,Sul,Supervisor A,SDR H,,,,,,Lead,0.0,0.0,6,5,0,0,0,0
L104319,2026-01-08,Inbound,Locadora A,Sudeste,Supervisor B,SDR B,,,,,,Lead,0.0,0.0,6,5,0,0,0,0
L104320,2026-04-30,Crossover,Locadora A,Sudeste,Supervisor C,SDR E,,,,,,Lead,0.0,0.0,6,5,0,0,0,0
L104321,2026-03-23,Crossover,Locadora A,Sudeste,Supervisor B,SDR D,,,,,,Lead,0.0,0.0,6,5,0,0,0,0
L104322,2026-03-25,Inbound,Locadora B,Sul,Supervisor B,SDR C,,,,,,Lead,0.0,0.0,6,5,0,0,0,0
L104323,2026-02-18,C2C,Locadora B,Sudeste,Supervisor B,SDR D,2026-02-20,2026-02-21,2026-02-24,,,Aprovado,0.0,0.0,6,5,1,1,0,0
L104324,2026-06-25,Farmer,Locadora A,Norte,Supervisor C,SDR F,2026-06-27,2026-06-30,2026-07-02,,,Aprovado,0.0,0.0,6,5,1,1,0,0
L104325,2026-03-13,Inbound,Locadora A,Sudeste,Supervisor B,SDR A,2026-03-17,2026-03-19,2026-03-21,2026-03-22,2026-03-27,Assinado,35549.79,31312.67,6,5,1,1,1,1
L104326,2026-06-03,C2C,Locadora B,Nordeste,Supervisor A,SDR F,,,,,,Lead,0.0,0.0,6,5,0,0,0,0
L104327,2026-03-18,Inbound,Locadora A,Sudeste,Supervisor C,SDR H,,,,,,Lead,0.0,0.0,6,5,0,0,0,0
L104328,2026-01-09,Inbound,Locadora A,Sudeste,Supervisor A,SDR C,,,,,,Lead,0.0,0.0,6,5,0,0,0,0
L104329,2026-06-09,Inbound,Locadora A,Norte,Supervisor B,SDR F,,,,,,Lead,0.0,0.0,6,5,0,0,0,0
L104330,2026-02-03,Inbound,Locadora A,Centro-Oeste,Supervisor C,SDR H,,,,,,Lead,0.0,0.0,6,5,0,0,0,0
L104331,2026-02-18,C2C,Locadora A,Centro-Oeste,Supervisor B,SDR H,2026-02-19,2026-02-22,2026-02-26,,,Aprovado,0.0,0.0,6,5,1,1,0,0
L104332,2026-06-05,Inbound,Locadora A,Centro-Oeste,Supervisor A,SDR F,,,,,,Lead,0.0,0.0,6,5,0,0,0,0
L104333,2026-06-11,Inbound,Locadora A,Sudeste,Supervisor B,SDR H,2026-06-15,2026-06-18,2026-06-19,2026-06-21,,Formalizado,86300.37,0.0,6,5,1,1,1,0
L104334,2026-06-15,Inbound,Locadora A,Nordeste,Supervisor B,SDR G,,,,,,Lead,0.0,0.0,6,5,0,0,0,0
L104335,2026-03-19,C2C,Locadora A,Sudeste,Supervisor C,SDR E,,,,,,Lead,0.0,0.0,6,5,0,0,0,0
L104336,2026-05-18,Inbound,Locadora A,Nordeste,Supervisor C,SDR B,,,,,,Lead,0.0,0.0,6,5,0,0,0,0
L104337,2026-03-01,Inbound,Locadora B,Norte,Supervisor A,SDR G,,,,,,Lead,0.0,0.0,6,5,0,0,0,0
L104338,2026-05-15,Crossover,Locadora A,Nordeste,Supervisor D,SDR C,2026-05-18,2026-05-22,2026-05-24,2026-05-26,,Formalizado,27064.54,0.0,6,5,1,1,1,0
L104339,2026-04-01,C2C,Locadora A,Centro-Oeste,Supervisor C,SDR F,,,,,,Lead,0.0,0.0,6,5,0,0,0,0
L104340,2026-01-10,Inbound,Locadora A,Centro-Oeste,Supervisor A,SDR F,,,,,,Lead,0.0,0.0,6,5,0,0,0,0
L104341,2026-03-17,Inbound,Locadora A,Sul,Supervisor B,SDR C,2026-03-20,2026-03-21,,,,Análise de Crédito,0.0,0.0,6,5,1,0,0,0
L104342,2026-03-26,C2C,Locadora A,Sudeste,Supervisor D,SDR G,,,,,,Lead,0.0,0.0,6,5,0,0,0,0
L104343,2026-02-16,Crossover,Locadora A,Nordeste,Supervisor C,SDR F,2026-02-21,,,,,Pedido,0.0,0.0,6,5,1,0,0,0
L104344,2026-03-09,Inbound,Locadora A,Centro-Oeste,Supervisor B,SDR F,2026-03-10,2026-03-12,,,,Análise de Crédito,0.0,0.0,6,5,1,0,0,0
L104345,2026-04-01,Inbound,Locadora B,Sudeste,Supervisor D,SDR H,2026-04-05,2026-04-08,,,,Análise de Crédito,0.0,0.0,6,5,1,0,0,0
L104346,2026-01-09,Inbound,Locadora B,Nordeste,Supervisor C,SDR C,2026-01-11,2026-01-13,,,,Análise de Crédito,0.0,0.0,6,5,1,0,0,0
L104347,2026-01-28,Inbound,Locadora B,Sudeste,Supervisor C,SDR G,,,,,,Lead,0.0,0.0,6,5,0,0,0,0
L104348,2026-05-19,Inbound,Locadora A,Nordeste,Supervisor A,SDR A,,,,,,Lead,0.0,0.0,6,5,0,0,0,0
L104349,2026-03-05,Crossover,Locadora A,Nordeste,Supervisor C,SDR F,,,,,,Lead,0.0,0.0,6,5,0,0,0,0
L104350,2026-04-21,Crossover,Locadora A,Sudeste,Supervisor A,SDR B,,,,,,Lead,0.0,0.0,6,5,0,0,0,0
L104351,2026-04-13,Crossover,Locadora B,Sudeste,Supervisor D,SDR B,2026-04-17,2026-04-20,2026-04-22,,,Aprovado,0.0,0.0,6,5,1,1,0,0
L104352,2026-04-10,C2C,Locadora A,Centro-Oeste,Supervisor A,SDR B,,,,,,Lead,0.0,0.0,6,5,0,0,0,0
L104353,2026-03-16,Inbound,Locadora A,Sudeste,Supervisor A,SDR G,,,,,,Lead,0.0,0.0,6,5,0,0,0,0
L104354,2026-03-29,Inbound,Locadora B,Norte,Supervisor B,SDR C,,,,,,Lead,0.0,0.0,6,5,0,0,0,0
L104355,2026-05-30,Inbound,Locadora A,Sudeste,Supervisor B,SDR D,,,,,,Lead,0.0,0.0,6,5,0,0,0,0
L104356,2026-06-24,Inbound,Locadora A,Sudeste,Supervisor B,SDR C,,,,,,Lead,0.0,0.0,6,5,0,0,0,0
L104357,2026-02-16,Crossover,Locadora A,Sudeste,Supervisor D,SDR E,,,,,,Lead,0.0,0.0,6,5,0,0,0,0
L104358,2026-05-02,Inbound,Locadora A,Nordeste,Supervisor B,SDR H,,,,,,Lead,0.0,0.0,6,5,0,0,0,0
L104359,2026-06-25,Inbound,Locadora A,Sul,Supervisor D,SDR F,,,,,,Lead,0.0,0.0,6,5,0,0,0,0
L104360,2026-01-02,Inbound,Locadora A,Nordeste,Supervisor A,SDR A,,,,,,Lead,0.0,0.0,6,5,0,0,0,0
L104361,2026-05-23,Farmer,Locadora A,Norte,Supervisor C,SDR E,2026-05-27,2026-05-29,,,,Análise de Crédito,0.0,0.0,6,5,1,0,0,0
L104362,2026-03-31,C2C,Locadora A,Sul,Supervisor A,SDR A,,,,,,Lead,0.0,0.0,6,5,0,0,0,0
L104363,2026-06-25,C2C,Locadora B,Sudeste,Supervisor A,SDR B,,,,,,Lead,0.0,0.0,6,5,0,0,0,0
L104364,2026-04-15,Inbound,Locadora A,Sudeste,Supervisor A,SDR B,,,,,,Lead,0.0,0.0,6,5,0,0,0,0
L104365,2026-06-01,Crossover,Locadora A,Nordeste,Supervisor B,SDR F,,,,,,Lead,0.0,0.0,6,5,0,0,0,0
L104366,2026-01-31,Inbound,Locadora A,Sudeste,Supervisor B,SDR H,,,,,,Lead,0.0,0.0,6,5,0,0,0,0
L104367,2026-01-26,Farmer,Locadora A,Nordeste,Supervisor D,SDR B,,,,,,Lead,0.0,0.0,6,5,0,0,0,0
L104368,2026-06-17,C2C,Locadora A,Nordeste,Supervisor D,SDR H,,,,,,Lead,0.0,0.0,6,5,0,0,0,0
L104369,2026-04-06,C2C,Locadora A,Sul,Supervisor C,SDR C,,,,,,Lead,0.0,0.0,6,5,0,0,0,0
L104370,2026-04-12,Inbound,Locadora A,Sul,Supervisor B,SDR C,,,,,,Lead,0.0,0.0,6,5,0,0,0,0
L104371,2026-01-31,C2C,Locadora A,Norte,Supervisor B,SDR B,,,,,,Lead,0.0,0.0,6,5,0,0,0,0
L104372,2026-02-11,Inbound,Locadora A,Centro-Oeste,Supervisor B,SDR A,2026-02-12,2026-02-13,,,,Análise de Crédito,0.0,0.0,6,5,1,0,0,0
L104373,2026-05-29,C2C,Locadora A,Centro-Oeste,Supervisor A,SDR E,,,,,,Lead,0.0,0.0,6,5,0,0,0,0
L104374,2026-02-24,Inbound,Locadora B,Sudeste,Supervisor C,SDR D,,,,,,Lead,0.0,0.0,6,5,0,0,0,0
L104375,2026-04-16,Crossover,Locadora B,Sul,Supervisor D,SDR A,,,,,,Lead,0.0,0.0,6,5,0,0,0,0
L104376,2026-02-27,Crossover,Locadora A,Sudeste,Supervisor C,SDR E,,,,,,Lead,0.0,0.0,6,5,0,0,0,0
L104377,2026-02-17,C2C,Locadora A,Norte,Supervisor C,SDR C,,,,,,Lead,0.0,0.0,6,5,0,0,0,0
L104378,2026-01-31,Inbound,Locadora B,Sul,Supervisor B,SDR D,,,,,,Lead,0.0,0.0,6,5,0,0,0,0
L104379,2026-06-18,Inbound,Locadora B,Nordeste,Supervisor D,SDR H,,,,,,Lead,0.0,0.0,6,5,0,0,0,0
L104380,2026-06-20,Inbound,Locadora A,Sudeste,Supervisor D,SDR D,,,,,,Lead,0.0,0.0,6,5,0,0,0,0
L104381,2026-01-21,Inbound,Locadora A,Nordeste,Supervisor B,SDR D,2026-01-25,2026-01-26,2026-01-27,,,Aprovado,0.0,0.0,6,5,1,1,0,0
L104382,2026-03-05,C2C,Locadora A,Sudeste,Supervisor D,SDR F,,,,,,Lead,0.0,0.0,6,5,0,0,0,0
L104383,2026-04-13,Crossover,Locadora A,Centro-Oeste,Supervisor B,SDR H,,,,,,Lead,0.0,0.0,6,5,0,0,0,0
L104384,2026-03-11,Crossover,Locadora A,Sudeste,Supervisor A,SDR F,,,,,,Lead,0.0,0.0,6,5,0,0,0,0
L104385,2026-05-11,Farmer,Locadora A,Nordeste,Supervisor B,SDR D,2026-05-16,2026-05-17,,,,Análise de Crédito,0.0,0.0,6,5,1,0,0,0
L104386,2026-02-17,Inbound,Locadora A,Centro-Oeste,Supervisor D,SDR C,,,,,,Lead,0.0,0.0,6,5,0,0,0,0
L104387,2026-01-11,Crossover,Locadora B,Sudeste,Supervisor B,SDR B,,,,,,Lead,0.0,0.0,6,5,0,0,0,0
L104388,2026-03-02,Crossover,Locadora A,Sudeste,Supervisor D,SDR A,,,,,,Lead,0.0,0.0,6,5,0,0,0,0
L104389,2026-04-19,Inbound,Locadora B,Sudeste,Supervisor B,SDR G,,,,,,Lead,0.0,0.0,6,5,0,0,0,0
L104390,2026-02-02,Inbound,Locadora B,Sudeste,Supervisor B,SDR F,,,,,,Lead,0.0,0.0,6,5,0,0,0,0
L104391,2026-05-28,Crossover,Locadora B,Sudeste,Supervisor A,SDR C,2026-05-29,2026-06-02,,,,Análise de Crédito,0.0,0.0,6,5,1,0,0,0
L104392,2026-01-03,Inbound,Locadora B,Sul,Supervisor D,SDR H,,,,,,Lead,0.0,0.0,6,5,0,0,0,0
L104393,2026-01-13,Farmer,Locadora A,Sudeste,Supervisor B,SDR H,,,,,,Lead,0.0,0.0,6,5,0,0,0,0
L104394,2026-04-03,C2C,Locadora A,Sudeste,Supervisor A,SDR E,,,,,,Lead,0.0,0.0,6,5,0,0,0,0
L104395,2026-04-03,C2C,Locadora B,Centro-Oeste,Supervisor A,SDR C,,,,,,Lead,0.0,0.0,6,5,0,0,0,0
L104396,2026-02-23,Inbound,Locadora A,Sudeste,Supervisor C,SDR E,2026-02-24,2026-02-25,2026-02-27,,,Aprovado,0.0,0.0,6,5,1,1,0,0
L104397,2026-02-16,Inbound,Locadora A,Sudeste,Supervisor D,SDR G,,,,,,Lead,0.0,0.0,6,5,0,0,0,0
L104398,2026-01-13,C2C,Locadora A,Nordeste,Supervisor D,SDR E,,,,,,Lead,0.0,0.0,6,5,0,0,0,0
L104399,2026-04-30,Farmer,Locadora A,Sudeste,Supervisor A,SDR D,2026-05-05,2026-05-08,2026-05-10,,,Aprovado,0.0,0.0,6,5,1,1,0,0
L104400,2026-03-10,Inbound,Locadora A,Centro-Oeste,Supervisor C,SDR E,,,,,,Lead,0.0,0.0,6,5,0,0,0,0
L104401,2026-01-22,Inbound,Locadora A,Norte,Supervisor B,SDR G,,,,,,Lead,0.0,0.0,6,5,0,0,0,0
L104402,2026-03-14,Inbound,Locadora A,Centro-Oeste,Supervisor C,SDR D,,,,,,Lead,0.0,0.0,6,5,0,0,0,0
L104403,2026-06-19,Inbound,Locadora A,Sul,Supervisor C,SDR B,2026-06-21,2026-06-23,2026-06-25,,,Aprovado,0.0,0.0,6,5,1,1,0,0
L104404,2026-02-17,Inbound,Locadora A,Sul,Supervisor A,SDR E,,,,,,Lead,0.0,0.0,6,5,0,0,0,0
L104405,2026-06-11,Crossover,Locadora A,Nordeste,Supervisor A,SDR F,,,,,,Lead,0.0,0.0,6,5,0,0,0,0
L104406,2026-02-16,C2C,Locadora A,Nordeste,Supervisor C,SDR H,2026-02-21,2026-02-24,2026-02-25,,,Aprovado,0.0,0.0,6,5,1,1,0,0
L104407,2026-02-03,Inbound,Locadora A,Sudeste,Supervisor C,SDR A,,,,,,Lead,0.0,0.0,6,5,0,0,0,0
L104408,2026-02-17,Inbound,Locadora A,Sul,Supervisor D,SDR H,,,,,,Lead,0.0,0.0,6,5,0,0,0,0
L104409,2026-02-28,Inbound,Locadora A,Nordeste,Supervisor D,SDR G,2026-03-04,2026-03-06,,,,Análise de Crédito,0.0,0.0,6,5,1,0,0,0
L104410,2026-01-22,Farmer,Locadora B,Nordeste,Supervisor A,SDR F,2026-01-27,2026-01-29,2026-01-30,,,Aprovado,0.0,0.0,6,5,1,1,0,0
L104411,2026-04-17,Farmer,Locadora A,Sudeste,Supervisor C,SDR B,,,,,,Lead,0.0,0.0,6,5,0,0,0,0
L104412,2026-03-02,Crossover,Locadora A,Sudeste,Supervisor B,SDR B,,,,,,Lead,0.0,0.0,6,5,0,0,0,0
L104413,2026-05-10,Inbound,Locadora A,Sul,Supervisor B,SDR D,,,,,,Lead,0.0,0.0,6,5,0,0,0,0
L104414,2026-03-30,Inbound,Locadora A,Sudeste,Supervisor A,SDR B,,,,,,Lead,0.0,0.0,6,5,0,0,0,0
L104415,2026-03-22,C2C,Locadora A,Centro-Oeste,Supervisor D,SDR F,,,,,,Lead,0.0,0.0,6,5,0,0,0,0
L104416,2026-03-27,Inbound,Locadora B,Sul,Supervisor A,SDR G,,,,,,Lead,0.0,0.0,6,5,0,0,0,0
L104417,2026-01-29,C2C,Locadora A,Sudeste,Supervisor D,SDR D,,,,,,Lead,0.0,0.0,6,5,0,0,0,0
L104418,2026-05-10,Inbound,Locadora A,Sudeste,Supervisor D,SDR F,,,,,,Lead,0.0,0.0,6,5,0,0,0,0
L104419,2026-01-19,Crossover,Locadora A,Nordeste,Supervisor D,SDR G,,,,,,Lead,0.0,0.0,6,5,0,0,0,0
L104420,2026-05-11,Crossover,Locadora A,Nordeste,Supervisor A,SDR H,,,,,,Lead,0.0,0.0,6,5,0,0,0,0
L104421,2026-06-30,Inbound,Locadora B,Nordeste,Supervisor B,SDR F,2026-07-02,2026-07-04,,,,Análise de Crédito,0.0,0.0,6,5,1,0,0,0
L104422,2026-05-19,Inbound,Locadora B,Nordeste,Supervisor A,SDR B,,,,,,Lead,0.0,0.0,6,5,0,0,0,0
L104423,2026-03-24,Inbound,Locadora A,Norte,Supervisor C,SDR B,2026-03-28,2026-03-29,2026-03-30,,,Aprovado,0.0,0.0,6,5,1,1,0,0
L104424,2026-02-26,Farmer,Locadora A,Sul,Supervisor D,SDR H,,,,,,Lead,0.0,0.0,6,5,0,0,0,0
L104425,2026-06-07,Inbound,Locadora A,Sudeste,Supervisor C,SDR G,,,,,,Lead,0.0,0.0,6,5,0,0,0,0
L104426,2026-02-16,C2C,Locadora B,Nordeste,Supervisor A,SDR G,,,,,,Lead,0.0,0.0,6,5,0,0,0,0
L104427,2026-03-29,Inbound,Locadora A,Sul,Supervisor B,SDR D,,,,,,Lead,0.0,0.0,6,5,0,0,0,0
L104428,2026-05-20,Inbound,Locadora A,Sudeste,Supervisor A,SDR B,,,,,,Lead,0.0,0.0,6,5,0,0,0,0
L104429,2026-06-16,C2C,Locadora B,Norte,Supervisor B,SDR E,,,,,,Lead,0.0,0.0,6,5,0,0,0,0
L104430,2026-06-16,C2C,Locadora B,Sudeste,Supervisor B,SDR F,,,,,,Lead,0.0,0.0,6,5,0,0,0,0
L104431,2026-01-16,Inbound,Locadora A,Nordeste,Supervisor D,SDR B,2026-01-19,2026-01-21,2026-01-23,2026-01-27,2026-02-05,Assinado,45382.26,39814.03,6,5,1,1,1,1
L104432,2026-06-12,Inbound,Locadora A,Sul,Supervisor A,SDR D,,,,,,Lead,0.0,0.0,6,5,0,0,0,0
L104433,2026-01-21,Crossover,Locadora A,Sudeste,Supervisor B,SDR D,,,,,,Lead,0.0,0.0,6,5,0,0,0,0
L104434,2026-04-16,Crossover,Locadora B,Nordeste,Supervisor A,SDR C,,,,,,Lead,0.0,0.0,6,5,0,0,0,0
L104435,2026-06-18,Inbound,Locadora A,Centro-Oeste,Supervisor D,SDR G,,,,,,Lead,0.0,0.0,6,5,0,0,0,0
L104436,2026-04-29,Crossover,Locadora A,Centro-Oeste,Supervisor B,SDR D,2026-05-01,2026-05-02,2026-05-04,,,Aprovado,0.0,0.0,6,5,1,1,0,0
L104437,2026-06-21,Inbound,Locadora A,Sul,Supervisor D,SDR H,2026-06-25,2026-06-29,,,,Análise de Crédito,0.0,0.0,6,5,1,0,0,0
L104438,2026-03-04,Inbound,Locadora A,Sudeste,Supervisor C,SDR A,,,,,,Lead,0.0,0.0,6,5,0,0,0,0
L104439,2026-02-26,C2C,Locadora A,Sudeste,Supervisor B,SDR H,,,,,,Lead,0.0,0.0,6,5,0,0,0,0
L104440,2026-03-01,C2C,Locadora B,Sudeste,Supervisor C,SDR F,,,,,,Lead,0.0,0.0,6,5,0,0,0,0
L104441,2026-03-06,Farmer,Locadora A,Sudeste,Supervisor A,SDR F,,,,,,Lead,0.0,0.0,6,5,0,0,0,0
L104442,2026-05-04,Inbound,Locadora A,Sudeste,Supervisor D,SDR C,,,,,,Lead,0.0,0.0,6,5,0,0,0,0
L104443,2026-03-23,Crossover,Locadora B,Sul,Supervisor D,SDR A,,,,,,Lead,0.0,0.0,6,5,0,0,0,0
L104444,2026-05-14,Crossover,Locadora A,Sudeste,Supervisor B,SDR B,2026-05-15,2026-05-18,2026-05-22,,,Aprovado,0.0,0.0,6,5,1,1,0,0
L104445,2026-03-17,Inbound,Locadora A,Sul,Supervisor A,SDR D,,,,,,Lead,0.0,0.0,6,5,0,0,0,0
L104446,2026-02-25,Inbound,Locadora B,Sudeste,Supervisor B,SDR C,,,,,,Lead,0.0,0.0,6,5,0,0,0,0
L104447,2026-02-04,Inbound,Locadora A,Sudeste,Supervisor D,SDR B,2026-02-07,2026-02-11,,,,Análise de Crédito,0.0,0.0,6,5,1,0,0,0
L104448,2026-04-10,Inbound,Locadora B,Norte,Supervisor C,SDR A,2026-04-15,2026-04-16,,,,Análise de Crédito,0.0,0.0,6,5,1,0,0,0
L104449,2026-06-12,Inbound,Locadora A,Norte,Supervisor A,SDR F,2026-06-17,2026-06-19,2026-06-23,,,Aprovado,0.0,0.0,6,5,1,1,0,0
L104450,2026-06-05,Inbound,Locadora A,Nordeste,Supervisor A,SDR F,,,,,,Lead,0.0,0.0,6,5,0,0,0,0
L104451,2026-02-15,Inbound,Locadora A,Sudeste,Supervisor A,SDR B,,,,,,Lead,0.0,0.0,6,5,0,0,0,0
L104452,2026-03-28,Inbound,Locadora A,Centro-Oeste,Supervisor D,SDR G,,,,,,Lead,0.0,0.0,6,5,0,0,0,0
L104453,2026-05-08,Inbound,Locadora A,Sudeste,Supervisor B,SDR H,2026-05-09,2026-05-11,,,,Análise de Crédito,0.0,0.0,6,5,1,0,0,0
L104454,2026-04-21,C2C,Locadora A,Sul,Supervisor D,SDR H,,,,,,Lead,0.0,0.0,6,5,0,0,0,0
L104455,2026-01-13,Inbound,Locadora A,Nordeste,Supervisor B,SDR B,,,,,,Lead,0.0,0.0,6,5,0,0,0,0
L104456,2026-04-17,Farmer,Locadora A,Sudeste,Supervisor D,SDR D,,,,,,Lead,0.0,0.0,6,5,0,0,0,0
L104457,2026-01-08,Farmer,Locadora B,Norte,Supervisor D,SDR A,2026-01-10,2026-01-12,2026-01-15,,,Aprovado,0.0,0.0,6,5,1,1,0,0
L104458,2026-01-22,Crossover,Locadora A,Centro-Oeste,Supervisor C,SDR A,,,,,,Lead,0.0,0.0,6,5,0,0,0,0
L104459,2026-04-29,Inbound,Locadora A,Sudeste,Supervisor A,SDR G,2026-05-01,2026-05-04,2026-05-07,,,Aprovado,0.0,0.0,6,5,1,1,0,0
L104460,2026-01-19,Inbound,Locadora A,Sudeste,Supervisor A,SDR H,,,,,,Lead,0.0,0.0,6,5,0,0,0,0
L104461,2026-03-03,Inbound,Locadora A,Nordeste,Supervisor A,SDR B,,,,,,Lead,0.0,0.0,6,5,0,0,0,0
L104462,2026-04-17,Crossover,Locadora A,Sudeste,Supervisor C,SDR D,,,,,,Lead,0.0,0.0,6,5,0,0,0,0
L104463,2026-04-29,C2C,Locadora A,Sudeste,Supervisor C,SDR A,,,,,,Lead,0.0,0.0,6,5,0,0,0,0
L104464,2026-03-22,C2C,Locadora A,Sudeste,Supervisor D,SDR G,,,,,,Lead,0.0,0.0,6,5,0,0,0,0
L104465,2026-01-18,Crossover,Locadora A,Norte,Supervisor D,SDR E,2026-01-20,2026-01-21,,,,Análise de Crédito,0.0,0.0,6,5,1,0,0,0
L104466,2026-05-25,Inbound,Locadora A,Sudeste,Supervisor B,SDR C,,,,,,Lead,0.0,0.0,6,5,0,0,0,0
L104467,2026-06-21,Inbound,Locadora A,Norte,Supervisor B,SDR H,,,,,,Lead,0.0,0.0,6,5,0,0,0,0
L104468,2026-06-10,Farmer,Locadora A,Centro-Oeste,Supervisor D,SDR B,,,,,,Lead,0.0,0.0,6,5,0,0,0,0
L104469,2026-05-16,Inbound,Locadora A,Sudeste,Supervisor D,SDR C,,,,,,Lead,0.0,0.0,6,5,0,0,0,0
L104470,2026-03-14,Inbound,Locadora A,Sudeste,Supervisor B,SDR F,,,,,,Lead,0.0,0.0,6,5,0,0,0,0
L104471,2026-06-08,Farmer,Locadora A,Centro-Oeste,Supervisor A,SDR D,,,,,,Lead,0.0,0.0,6,5,0,0,0,0
L104472,2026-03-30,Inbound,Locadora A,Sudeste,Supervisor A,SDR F,,,,,,Lead,0.0,0.0,6,5,0,0,0,0
L104473,2026-01-25,Inbound,Locadora A,Sudeste,Supervisor D,SDR B,,,,,,Lead,0.0,0.0,6,5,0,0,0,0
L104474,2026-06-03,Inbound,Locadora A,Sudeste,Supervisor B,SDR F,,,,,,Lead,0.0,0.0,6,5,0,0,0,0
L104475,2026-02-27,Inbound,Locadora A,Nordeste,Supervisor C,SDR E,2026-03-02,2026-03-03,2026-03-06,,,Aprovado,0.0,0.0,6,5,1,1,0,0
L104476,2026-06-19,Inbound,Locadora A,Centro-Oeste,Supervisor D,SDR A,,,,,,Lead,0.0,0.0,6,5,0,0,0,0
L104477,2026-03-08,Inbound,Locadora A,Sul,Supervisor D,SDR C,2026-03-10,2026-03-12,2026-03-13,2026-03-14,2026-03-15,Assinado,47594.51,41269.32,6,5,1,1,1,1
L104478,2026-06-07,Inbound,Locadora A,Sudeste,Supervisor B,SDR C,,,,,,Lead,0.0,0.0,6,5,0,0,0,0
L104479,2026-04-08,C2C,Locadora B,Sul,Supervisor C,SDR E,2026-04-12,,,,,Pedido,0.0,0.0,6,5,1,0,0,0
L104480,2026-03-26,Inbound,Locadora A,Nordeste,Supervisor A,SDR D,2026-03-28,2026-03-31,,,,Análise de Crédito,0.0,0.0,6,5,1,0,0,0
L104481,2026-02-23,C2C,Locadora A,Sudeste,Supervisor D,SDR D,,,,,,Lead,0.0,0.0,6,5,0,0,0,0
L104482,2026-06-01,Inbound,Locadora A,Norte,Supervisor D,SDR B,,,,,,Lead,0.0,0.0,6,5,0,0,0,0
L104483,2026-01-11,Farmer,Locadora A,Nordeste,Supervisor B,SDR H,,,,,,Lead,0.0,0.0,6,5,0,0,0,0
L104484,2026-03-26,Inbound,Locadora A,Sudeste,Supervisor B,SDR F,,,,,,Lead,0.0,0.0,6,5,0,0,0,0
L104485,2026-03-08,Farmer,Locadora B,Nordeste,Supervisor C,SDR F,,,,,,Lead,0.0,0.0,6,5,0,0,0,0
L104486,2026-04-09,Inbound,Locadora A,Centro-Oeste,Supervisor B,SDR C,,,,,,Lead,0.0,0.0,6,5,0,0,0,0
L104487,2026-02-16,Crossover,Locadora A,Centro-Oeste,Supervisor C,SDR F,,,,,,Lead,0.0,0.0,6,5,0,0,0,0
L104488,2026-05-01,Inbound,Locadora A,Sudeste,Supervisor A,SDR B,,,,,,Lead,0.0,0.0,6,5,0,0,0,0
L104489,2026-03-11,Crossover,Locadora B,Nordeste,Supervisor B,SDR D,,,,,,Lead,0.0,0.0,6,5,0,0,0,0
L104490,2026-02-04,C2C,Locadora A,Sudeste,Supervisor D,SDR C,,,,,,Lead,0.0,0.0,6,5,0,0,0,0
L104491,2026-02-05,C2C,Locadora B,Nordeste,Supervisor D,SDR C,,,,,,Lead,0.0,0.0,6,5,0,0,0,0
L104492,2026-05-07,Farmer,Locadora B,Sudeste,Supervisor A,SDR F,2026-05-10,2026-05-13,2026-05-17,,,Aprovado,0.0,0.0,6,5,1,1,0,0
L104493,2026-02-17,Crossover,Locadora A,Sudeste,Supervisor D,SDR C,2026-02-19,2026-02-22,2026-02-26,,,Aprovado,0.0,0.0,6,5,1,1,0,0
L104494,2026-02-25,C2C,Locadora A,Norte,Supervisor A,SDR F,,,,,,Lead,0.0,0.0,6,5,0,0,0,0
L104495,2026-04-24,Farmer,Locadora A,Sul,Supervisor D,SDR E,,,,,,Lead,0.0,0.0,6,5,0,0,0,0
L104496,2026-03-01,Inbound,Locadora A,Sudeste,Supervisor B,SDR H,,,,,,Lead,0.0,0.0,6,5,0,0,0,0
L104497,2026-03-12,Inbound,Locadora A,Nordeste,Supervisor B,SDR B,2026-03-17,2026-03-18,2026-03-19,,,Aprovado,0.0,0.0,6,5,1,1,0,0
L104498,2026-02-14,Inbound,Locadora A,Sudeste,Supervisor C,SDR H,2026-02-16,2026-02-19,2026-02-23,,,Aprovado,0.0,0.0,6,5,1,1,0,0
L104499,2026-03-04,Crossover,Locadora A,Nordeste,Supervisor D,SDR B,,,,,,Lead,0.0,0.0,6,5,0,0,0,0
L104500,2026-05-06,Inbound,Locadora B,Nordeste,Supervisor B,SDR E,,,,,,Lead,0.0,0.0,6,5,0,0,0,0
L104501,2026-04-07,Farmer,Locadora A,Sudeste,Supervisor B,SDR C,,,,,,Lead,0.0,0.0,6,5,0,0,0,0
L104502,2026-06-30,Inbound,Locadora A,Sul,Supervisor D,SDR G,,,,,,Lead,0.0,0.0,6,5,0,0,0,0
L104503,2026-05-20,Inbound,Locadora A,Norte,Supervisor D,SDR B,,,,,,Lead,0.0,0.0,6,5,0,0,0,0
L104504,2026-01-04,Inbound,Locadora A,Norte,Supervisor C,SDR C,,,,,,Lead,0.0,0.0,6,5,0,0,0,0
L104505,2026-03-10,Farmer,Locadora A,Sul,Supervisor A,SDR B,,,,,,Lead,0.0,0.0,6,5,0,0,0,0
L104506,2026-02-22,C2C,Locadora A,Centro-Oeste,Supervisor D,SDR H,,,,,,Lead,0.0,0.0,6,5,0,0,0,0
L104507,2026-04-17,C2C,Locadora B,Sul,Supervisor C,SDR E,,,,,,Lead,0.0,0.0,6,5,0,0,0,0
L104508,2026-02-18,Inbound,Locadora A,Sudeste,Supervisor C,SDR B,,,,,,Lead,0.0,0.0,6,5,0,0,0,0
L104509,2026-06-24,Inbound,Locadora B,Centro-Oeste,Supervisor A,SDR G,,,,,,Lead,0.0,0.0,6,5,0,0,0,0
L104510,2026-02-24,Inbound,Locadora A,Sudeste,Supervisor D,SDR C,2026-02-28,2026-03-04,2026-03-06,,,Aprovado,0.0,0.0,6,5,1,1,0,0
L104511,2026-04-05,Inbound,Locadora A,Sudeste,Supervisor C,SDR B,,,,,,Lead,0.0,0.0,6,5,0,0,0,0
L104512,2026-01-23,Crossover,Locadora A,Sudeste,Supervisor A,SDR D,,,,,,Lead,0.0,0.0,6,5,0,0,0,0
L104513,2026-06-14,Inbound,Locadora A,Nordeste,Supervisor B,SDR G,,,,,,Lead,0.0,0.0,6,5,0,0,0,0
L104514,2026-06-15,Inbound,Locadora A,Sudeste,Supervisor B,SDR G,,,,,,Lead,0.0,0.0,6,5,0,0,0,0
L104515,2026-05-24,Inbound,Locadora B,Sudeste,Supervisor D,SDR A,,,,,,Lead,0.0,0.0,6,5,0,0,0,0
L104516,2026-03-05,C2C,Locadora A,Sudeste,Supervisor B,SDR H,,,,,,Lead,0.0,0.0,6,5,0,0,0,0
L104517,2026-01-11,Inbound,Locadora A,Sudeste,Supervisor D,SDR H,,,,,,Lead,0.0,0.0,6,5,0,0,0,0
L104518,2026-05-09,Inbound,Locadora A,Norte,Supervisor C,SDR C,,,,,,Lead,0.0,0.0,6,5,0,0,0,0
L104519,2026-03-19,Crossover,Locadora A,Sudeste,Supervisor B,SDR E,2026-03-21,2026-03-23,,,,Análise de Crédito,0.0,0.0,6,5,1,0,0,0
L104520,2026-06-29,Crossover,Locadora A,Sudeste,Supervisor B,SDR D,2026-07-02,2026-07-03,2026-07-07,2026-07-12,,Formalizado,50984.73,0.0,6,5,1,1,1,0
L104521,2026-05-07,Inbound,Locadora B,Norte,Supervisor D,SDR D,,,,,,Lead,0.0,0.0,6,5,0,0,0,0
L104522,2026-04-08,Inbound,Locadora A,Sudeste,Supervisor B,SDR F,,,,,,Lead,0.0,0.0,6,5,0,0,0,0
L104523,2026-06-28,Inbound,Locadora A,Sul,Supervisor C,SDR F,,,,,,Lead,0.0,0.0,6,5,0,0,0,0
L104524,2026-05-25,Inbound,Locadora A,Nordeste,Supervisor A,SDR D,,,,,,Lead,0.0,0.0,6,5,0,0,0,0
L104525,2026-03-24,Inbound,Locadora A,Centro-Oeste,Supervisor B,SDR D,,,,,,Lead,0.0,0.0,6,5,0,0,0,0
L104526,2026-01-04,Farmer,Locadora A,Sudeste,Supervisor C,SDR D,2026-01-05,2026-01-08,2026-01-11,,,Aprovado,0.0,0.0,6,5,1,1,0,0
L104527,2026-01-17,Farmer,Locadora A,Centro-Oeste,Supervisor B,SDR D,2026-01-21,2026-01-23,,,,Análise de Crédito,0.0,0.0,6,5,1,0,0,0
L104528,2026-03-22,Inbound,Locadora A,Sul,Supervisor D,SDR A,2026-03-27,2026-03-29,,,,Análise de Crédito,0.0,0.0,6,5,1,0,0,0
L104529,2026-04-12,Inbound,Locadora A,Centro-Oeste,Supervisor A,SDR C,,,,,,Lead,0.0,0.0,6,5,0,0,0,0
L104530,2026-01-06,Crossover,Locadora B,Sudeste,Supervisor D,SDR F,,,,,,Lead,0.0,0.0,6,5,0,0,0,0
L104531,2026-01-23,Crossover,Locadora A,Nordeste,Supervisor A,SDR H,,,,,,Lead,0.0,0.0,6,5,0,0,0,0
L104532,2026-05-08,Inbound,Locadora A,Sul,Supervisor B,SDR G,,,,,,Lead,0.0,0.0,6,5,0,0,0,0
L104533,2026-05-17,Crossover,Locadora B,Centro-Oeste,Supervisor C,SDR G,2026-05-22,2026-05-23,2026-05-25,,,Aprovado,0.0,0.0,6,5,1,1,0,0
L104534,2026-01-06,Inbound,Locadora A,Norte,Supervisor B,SDR G,,,,,,Lead,0.0,0.0,6,5,0,0,0,0
L104535,2026-04-02,C2C,Locadora A,Nordeste,Supervisor C,SDR E,,,,,,Lead,0.0,0.0,6,5,0,0,0,0
L104536,2026-01-15,Inbound,Locadora A,Nordeste,Supervisor D,SDR F,,,,,,Lead,0.0,0.0,6,5,0,0,0,0
L104537,2026-05-11,C2C,Locadora B,Sudeste,Supervisor B,SDR G,,,,,,Lead,0.0,0.0,6,5,0,0,0,0
L104538,2026-05-31,Crossover,Locadora A,Sudeste,Supervisor C,SDR B,,,,,,Lead,0.0,0.0,6,5,0,0,0,0
L104539,2026-06-07,Inbound,Locadora B,Sul,Supervisor D,SDR B,,,,,,Lead,0.0,0.0,6,5,0,0,0,0
L104540,2026-04-19,C2C,Locadora A,Sudeste,Supervisor D,SDR C,,,,,,Lead,0.0,0.0,6,5,0,0,0,0
L104541,2026-04-24,Inbound,Locadora B,Centro-Oeste,Supervisor A,SDR E,,,,,,Lead,0.0,0.0,6,5,0,0,0,0
L104542,2026-06-17,Inbound,Locadora A,Centro-Oeste,Supervisor C,SDR G,,,,,,Lead,0.0,0.0,6,5,0,0,0,0
L104543,2026-04-21,C2C,Locadora A,Sul,Supervisor D,SDR D,2026-04-22,2026-04-25,,,,Análise de Crédito,0.0,0.0,6,5,1,0,0,0
L104544,2026-03-22,Inbound,Locadora A,Sudeste,Supervisor D,SDR H,,,,,,Lead,0.0,0.0,6,5,0,0,0,0
L104545,2026-05-17,Inbound,Locadora B,Nordeste,Supervisor D,SDR C,,,,,,Lead,0.0,0.0,6,5,0,0,0,0
L104546,2026-04-17,Inbound,Locadora B,Sul,Supervisor A,SDR D,,,,,,Lead,0.0,0.0,6,5,0,0,0,0
L104547,2026-06-02,Crossover,Locadora A,Sul,Supervisor D,SDR H,,,,,,Lead,0.0,0.0,6,5,0,0,0,0
L104548,2026-04-05,Crossover,Locadora A,Sul,Supervisor D,SDR B,2026-04-07,2026-04-08,,,,Análise de Crédito,0.0,0.0,6,5,1,0,0,0
L104549,2026-06-07,Crossover,Locadora A,Sudeste,Supervisor C,SDR G,2026-06-12,2026-06-15,2026-06-18,,,Aprovado,0.0,0.0,6,5,1,1,0,0
L104550,2026-01-09,C2C,Locadora A,Centro-Oeste,Supervisor A,SDR B,,,,,,Lead,0.0,0.0,6,5,0,0,0,0
L104551,2026-01-07,Inbound,Locadora B,Sudeste,Supervisor A,SDR H,,,,,,Lead,0.0,0.0,6,5,0,0,0,0
L104552,2026-01-18,Inbound,Locadora A,Sul,Supervisor B,SDR C,,,,,,Lead,0.0,0.0,6,5,0,0,0,0
L104553,2026-04-11,Inbound,Locadora B,Sudeste,Supervisor D,SDR F,,,,,,Lead,0.0,0.0,6,5,0,0,0,0
L104554,2026-05-09,Inbound,Locadora B,Sudeste,Supervisor A,SDR F,,,,,,Lead,0.0,0.0,6,5,0,0,0,0
L104555,2026-02-09,C2C,Locadora A,Sudeste,Supervisor C,SDR D,,,,,,Lead,0.0,0.0,6,5,0,0,0,0
L104556,2026-01-29,Inbound,Locadora A,Sudeste,Supervisor A,SDR E,,,,,,Lead,0.0,0.0,6,5,0,0,0,0
L104557,2026-06-05,Inbound,Locadora B,Nordeste,Supervisor D,SDR G,,,,,,Lead,0.0,0.0,6,5,0,0,0,0
L104558,2026-05-16,C2C,Locadora B,Nordeste,Supervisor A,SDR H,,,,,,Lead,0.0,0.0,6,5,0,0,0,0
L104559,2026-04-28,C2C,Locadora A,Sudeste,Supervisor A,SDR A,2026-05-01,2026-05-02,2026-05-05,2026-05-11,2026-05-13,Assinado,67549.73,60609.82,6,5,1,1,1,1
L104560,2026-03-30,C2C,Locadora A,Sudeste,Supervisor A,SDR D,2026-04-04,2026-04-06,2026-04-10,,,Aprovado,0.0,0.0,6,5,1,1,0,0
L104561,2026-03-18,Inbound,Locadora A,Nordeste,Supervisor C,SDR G,2026-03-19,2026-03-22,,,,Análise de Crédito,0.0,0.0,6,5,1,0,0,0
L104562,2026-01-04,Crossover,Locadora B,Sudeste,Supervisor D,SDR E,,,,,,Lead,0.0,0.0,6,5,0,0,0,0
L104563,2026-02-04,Inbound,Locadora A,Sul,Supervisor B,SDR A,,,,,,Lead,0.0,0.0,6,5,0,0,0,0
L104564,2026-06-12,Inbound,Locadora A,Sudeste,Supervisor C,SDR B,,,,,,Lead,0.0,0.0,6,5,0,0,0,0
L104565,2026-03-03,C2C,Locadora A,Sul,Supervisor C,SDR G,2026-03-04,2026-03-08,,,,Análise de Crédito,0.0,0.0,6,5,1,0,0,0
L104566,2026-05-08,Crossover,Locadora A,Norte,Supervisor B,SDR D,,,,,,Lead,0.0,0.0,6,5,0,0,0,0
L104567,2026-05-08,Inbound,Locadora A,Sudeste,Supervisor D,SDR F,2026-05-13,2026-05-17,,,,Análise de Crédito,0.0,0.0,6,5,1,0,0,0
L104568,2026-02-26,C2C,Locadora A,Norte,Supervisor B,SDR H,,,,,,Lead,0.0,0.0,6,5,0,0,0,0
L104569,2026-02-06,C2C,Locadora B,Nordeste,Supervisor A,SDR A,,,,,,Lead,0.0,0.0,6,5,0,0,0,0
L104570,2026-05-06,Inbound,Locadora A,Norte,Supervisor A,SDR D,,,,,,Lead,0.0,0.0,6,5,0,0,0,0
L104571,2026-01-17,C2C,Locadora A,Centro-Oeste,Supervisor A,SDR B,2026-01-22,2026-01-23,2026-01-24,2026-01-28,,Formalizado,49849.95,0.0,6,5,1,1,1,0
L104572,2026-03-31,Crossover,Locadora B,Nordeste,Supervisor A,SDR G,,,,,,Lead,0.0,0.0,6,5,0,0,0,0
L104573,2026-06-10,Inbound,Locadora A,Sul,Supervisor A,SDR D,,,,,,Lead,0.0,0.0,6,5,0,0,0,0
L104574,2026-05-09,Crossover,Locadora A,Nordeste,Supervisor A,SDR H,,,,,,Lead,0.0,0.0,6,5,0,0,0,0
L104575,2026-05-19,C2C,Locadora B,Sudeste,Supervisor A,SDR C,,,,,,Lead,0.0,0.0,6,5,0,0,0,0
L104576,2026-01-16,C2C,Locadora A,Centro-Oeste,Supervisor C,SDR B,,,,,,Lead,0.0,0.0,6,5,0,0,0,0
L104577,2026-02-06,Crossover,Locadora B,Sul,Supervisor A,SDR G,,,,,,Lead,0.0,0.0,6,5,0,0,0,0
L104578,2026-02-19,Crossover,Locadora B,Sudeste,Supervisor C,SDR E,2026-02-22,2026-02-25,2026-02-28,,,Aprovado,0.0,0.0,6,5,1,1,0,0
L104579,2026-02-22,Inbound,Locadora A,Sudeste,Supervisor A,SDR B,2026-02-23,2026-02-27,2026-03-02,,,Aprovado,0.0,0.0,6,5,1,1,0,0
L104580,2026-02-05,Inbound,Locadora A,Sudeste,Supervisor D,SDR F,,,,,,Lead,0.0,0.0,6,5,0,0,0,0
L104581,2026-06-25,C2C,Locadora A,Sudeste,Supervisor B,SDR D,,,,,,Lead,0.0,0.0,6,5,0,0,0,0
L104582,2026-01-30,Inbound,Locadora A,Sudeste,Supervisor B,SDR A,,,,,,Lead,0.0,0.0,6,5,0,0,0,0
L104583,2026-05-09,Farmer,Locadora A,Sudeste,Supervisor C,SDR C,,,,,,Lead,0.0,0.0,6,5,0,0,0,0
L104584,2026-04-17,Inbound,Locadora A,Sudeste,Supervisor D,SDR G,,,,,,Lead,0.0,0.0,6,5,0,0,0,0
L104585,2026-04-21,Inbound,Locadora B,Sul,Supervisor D,SDR B,2026-04-26,2026-04-28,2026-05-02,,,Aprovado,0.0,0.0,6,5,1,1,0,0
L104586,2026-02-08,Crossover,Locadora A,Sudeste,Supervisor B,SDR C,,,,,,Lead,0.0,0.0,6,5,0,0,0,0
L104587,2026-02-25,C2C,Locadora B,Sudeste,Supervisor B,SDR C,,,,,,Lead,0.0,0.0,6,5,0,0,0,0
L104588,2026-04-20,Inbound,Locadora A,Sudeste,Supervisor B,SDR F,,,,,,Lead,0.0,0.0,6,5,0,0,0,0
L104589,2026-02-24,Inbound,Locadora A,Sudeste,Supervisor A,SDR G,,,,,,Lead,0.0,0.0,6,5,0,0,0,0
L104590,2026-05-06,Inbound,Locadora A,Sudeste,Supervisor B,SDR G,,,,,,Lead,0.0,0.0,6,5,0,0,0,0
L104591,2026-01-08,C2C,Locadora A,Norte,Supervisor D,SDR F,,,,,,Lead,0.0,0.0,6,5,0,0,0,0
L104592,2026-01-14,C2C,Locadora A,Sudeste,Supervisor B,SDR A,,,,,,Lead,0.0,0.0,6,5,0,0,0,0
L104593,2026-05-12,Farmer,Locadora A,Sudeste,Supervisor B,SDR H,2026-05-14,2026-05-16,2026-05-17,2026-05-22,2026-05-27,Assinado,40792.52,40796.27,6,5,1,1,1,1
L104594,2026-04-22,Inbound,Locadora B,Sul,Supervisor A,SDR B,2026-04-26,2026-04-28,2026-05-01,,,Aprovado,0.0,0.0,6,5,1,1,0,0
L104595,2026-01-08,C2C,Locadora A,Nordeste,Supervisor B,SDR D,,,,,,Lead,0.0,0.0,6,5,0,0,0,0
L104596,2026-06-12,Inbound,Locadora A,Sudeste,Supervisor A,SDR G,2026-06-17,2026-06-19,2026-06-20,,,Aprovado,0.0,0.0,6,5,1,1,0,0
L104597,2026-01-01,Inbound,Locadora B,Sudeste,Supervisor B,SDR B,,,,,,Lead,0.0,0.0,6,5,0,0,0,0
L104598,2026-06-22,Inbound,Locadora A,Sul,Supervisor B,SDR B,,,,,,Lead,0.0,0.0,6,5,0,0,0,0
L104599,2026-05-13,Inbound,Locadora A,Sul,Supervisor D,SDR A,,,,,,Lead,0.0,0.0,6,5,0,0,0,0
L104600,2026-06-28,C2C,Locadora A,Sudeste,Supervisor C,SDR C,,,,,,Lead,0.0,0.0,6,5,0,0,0,0
L104601,2026-06-21,C2C,Locadora A,Norte,Supervisor B,SDR D,,,,,,Lead,0.0,0.0,6,5,0,0,0,0
L104602,2026-02-26,Inbound,Locadora A,Norte,Supervisor C,SDR D,,,,,,Lead,0.0,0.0,6,5,0,0,0,0
L104603,2026-05-17,Inbound,Locadora A,Sul,Supervisor D,SDR A,,,,,,Lead,0.0,0.0,6,5,0,0,0,0
L104604,2026-02-08,C2C,Locadora A,Sudeste,Supervisor A,SDR B,,,,,,Lead,0.0,0.0,6,5,0,0,0,0
L104605,2026-03-27,C2C,Locadora A,Sul,Supervisor B,SDR A,,,,,,Lead,0.0,0.0,6,5,0,0,0,0
L104606,2026-02-13,Farmer,Locadora A,Norte,Supervisor C,SDR B,,,,,,Lead,0.0,0.0,6,5,0,0,0,0
L104607,2026-03-29,Crossover,Locadora B,Norte,Supervisor A,SDR E,2026-03-31,2026-04-03,2026-04-05,,,Aprovado,0.0,0.0,6,5,1,1,0,0
L104608,2026-06-07,Inbound,Locadora A,Sudeste,Supervisor C,SDR A,,,,,,Lead,0.0,0.0,6,5,0,0,0,0
L104609,2026-03-20,C2C,Locadora A,Sudeste,Supervisor A,SDR B,2026-03-22,2026-03-25,2026-03-26,,,Aprovado,0.0,0.0,6,5,1,1,0,0
L104610,2026-01-17,Farmer,Locadora B,Sudeste,Supervisor D,SDR E,,,,,,Lead,0.0,0.0,6,5,0,0,0,0
L104611,2026-02-28,Farmer,Locadora A,Nordeste,Supervisor D,SDR E,,,,,,Lead,0.0,0.0,6,5,0,0,0,0
L104612,2026-05-23,Inbound,Locadora A,Sul,Supervisor A,SDR H,,,,,,Lead,0.0,0.0,6,5,0,0,0,0
L104613,2026-04-05,Inbound,Locadora A,Sudeste,Supervisor C,SDR E,,,,,,Lead,0.0,0.0,6,5,0,0,0,0
L104614,2026-04-12,Inbound,Locadora B,Sudeste,Supervisor A,SDR H,2026-04-13,2026-04-17,,,,Análise de Crédito,0.0,0.0,6,5,1,0,0,0
L104615,2026-03-20,Farmer,Locadora A,Sudeste,Supervisor C,SDR F,2026-03-22,2026-03-26,2026-03-30,2026-04-04,,Formalizado,41264.02,0.0,6,5,1,1,1,0
L104616,2026-02-22,Inbound,Locadora A,Nordeste,Supervisor C,SDR E,2026-02-24,,,,,Pedido,0.0,0.0,6,5,1,0,0,0
L104617,2026-04-19,Inbound,Locadora B,Sudeste,Supervisor D,SDR D,,,,,,Lead,0.0,0.0,6,5,0,0,0,0
L104618,2026-04-25,Farmer,Locadora A,Sudeste,Supervisor A,SDR A,,,,,,Lead,0.0,0.0,6,5,0,0,0,0
L104619,2026-06-12,C2C,Locadora A,Centro-Oeste,Supervisor C,SDR F,2026-06-17,2026-06-20,2026-06-22,,,Aprovado,0.0,0.0,6,5,1,1,0,0
L104620,2026-04-22,Inbound,Locadora A,Sul,Supervisor D,SDR H,,,,,,Lead,0.0,0.0,6,5,0,0,0,0
L104621,2026-06-30,Farmer,Locadora A,Centro-Oeste,Supervisor A,SDR C,,,,,,Lead,0.0,0.0,6,5,0,0,0,0
L104622,2026-05-30,Crossover,Locadora B,Nordeste,Supervisor B,SDR C,,,,,,Lead,0.0,0.0,6,5,0,0,0,0
L104623,2026-01-15,Crossover,Locadora B,Sudeste,Supervisor C,SDR A,,,,,,Lead,0.0,0.0,6,5,0,0,0,0
L104624,2026-03-12,Inbound,Locadora A,Sudeste,Supervisor A,SDR E,,,,,,Lead,0.0,0.0,6,5,0,0,0,0
L104625,2026-03-11,Crossover,Locadora A,Sudeste,Supervisor A,SDR C,,,,,,Lead,0.0,0.0,6,5,0,0,0,0
L104626,2026-01-01,C2C,Locadora A,Centro-Oeste,Supervisor D,SDR A,2026-01-05,,,,,Pedido,0.0,0.0,6,5,1,0,0,0
L104627,2026-02-02,C2C,Locadora A,Norte,Supervisor C,SDR A,,,,,,Lead,0.0,0.0,6,5,0,0,0,0
L104628,2026-05-18,Crossover,Locadora B,Sudeste,Supervisor A,SDR C,,,,,,Lead,0.0,0.0,6,5,0,0,0,0
L104629,2026-03-05,C2C,Locadora A,Nordeste,Supervisor D,SDR D,,,,,,Lead,0.0,0.0,6,5,0,0,0,0
L104630,2026-01-27,Inbound,Locadora A,Centro-Oeste,Supervisor C,SDR D,,,,,,Lead,0.0,0.0,6,5,0,0,0,0
L104631,2026-02-22,Inbound,Locadora B,Norte,Supervisor B,SDR F,,,,,,Lead,0.0,0.0,6,5,0,0,0,0
L104632,2026-02-19,C2C,Locadora B,Sul,Supervisor D,SDR E,2026-02-22,,,,,Pedido,0.0,0.0,6,5,1,0,0,0
L104633,2026-02-01,Inbound,Locadora A,Sudeste,Supervisor B,SDR G,,,,,,Lead,0.0,0.0,6,5,0,0,0,0
L104634,2026-01-19,Crossover,Locadora A,Centro-Oeste,Supervisor B,SDR C,,,,,,Lead,0.0,0.0,6,5,0,0,0,0
L104635,2026-05-19,Crossover,Locadora A,Nordeste,Supervisor C,SDR B,,,,,,Lead,0.0,0.0,6,5,0,0,0,0
L104636,2026-05-30,Inbound,Locadora A,Centro-Oeste,Supervisor A,SDR E,,,,,,Lead,0.0,0.0,6,5,0,0,0,0
L104637,2026-03-31,C2C,Locadora A,Nordeste,Supervisor A,SDR A,,,,,,Lead,0.0,0.0,6,5,0,0,0,0
L104638,2026-04-22,Inbound,Locadora B,Sudeste,Supervisor A,SDR G,2026-04-23,2026-04-26,,,,Análise de Crédito,0.0,0.0,6,5,1,0,0,0
L104639,2026-06-16,Inbound,Locadora A,Centro-Oeste,Supervisor B,SDR B,2026-06-19,2026-06-22,2026-06-23,,,Aprovado,0.0,0.0,6,5,1,1,0,0
L104640,2026-06-02,Crossover,Locadora A,Sudeste,Supervisor A,SDR H,,,,,,Lead,0.0,0.0,6,5,0,0,0,0
L104641,2026-01-06,C2C,Locadora A,Sudeste,Supervisor C,SDR H,2026-01-09,2026-01-13,2026-01-16,,,Aprovado,0.0,0.0,6,5,1,1,0,0
L104642,2026-06-22,Inbound,Locadora A,Sudeste,Supervisor D,SDR E,,,,,,Lead,0.0,0.0,6,5,0,0,0,0
L104643,2026-01-13,Inbound,Locadora A,Sudeste,Supervisor B,SDR C,2026-01-15,,,,,Pedido,0.0,0.0,6,5,1,0,0,0
L104644,2026-01-05,Inbound,Locadora A,Sudeste,Supervisor A,SDR C,,,,,,Lead,0.0,0.0,6,5,0,0,0,0
L104645,2026-03-14,Inbound,Locadora B,Centro-Oeste,Supervisor A,SDR D,,,,,,Lead,0.0,0.0,6,5,0,0,0,0
L104646,2026-05-15,Crossover,Locadora A,Nordeste,Supervisor A,SDR D,2026-05-18,2026-05-21,,,,Análise de Crédito,0.0,0.0,6,5,1,0,0,0
L104647,2026-01-15,Inbound,Locadora B,Sudeste,Supervisor C,SDR A,,,,,,Lead,0.0,0.0,6,5,0,0,0,0
L104648,2026-02-23,Inbound,Locadora A,Sudeste,Supervisor B,SDR B,,,,,,Lead,0.0,0.0,6,5,0,0,0,0
L104649,2026-02-17,Inbound,Locadora A,Sudeste,Supervisor B,SDR G,,,,,,Lead,0.0,0.0,6,5,0,0,0,0
L104650,2026-03-13,Farmer,Locadora B,Sudeste,Supervisor D,SDR A,,,,,,Lead,0.0,0.0,6,5,0,0,0,0
L104651,2026-06-28,Inbound,Locadora A,Sudeste,Supervisor B,SDR D,,,,,,Lead,0.0,0.0,6,5,0,0,0,0
L104652,2026-03-01,Inbound,Locadora A,Sul,Supervisor C,SDR H,,,,,,Lead,0.0,0.0,6,5,0,0,0,0
L104653,2026-02-07,Crossover,Locadora A,Nordeste,Supervisor D,SDR A,,,,,,Lead,0.0,0.0,6,5,0,0,0,0
L104654,2026-01-23,Inbound,Locadora A,Sul,Supervisor A,SDR H,,,,,,Lead,0.0,0.0,6,5,0,0,0,0
L104655,2026-02-05,Farmer,Locadora A,Centro-Oeste,Supervisor A,SDR D,,,,,,Lead,0.0,0.0,6,5,0,0,0,0
L104656,2026-01-25,Farmer,Locadora B,Centro-Oeste,Supervisor A,SDR D,,,,,,Lead,0.0,0.0,6,5,0,0,0,0
L104657,2026-04-14,Farmer,Locadora A,Sudeste,Supervisor A,SDR F,2026-04-17,2026-04-19,,,,Análise de Crédito,0.0,0.0,6,5,1,0,0,0
L104658,2026-03-18,Crossover,Locadora A,Sudeste,Supervisor D,SDR G,,,,,,Lead,0.0,0.0,6,5,0,0,0,0
L104659,2026-04-01,Inbound,Locadora A,Sudeste,Supervisor D,SDR D,,,,,,Lead,0.0,0.0,6,5,0,0,0,0
L104660,2026-05-31,Inbound,Locadora A,Sudeste,Supervisor C,SDR A,,,,,,Lead,0.0,0.0,6,5,0,0,0,0
L104661,2026-04-16,C2C,Locadora A,Nordeste,Supervisor A,SDR H,2026-04-19,2026-04-22,2026-04-26,,,Aprovado,0.0,0.0,6,5,1,1,0,0
L104662,2026-01-29,Inbound,Locadora B,Sul,Supervisor D,SDR A,,,,,,Lead,0.0,0.0,6,5,0,0,0,0
L104663,2026-03-10,C2C,Locadora A,Sudeste,Supervisor D,SDR G,,,,,,Lead,0.0,0.0,6,5,0,0,0,0
L104664,2026-02-26,Crossover,Locadora B,Sudeste,Supervisor B,SDR D,,,,,,Lead,0.0,0.0,6,5,0,0,0,0
L104665,2026-05-30,Inbound,Locadora A,Sudeste,Supervisor C,SDR E,,,,,,Lead,0.0,0.0,6,5,0,0,0,0
L104666,2026-02-25,Farmer,Locadora A,Norte,Supervisor C,SDR G,2026-02-26,2026-03-01,2026-03-03,,,Aprovado,0.0,0.0,6,5,1,1,0,0
L104667,2026-01-26,Inbound,Locadora B,Sudeste,Supervisor C,SDR H,,,,,,Lead,0.0,0.0,6,5,0,0,0,0
L104668,2026-05-14,Inbound,Locadora A,Centro-Oeste,Supervisor B,SDR B,,,,,,Lead,0.0,0.0,6,5,0,0,0,0
L104669,2026-03-19,Inbound,Locadora A,Sudeste,Supervisor B,SDR G,,,,,,Lead,0.0,0.0,6,5,0,0,0,0
L104670,2026-01-18,C2C,Locadora B,Sudeste,Supervisor B,SDR F,,,,,,Lead,0.0,0.0,6,5,0,0,0,0
L104671,2026-05-05,Inbound,Locadora B,Sudeste,Supervisor B,SDR C,,,,,,Lead,0.0,0.0,6,5,0,0,0,0
L104672,2026-02-08,C2C,Locadora A,Nordeste,Supervisor D,SDR D,,,,,,Lead,0.0,0.0,6,5,0,0,0,0
L104673,2026-06-07,Inbound,Locadora A,Sudeste,Supervisor D,SDR G,,,,,,Lead,0.0,0.0,6,5,0,0,0,0
L104674,2026-05-31,Inbound,Locadora A,Centro-Oeste,Supervisor A,SDR B,2026-06-01,2026-06-05,2026-06-09,,,Aprovado,0.0,0.0,6,5,1,1,0,0
L104675,2026-03-08,Inbound,Locadora B,Sudeste,Supervisor A,SDR E,,,,,,Lead,0.0,0.0,6,5,0,0,0,0
L104676,2026-04-11,Inbound,Locadora A,Sul,Supervisor B,SDR F,,,,,,Lead,0.0,0.0,6,5,0,0,0,0
L104677,2026-04-13,C2C,Locadora A,Sul,Supervisor D,SDR E,,,,,,Lead,0.0,0.0,6,5,0,0,0,0
L104678,2026-04-29,C2C,Locadora A,Sul,Supervisor C,SDR D,,,,,,Lead,0.0,0.0,6,5,0,0,0,0
L104679,2026-01-13,C2C,Locadora A,Sudeste,Supervisor D,SDR E,,,,,,Lead,0.0,0.0,6,5,0,0,0,0
L104680,2026-02-28,C2C,Locadora A,Sudeste,Supervisor C,SDR E,,,,,,Lead,0.0,0.0,6,5,0,0,0,0
L104681,2026-01-31,Inbound,Locadora A,Nordeste,Supervisor C,SDR G,2026-02-01,2026-02-05,2026-02-06,2026-02-10,2026-02-18,Assinado,70993.19,58545.67,6,5,1,1,1,1
L104682,2026-05-07,Inbound,Locadora A,Sul,Supervisor C,SDR G,,,,,,Lead,0.0,0.0,6,5,0,0,0,0
L104683,2026-01-13,C2C,Locadora A,Sudeste,Supervisor A,SDR H,,,,,,Lead,0.0,0.0,6,5,0,0,0,0
L104684,2026-04-04,Crossover,Locadora A,Sudeste,Supervisor A,SDR A,,,,,,Lead,0.0,0.0,6,5,0,0,0,0
L104685,2026-05-12,C2C,Locadora A,Sudeste,Supervisor C,SDR C,,,,,,Lead,0.0,0.0,6,5,0,0,0,0
L104686,2026-06-21,Inbound,Locadora A,Sul,Supervisor B,SDR H,,,,,,Lead,0.0,0.0,6,5,0,0,0,0
L104687,2026-02-22,Inbound,Locadora A,Sudeste,Supervisor C,SDR F,,,,,,Lead,0.0,0.0,6,5,0,0,0,0
L104688,2026-01-02,Inbound,Locadora A,Sudeste,Supervisor B,SDR D,,,,,,Lead,0.0,0.0,6,5,0,0,0,0
L104689,2026-05-11,Inbound,Locadora A,Sudeste,Supervisor A,SDR F,2026-05-16,2026-05-20,2026-05-22,2026-05-25,,Formalizado,22458.69,0.0,6,5,1,1,1,0
L104690,2026-01-01,Crossover,Locadora A,Sul,Supervisor C,SDR D,,,,,,Lead,0.0,0.0,6,5,0,0,0,0
L104691,2026-01-13,Inbound,Locadora A,Norte,Supervisor D,SDR H,2026-01-14,2026-01-15,2026-01-19,,,Aprovado,0.0,0.0,6,5,1,1,0,0
L104692,2026-06-29,Inbound,Locadora A,Centro-Oeste,Supervisor B,SDR E,2026-07-04,2026-07-06,,,,Análise de Crédito,0.0,0.0,6,5,1,0,0,0
L104693,2026-06-06,Inbound,Locadora A,Sul,Supervisor A,SDR D,2026-06-11,2026-06-13,,,,Análise de Crédito,0.0,0.0,6,5,1,0,0,0
L104694,2026-05-09,Inbound,Locadora A,Centro-Oeste,Supervisor B,SDR E,,,,,,Lead,0.0,0.0,6,5,0,0,0,0
L104695,2026-06-01,Inbound,Locadora A,Sudeste,Supervisor D,SDR B,,,,,,Lead,0.0,0.0,6,5,0,0,0,0
L104696,2026-01-14,Inbound,Locadora A,Centro-Oeste,Supervisor B,SDR G,,,,,,Lead,0.0,0.0,6,5,0,0,0,0
L104697,2026-01-17,C2C,Locadora A,Sudeste,Supervisor A,SDR B,,,,,,Lead,0.0,0.0,6,5,0,0,0,0
L104698,2026-02-24,Crossover,Locadora A,Sudeste,Supervisor D,SDR A,2026-02-26,2026-03-01,,,,Análise de Crédito,0.0,0.0,6,5,1,0,0,0
L104699,2026-01-05,Inbound,Locadora A,Sul,Supervisor A,SDR A,,,,,,Lead,0.0,0.0,6,5,0,0,0,0
L104700,2026-06-10,Inbound,Locadora B,Sudeste,Supervisor A,SDR A,,,,,,Lead,0.0,0.0,6,5,0,0,0,0
L104701,2026-01-11,Inbound,Locadora A,Centro-Oeste,Supervisor C,SDR A,,,,,,Lead,0.0,0.0,6,5,0,0,0,0
L104702,2026-04-09,Inbound,Locadora A,Sul,Supervisor B,SDR A,,,,,,Lead,0.0,0.0,6,5,0,0,0,0
L104703,2026-06-04,Inbound,Locadora A,Sudeste,Supervisor A,SDR C,,,,,,Lead,0.0,0.0,6,5,0,0,0,0
L104704,2026-05-14,Inbound,Locadora A,Sudeste,Supervisor A,SDR H,,,,,,Lead,0.0,0.0,6,5,0,0,0,0
L104705,2026-02-12,Inbound,Locadora B,Sul,Supervisor A,SDR A,,,,,,Lead,0.0,0.0,6,5,0,0,0,0
L104706,2026-03-27,Inbound,Locadora A,Centro-Oeste,Supervisor A,SDR F,2026-04-01,2026-04-04,,,,Análise de Crédito,0.0,0.0,6,5,1,0,0,0
L104707,2026-04-10,Inbound,Locadora A,Nordeste,Supervisor A,SDR G,2026-04-14,2026-04-18,2026-04-22,2026-04-28,,Formalizado,15649.94,0.0,6,5,1,1,1,0
L104708,2026-05-19,Inbound,Locadora B,Sudeste,Supervisor B,SDR G,,,,,,Lead,0.0,0.0,6,5,0,0,0,0
L104709,2026-03-19,Inbound,Locadora A,Nordeste,Supervisor D,SDR C,,,,,,Lead,0.0,0.0,6,5,0,0,0,0
L104710,2026-02-21,Inbound,Locadora A,Sudeste,Supervisor B,SDR A,,,,,,Lead,0.0,0.0,6,5,0,0,0,0
L104711,2026-05-24,Farmer,Locadora A,Sudeste,Supervisor A,SDR C,2026-05-26,2026-05-29,2026-05-30,2026-06-04,2026-06-13,Assinado,84846.72,74525.9,6,5,1,1,1,1
L104712,2026-06-10,Inbound,Locadora B,Sul,Supervisor D,SDR E,,,,,,Lead,0.0,0.0,6,5,0,0,0,0
L104713,2026-03-30,Inbound,Locadora A,Sudeste,Supervisor C,SDR G,,,,,,Lead,0.0,0.0,6,5,0,0,0,0
L104714,2026-01-06,Inbound,Locadora A,Sudeste,Supervisor D,SDR B,,,,,,Lead,0.0,0.0,6,5,0,0,0,0
L104715,2026-04-01,Crossover,Locadora A,Sudeste,Supervisor C,SDR C,2026-04-02,2026-04-06,2026-04-09,,,Aprovado,0.0,0.0,6,5,1,1,0,0
L104716,2026-06-10,Inbound,Locadora A,Nordeste,Supervisor B,SDR E,,,,,,Lead,0.0,0.0,6,5,0,0,0,0
L104717,2026-06-29,C2C,Locadora A,Nordeste,Supervisor C,SDR F,,,,,,Lead,0.0,0.0,6,5,0,0,0,0
L104718,2026-03-14,Farmer,Locadora A,Norte,Supervisor A,SDR C,,,,,,Lead,0.0,0.0,6,5,0,0,0,0
L104719,2026-01-28,Inbound,Locadora A,Sudeste,Supervisor B,SDR G,,,,,,Lead,0.0,0.0,6,5,0,0,0,0
L104720,2026-04-14,Inbound,Locadora A,Sudeste,Supervisor B,SDR G,2026-04-15,2026-04-17,2026-04-18,,,Aprovado,0.0,0.0,6,5,1,1,0,0
L104721,2026-05-31,C2C,Locadora A,Nordeste,Supervisor B,SDR C,,,,,,Lead,0.0,0.0,6,5,0,0,0,0
L104722,2026-06-21,Crossover,Locadora A,Sudeste,Supervisor D,SDR E,2026-06-24,2026-06-26,2026-06-28,,,Aprovado,0.0,0.0,6,5,1,1,0,0
L104723,2026-01-10,Inbound,Locadora A,Sudeste,Supervisor D,SDR D,2026-01-12,2026-01-16,,,,Análise de Crédito,0.0,0.0,6,5,1,0,0,0
L104724,2026-02-22,C2C,Locadora B,Sudeste,Supervisor B,SDR F,,,,,,Lead,0.0,0.0,6,5,0,0,0,0
L104725,2026-03-28,Inbound,Locadora B,Sul,Supervisor D,SDR C,2026-03-29,2026-03-30,2026-04-02,,,Aprovado,0.0,0.0,6,5,1,1,0,0
L104726,2026-01-18,Crossover,Locadora A,Centro-Oeste,Supervisor A,SDR C,,,,,,Lead,0.0,0.0,6,5,0,0,0,0
L104727,2026-06-10,Inbound,Locadora A,Sudeste,Supervisor D,SDR D,,,,,,Lead,0.0,0.0,6,5,0,0,0,0
L104728,2026-01-21,Inbound,Locadora A,Sudeste,Supervisor C,SDR B,,,,,,Lead,0.0,0.0,6,5,0,0,0,0
L104729,2026-05-01,Crossover,Locadora B,Centro-Oeste,Supervisor C,SDR E,,,,,,Lead,0.0,0.0,6,5,0,0,0,0
L104730,2026-06-16,Inbound,Locadora A,Sul,Supervisor C,SDR H,,,,,,Lead,0.0,0.0,6,5,0,0,0,0
L104731,2026-05-05,Inbound,Locadora A,Sudeste,Supervisor D,SDR C,2026-05-07,2026-05-09,,,,Análise de Crédito,0.0,0.0,6,5,1,0,0,0
L104732,2026-05-19,Inbound,Locadora A,Sudeste,Supervisor C,SDR G,,,,,,Lead,0.0,0.0,6,5,0,0,0,0
L104733,2026-02-17,Inbound,Locadora A,Norte,Supervisor D,SDR D,,,,,,Lead,0.0,0.0,6,5,0,0,0,0
L104734,2026-05-30,C2C,Locadora B,Sul,Supervisor C,SDR B,,,,,,Lead,0.0,0.0,6,5,0,0,0,0
L104735,2026-03-17,Inbound,Locadora B,Sul,Supervisor B,SDR D,,,,,,Lead,0.0,0.0,6,5,0,0,0,0
L104736,2026-01-12,Farmer,Locadora A,Sul,Supervisor A,SDR D,,,,,,Lead,0.0,0.0,6,5,0,0,0,0
L104737,2026-03-08,Inbound,Locadora A,Norte,Supervisor D,SDR A,,,,,,Lead,0.0,0.0,6,5,0,0,0,0
L104738,2026-03-05,Crossover,Locadora B,Sudeste,Supervisor A,SDR D,2026-03-06,2026-03-08,2026-03-12,2026-03-13,2026-03-21,Assinado,64170.93,55766.34,6,5,1,1,1,1
L104739,2026-04-05,Inbound,Locadora A,Sudeste,Supervisor A,SDR B,2026-04-09,2026-04-12,2026-04-14,,,Aprovado,0.0,0.0,6,5,1,1,0,0
L104740,2026-02-17,Inbound,Locadora A,Sudeste,Supervisor A,SDR G,,,,,,Lead,0.0,0.0,6,5,0,0,0,0
L104741,2026-03-25,Inbound,Locadora A,Nordeste,Supervisor A,SDR E,,,,,,Lead,0.0,0.0,6,5,0,0,0,0
L104742,2026-03-19,Farmer,Locadora A,Sudeste,Supervisor A,SDR C,,,,,,Lead,0.0,0.0,6,5,0,0,0,0
L104743,2026-03-01,C2C,Locadora A,Sudeste,Supervisor B,SDR A,,,,,,Lead,0.0,0.0,6,5,0,0,0,0
L104744,2026-05-07,Farmer,Locadora A,Sudeste,Supervisor B,SDR E,2026-05-09,2026-05-13,2026-05-17,2026-05-18,2026-05-27,Assinado,46959.83,44585.24,6,5,1,1,1,1
L104745,2026-02-25,Inbound,Locadora B,Sul,Supervisor B,SDR F,,,,,,Lead,0.0,0.0,6,5,0,0,0,0
L104746,2026-05-19,Inbound,Locadora B,Centro-Oeste,Supervisor B,SDR D,,,,,,Lead,0.0,0.0,6,5,0,0,0,0
L104747,2026-02-15,Inbound,Locadora A,Sudeste,Supervisor B,SDR H,,,,,,Lead,0.0,0.0,6,5,0,0,0,0
L104748,2026-06-06,Inbound,Locadora A,Sudeste,Supervisor A,SDR B,2026-06-10,2026-06-13,,,,Análise de Crédito,0.0,0.0,6,5,1,0,0,0
L104749,2026-03-08,Farmer,Locadora A,Centro-Oeste,Supervisor C,SDR G,2026-03-09,2026-03-10,,,,Análise de Crédito,0.0,0.0,6,5,1,0,0,0
L104750,2026-01-08,C2C,Locadora A,Sudeste,Supervisor B,SDR D,2026-01-10,2026-01-12,,,,Análise de Crédito,0.0,0.0,6,5,1,0,0,0
L104751,2026-01-28,Inbound,Locadora A,Centro-Oeste,Supervisor C,SDR C,,,,,,Lead,0.0,0.0,6,5,0,0,0,0
L104752,2026-05-26,C2C,Locadora B,Sudeste,Supervisor A,SDR C,,,,,,Lead,0.0,0.0,6,5,0,0,0,0
L104753,2026-06-07,C2C,Locadora A,Nordeste,Supervisor D,SDR D,2026-06-12,2026-06-16,2026-06-18,2026-06-22,2026-07-01,Assinado,37117.71,37765.77,6,5,1,1,1,1
L104754,2026-02-08,Inbound,Locadora A,Sudeste,Supervisor C,SDR A,2026-02-13,2026-02-17,2026-02-18,,,Aprovado,0.0,0.0,6,5,1,1,0,0
L104755,2026-04-19,C2C,Locadora B,Centro-Oeste,Supervisor B,SDR F,2026-04-22,2026-04-25,,,,Análise de Crédito,0.0,0.0,6,5,1,0,0,0
L104756,2026-04-14,Crossover,Locadora B,Sudeste,Supervisor B,SDR D,,,,,,Lead,0.0,0.0,6,5,0,0,0,0
L104757,2026-01-25,Crossover,Locadora A,Sudeste,Supervisor B,SDR F,,,,,,Lead,0.0,0.0,6,5,0,0,0,0
L104758,2026-03-23,Inbound,Locadora A,Centro-Oeste,Supervisor D,SDR E,2026-03-25,2026-03-29,2026-03-30,2026-04-06,2026-04-09,Assinado,147272.73,145343.04,6,5,1,1,1,1
L104759,2026-05-06,Inbound,Locadora A,Sul,Supervisor C,SDR H,,,,,,Lead,0.0,0.0,6,5,0,0,0,0
L104760,2026-06-25,Inbound,Locadora A,Centro-Oeste,Supervisor B,SDR A,,,,,,Lead,0.0,0.0,6,5,0,0,0,0
L104761,2026-06-03,C2C,Locadora A,Sul,Supervisor C,SDR D,,,,,,Lead,0.0,0.0,6,5,0,0,0,0
L104762,2026-01-18,Inbound,Locadora A,Sul,Supervisor A,SDR E,,,,,,Lead,0.0,0.0,6,5,0,0,0,0
L104763,2026-02-12,Inbound,Locadora A,Nordeste,Supervisor D,SDR B,,,,,,Lead,0.0,0.0,6,5,0,0,0,0
L104764,2026-03-21,Inbound,Locadora A,Sudeste,Supervisor C,SDR F,2026-03-23,2026-03-26,,,,Análise de Crédito,0.0,0.0,6,5,1,0,0,0
L104765,2026-01-28,Crossover,Locadora A,Nordeste,Supervisor B,SDR C,,,,,,Lead,0.0,0.0,6,5,0,0,0,0
L104766,2026-04-14,Farmer,Locadora A,Sudeste,Supervisor C,SDR G,,,,,,Lead,0.0,0.0,6,5,0,0,0,0
L104767,2026-01-02,Inbound,Locadora A,Sudeste,Supervisor A,SDR H,,,,,,Lead,0.0,0.0,6,5,0,0,0,0
L104768,2026-01-21,C2C,Locadora A,Centro-Oeste,Supervisor B,SDR G,,,,,,Lead,0.0,0.0,6,5,0,0,0,0
L104769,2026-01-09,Inbound,Locadora A,Sudeste,Supervisor D,SDR F,2026-01-14,2026-01-15,2026-01-16,,,Aprovado,0.0,0.0,6,5,1,1,0,0
L104770,2026-02-23,Crossover,Locadora B,Sudeste,Supervisor D,SDR F,,,,,,Lead,0.0,0.0,6,5,0,0,0,0
L104771,2026-05-18,Crossover,Locadora A,Sudeste,Supervisor A,SDR G,,,,,,Lead,0.0,0.0,6,5,0,0,0,0
L104772,2026-02-02,Crossover,Locadora A,Sul,Supervisor C,SDR H,,,,,,Lead,0.0,0.0,6,5,0,0,0,0
L104773,2026-06-28,C2C,Locadora A,Sul,Supervisor C,SDR F,,,,,,Lead,0.0,0.0,6,5,0,0,0,0
L104774,2026-02-18,Inbound,Locadora B,Sudeste,Supervisor C,SDR H,,,,,,Lead,0.0,0.0,6,5,0,0,0,0
L104775,2026-01-09,Inbound,Locadora A,Sudeste,Supervisor B,SDR H,,,,,,Lead,0.0,0.0,6,5,0,0,0,0
L104776,2026-03-02,Inbound,Locadora A,Sudeste,Supervisor C,SDR B,,,,,,Lead,0.0,0.0,6,5,0,0,0,0
L104777,2026-05-16,C2C,Locadora B,Sudeste,Supervisor B,SDR E,,,,,,Lead,0.0,0.0,6,5,0,0,0,0
L104778,2026-01-20,Inbound,Locadora A,Sudeste,Supervisor D,SDR C,,,,,,Lead,0.0,0.0,6,5,0,0,0,0
L104779,2026-01-14,Inbound,Locadora A,Sudeste,Supervisor D,SDR H,,,,,,Lead,0.0,0.0,6,5,0,0,0,0
L104780,2026-06-03,Farmer,Locadora A,Nordeste,Supervisor D,SDR F,,,,,,Lead,0.0,0.0,6,5,0,0,0,0
L104781,2026-04-18,Inbound,Locadora B,Centro-Oeste,Supervisor B,SDR H,,,,,,Lead,0.0,0.0,6,5,0,0,0,0
L104782,2026-03-04,Inbound,Locadora A,Sudeste,Supervisor C,SDR C,,,,,,Lead,0.0,0.0,6,5,0,0,0,0
L104783,2026-05-17,Inbound,Locadora A,Sudeste,Supervisor A,SDR G,,,,,,Lead,0.0,0.0,6,5,0,0,0,0
L104784,2026-06-02,Inbound,Locadora B,Sudeste,Supervisor D,SDR A,2026-06-05,2026-06-08,,,,Análise de Crédito,0.0,0.0,6,5,1,0,0,0
L104785,2026-03-07,C2C,Locadora A,Sudeste,Supervisor D,SDR H,,,,,,Lead,0.0,0.0,6,5,0,0,0,0
L104786,2026-04-12,Inbound,Locadora A,Sudeste,Supervisor D,SDR B,,,,,,Lead,0.0,0.0,6,5,0,0,0,0
L104787,2026-01-02,C2C,Locadora A,Nordeste,Supervisor A,SDR E,,,,,,Lead,0.0,0.0,6,5,0,0,0,0
L104788,2026-02-25,Inbound,Locadora A,Centro-Oeste,Supervisor B,SDR F,,,,,,Lead,0.0,0.0,6,5,0,0,0,0
L104789,2026-04-18,Inbound,Locadora A,Sul,Supervisor B,SDR F,2026-04-21,2026-04-23,,,,Análise de Crédito,0.0,0.0,6,5,1,0,0,0
L104790,2026-02-05,Inbound,Locadora A,Sudeste,Supervisor D,SDR B,,,,,,Lead,0.0,0.0,6,5,0,0,0,0
L104791,2026-06-29,Inbound,Locadora B,Centro-Oeste,Supervisor C,SDR E,,,,,,Lead,0.0,0.0,6,5,0,0,0,0
L104792,2026-06-25,Inbound,Locadora A,Norte,Supervisor C,SDR E,,,,,,Lead,0.0,0.0,6,5,0,0,0,0
L104793,2026-02-16,Inbound,Locadora A,Sudeste,Supervisor B,SDR G,,,,,,Lead,0.0,0.0,6,5,0,0,0,0
L104794,2026-03-13,Inbound,Locadora A,Nordeste,Supervisor A,SDR C,2026-03-14,2026-03-15,,,,Análise de Crédito,0.0,0.0,6,5,1,0,0,0
L104795,2026-02-04,Farmer,Locadora A,Sudeste,Supervisor C,SDR G,,,,,,Lead,0.0,0.0,6,5,0,0,0,0
L104796,2026-04-02,Inbound,Locadora A,Centro-Oeste,Supervisor C,SDR E,2026-04-05,2026-04-08,2026-04-12,2026-04-15,2026-04-24,Assinado,67471.31,58967.22,6,5,1,1,1,1
L104797,2026-01-23,C2C,Locadora A,Sudeste,Supervisor B,SDR G,2026-01-27,2026-01-28,2026-01-30,,,Aprovado,0.0,0.0,6,5,1,1,0,0
L104798,2026-03-12,Inbound,Locadora A,Sul,Supervisor C,SDR H,2026-03-13,2026-03-17,2026-03-21,,,Aprovado,0.0,0.0,6,5,1,1,0,0
L104799,2026-04-11,Inbound,Locadora A,Sudeste,Supervisor B,SDR D,,,,,,Lead,0.0,0.0,6,5,0,0,0,0
L104800,2026-04-21,Inbound,Locadora A,Sul,Supervisor C,SDR D,,,,,,Lead,0.0,0.0,6,5,0,0,0,0
L104801,2026-04-18,Farmer,Locadora B,Sul,Supervisor B,SDR G,,,,,,Lead,0.0,0.0,6,5,0,0,0,0
L104802,2026-02-10,Inbound,Locadora A,Sul,Supervisor D,SDR G,,,,,,Lead,0.0,0.0,6,5,0,0,0,0
L104803,2026-05-24,Inbound,Locadora A,Centro-Oeste,Supervisor D,SDR H,,,,,,Lead,0.0,0.0,6,5,0,0,0,0
L104804,2026-05-06,Inbound,Locadora A,Sudeste,Supervisor B,SDR E,,,,,,Lead,0.0,0.0,6,5,0,0,0,0
L104805,2026-05-17,Inbound,Locadora A,Centro-Oeste,Supervisor A,SDR F,,,,,,Lead,0.0,0.0,6,5,0,0,0,0
L104806,2026-03-26,Farmer,Locadora A,Sudeste,Supervisor C,SDR A,2026-03-31,2026-04-02,,,,Análise de Crédito,0.0,0.0,6,5,1,0,0,0
L104807,2026-06-11,Inbound,Locadora A,Centro-Oeste,Supervisor D,SDR D,,,,,,Lead,0.0,0.0,6,5,0,0,0,0
L104808,2026-03-12,C2C,Locadora A,Sudeste,Supervisor C,SDR B,,,,,,Lead,0.0,0.0,6,5,0,0,0,0
L104809,2026-05-26,Crossover,Locadora B,Sul,Supervisor B,SDR G,,,,,,Lead,0.0,0.0,6,5,0,0,0,0
L104810,2026-02-06,Crossover,Locadora A,Sudeste,Supervisor C,SDR A,2026-02-07,2026-02-11,2026-02-12,,,Aprovado,0.0,0.0,6,5,1,1,0,0
L104811,2026-02-14,Inbound,Locadora A,Norte,Supervisor B,SDR G,,,,,,Lead,0.0,0.0,6,5,0,0,0,0
L104812,2026-04-06,Inbound,Locadora A,Sul,Supervisor D,SDR G,,,,,,Lead,0.0,0.0,6,5,0,0,0,0
L104813,2026-04-11,Inbound,Locadora A,Sudeste,Supervisor C,SDR D,,,,,,Lead,0.0,0.0,6,5,0,0,0,0
L104814,2026-05-16,Inbound,Locadora A,Centro-Oeste,Supervisor C,SDR F,2026-05-21,2026-05-23,2026-05-27,,,Aprovado,0.0,0.0,6,5,1,1,0,0
L104815,2026-02-23,Inbound,Locadora B,Sudeste,Supervisor B,SDR E,,,,,,Lead,0.0,0.0,6,5,0,0,0,0
L104816,2026-06-07,Inbound,Locadora A,Sudeste,Supervisor A,SDR F,,,,,,Lead,0.0,0.0,6,5,0,0,0,0
L104817,2026-03-01,Inbound,Locadora B,Sudeste,Supervisor C,SDR F,,,,,,Lead,0.0,0.0,6,5,0,0,0,0
L104818,2026-04-07,C2C,Locadora A,Centro-Oeste,Supervisor B,SDR C,,,,,,Lead,0.0,0.0,6,5,0,0,0,0
L104819,2026-06-18,Inbound,Locadora B,Norte,Supervisor D,SDR F,,,,,,Lead,0.0,0.0,6,5,0,0,0,0
L104820,2026-04-08,Inbound,Locadora B,Norte,Supervisor A,SDR H,2026-04-10,2026-04-14,,,,Análise de Crédito,0.0,0.0,6,5,1,0,0,0
L104821,2026-05-04,Inbound,Locadora B,Sudeste,Supervisor D,SDR C,,,,,,Lead,0.0,0.0,6,5,0,0,0,0
L104822,2026-06-14,Inbound,Locadora A,Sudeste,Supervisor D,SDR C,,,,,,Lead,0.0,0.0,6,5,0,0,0,0
L104823,2026-06-26,Inbound,Locadora B,Nordeste,Supervisor C,SDR C,,,,,,Lead,0.0,0.0,6,5,0,0,0,0
L104824,2026-04-01,C2C,Locadora A,Sudeste,Supervisor D,SDR H,,,,,,Lead,0.0,0.0,6,5,0,0,0,0
L104825,2026-03-17,Inbound,Locadora A,Sul,Supervisor C,SDR H,,,,,,Lead,0.0,0.0,6,5,0,0,0,0
L104826,2026-02-05,Farmer,Locadora A,Norte,Supervisor A,SDR C,,,,,,Lead,0.0,0.0,6,5,0,0,0,0
L104827,2026-04-08,Crossover,Locadora A,Sudeste,Supervisor B,SDR H,,,,,,Lead,0.0,0.0,6,5,0,0,0,0
L104828,2026-06-16,Farmer,Locadora A,Sudeste,Supervisor D,SDR G,,,,,,Lead,0.0,0.0,6,5,0,0,0,0
L104829,2026-03-30,Inbound,Locadora A,Nordeste,Supervisor D,SDR D,2026-04-02,2026-04-05,2026-04-09,2026-04-10,2026-04-16,Assinado,39226.42,38477.99,6,5,1,1,1,1
L104830,2026-03-05,C2C,Locadora A,Centro-Oeste,Supervisor A,SDR G,,,,,,Lead,0.0,0.0,6,5,0,0,0,0
L104831,2026-01-20,Inbound,Locadora A,Norte,Supervisor A,SDR H,,,,,,Lead,0.0,0.0,6,5,0,0,0,0
L104832,2026-03-12,Crossover,Locadora A,Sul,Supervisor D,SDR G,,,,,,Lead,0.0,0.0,6,5,0,0,0,0
L104833,2026-02-12,Inbound,Locadora B,Sudeste,Supervisor A,SDR D,2026-02-16,2026-02-20,2026-02-21,,,Aprovado,0.0,0.0,6,5,1,1,0,0
L104834,2026-06-26,Inbound,Locadora A,Nordeste,Supervisor D,SDR B,,,,,,Lead,0.0,0.0,6,5,0,0,0,0
L104835,2026-04-06,Inbound,Locadora B,Centro-Oeste,Supervisor C,SDR B,2026-04-07,2026-04-10,2026-04-11,2026-04-18,2026-04-26,Assinado,61232.69,54066.89,6,5,1,1,1,1
L104836,2026-01-25,Inbound,Locadora B,Norte,Supervisor D,SDR G,,,,,,Lead,0.0,0.0,6,5,0,0,0,0
L104837,2026-01-13,Inbound,Locadora A,Sul,Supervisor A,SDR F,2026-01-14,,,,,Pedido,0.0,0.0,6,5,1,0,0,0
L104838,2026-06-03,Farmer,Locadora A,Sul,Supervisor B,SDR F,2026-06-08,2026-06-09,,,,Análise de Crédito,0.0,0.0,6,5,1,0,0,0
L104839,2026-06-18,Inbound,Locadora A,Sudeste,Supervisor C,SDR A,,,,,,Lead,0.0,0.0,6,5,0,0,0,0
L104840,2026-05-19,C2C,Locadora A,Sudeste,Supervisor A,SDR H,,,,,,Lead,0.0,0.0,6,5,0,0,0,0
L104841,2026-01-23,Inbound,Locadora A,Norte,Supervisor A,SDR A,,,,,,Lead,0.0,0.0,6,5,0,0,0,0
L104842,2026-01-18,Crossover,Locadora A,Norte,Supervisor C,SDR E,,,,,,Lead,0.0,0.0,6,5,0,0,0,0
L104843,2026-02-05,Inbound,Locadora A,Sul,Supervisor A,SDR H,,,,,,Lead,0.0,0.0,6,5,0,0,0,0
L104844,2026-05-16,Crossover,Locadora A,Norte,Supervisor D,SDR B,2026-05-20,2026-05-22,2026-05-26,,,Aprovado,0.0,0.0,6,5,1,1,0,0
L104845,2026-05-19,Inbound,Locadora A,Sudeste,Supervisor C,SDR E,,,,,,Lead,0.0,0.0,6,5,0,0,0,0
L104846,2026-06-01,Inbound,Locadora B,Nordeste,Supervisor C,SDR G,,,,,,Lead,0.0,0.0,6,5,0,0,0,0
L104847,2026-01-18,Inbound,Locadora A,Sul,Supervisor C,SDR C,2026-01-21,2026-01-23,,,,Análise de Crédito,0.0,0.0,6,5,1,0,0,0
L104848,2026-01-28,Inbound,Locadora B,Centro-Oeste,Supervisor C,SDR A,2026-01-30,2026-02-01,,,,Análise de Crédito,0.0,0.0,6,5,1,0,0,0
L104849,2026-06-12,Inbound,Locadora A,Centro-Oeste,Supervisor D,SDR D,,,,,,Lead,0.0,0.0,6,5,0,0,0,0
L104850,2026-06-18,Inbound,Locadora A,Sul,Supervisor A,SDR G,,,,,,Lead,0.0,0.0,6,5,0,0,0,0
L104851,2026-05-12,C2C,Locadora A,Nordeste,Supervisor A,SDR E,,,,,,Lead,0.0,0.0,6,5,0,0,0,0
L104852,2026-01-20,Inbound,Locadora A,Sudeste,Supervisor C,SDR D,,,,,,Lead,0.0,0.0,6,5,0,0,0,0
L104853,2026-01-13,Inbound,Locadora A,Nordeste,Supervisor A,SDR F,,,,,,Lead,0.0,0.0,6,5,0,0,0,0
L104854,2026-01-11,Inbound,Locadora A,Sudeste,Supervisor A,SDR A,,,,,,Lead,0.0,0.0,6,5,0,0,0,0
L104855,2026-05-06,Farmer,Locadora A,Sudeste,Supervisor A,SDR C,,,,,,Lead,0.0,0.0,6,5,0,0,0,0
L104856,2026-06-03,Inbound,Locadora B,Centro-Oeste,Supervisor A,SDR H,,,,,,Lead,0.0,0.0,6,5,0,0,0,0
L104857,2026-04-25,Inbound,Locadora A,Centro-Oeste,Supervisor B,SDR D,2026-04-29,,,,,Pedido,0.0,0.0,6,5,1,0,0,0
L104858,2026-02-17,C2C,Locadora A,Nordeste,Supervisor C,SDR H,,,,,,Lead,0.0,0.0,6,5,0,0,0,0
L104859,2026-05-18,Farmer,Locadora B,Sudeste,Supervisor A,SDR E,,,,,,Lead,0.0,0.0,6,5,0,0,0,0
L104860,2026-01-11,Inbound,Locadora A,Sudeste,Supervisor D,SDR H,,,,,,Lead,0.0,0.0,6,5,0,0,0,0
L104861,2026-05-30,Crossover,Locadora B,Sul,Supervisor D,SDR F,,,,,,Lead,0.0,0.0,6,5,0,0,0,0
L104862,2026-06-11,Crossover,Locadora A,Nordeste,Supervisor C,SDR D,,,,,,Lead,0.0,0.0,6,5,0,0,0,0
L104863,2026-05-11,Inbound,Locadora A,Norte,Supervisor A,SDR H,,,,,,Lead,0.0,0.0,6,5,0,0,0,0
L104864,2026-06-09,Farmer,Locadora A,Nordeste,Supervisor C,SDR C,2026-06-13,2026-06-14,2026-06-15,,,Aprovado,0.0,0.0,6,5,1,1,0,0
L104865,2026-04-17,Inbound,Locadora A,Sul,Supervisor D,SDR D,,,,,,Lead,0.0,0.0,6,5,0,0,0,0
L104866,2026-03-26,Crossover,Locadora A,Nordeste,Supervisor A,SDR F,2026-03-30,2026-04-02,,,,Análise de Crédito,0.0,0.0,6,5,1,0,0,0
L104867,2026-02-28,Inbound,Locadora B,Sudeste,Supervisor C,SDR G,,,,,,Lead,0.0,0.0,6,5,0,0,0,0
L104868,2026-06-16,Inbound,Locadora A,Norte,Supervisor C,SDR B,,,,,,Lead,0.0,0.0,6,5,0,0,0,0
L104869,2026-05-07,Inbound,Locadora B,Sul,Supervisor C,SDR H,,,,,,Lead,0.0,0.0,6,5,0,0,0,0
L104870,2026-02-04,Crossover,Locadora A,Sudeste,Supervisor D,SDR D,,,,,,Lead,0.0,0.0,6,5,0,0,0,0
L104871,2026-06-23,Crossover,Locadora A,Sul,Supervisor A,SDR C,,,,,,Lead,0.0,0.0,6,5,0,0,0,0
L104872,2026-01-11,Inbound,Locadora B,Nordeste,Supervisor A,SDR B,,,,,,Lead,0.0,0.0,6,5,0,0,0,0
L104873,2026-04-17,Crossover,Locadora B,Sudeste,Supervisor A,SDR A,,,,,,Lead,0.0,0.0,6,5,0,0,0,0
L104874,2026-02-04,Inbound,Locadora A,Sudeste,Supervisor B,SDR E,,,,,,Lead,0.0,0.0,6,5,0,0,0,0
L104875,2026-05-01,Crossover,Locadora A,Centro-Oeste,Supervisor B,SDR E,,,,,,Lead,0.0,0.0,6,5,0,0,0,0
L104876,2026-03-16,Inbound,Locadora A,Norte,Supervisor D,SDR A,,,,,,Lead,0.0,0.0,6,5,0,0,0,0
L104877,2026-03-21,Farmer,Locadora A,Sul,Supervisor C,SDR H,,,,,,Lead,0.0,0.0,6,5,0,0,0,0
L104878,2026-05-02,C2C,Locadora B,Sudeste,Supervisor C,SDR E,,,,,,Lead,0.0,0.0,6,5,0,0,0,0
L104879,2026-05-17,C2C,Locadora A,Centro-Oeste,Supervisor C,SDR A,,,,,,Lead,0.0,0.0,6,5,0,0,0,0
L104880,2026-03-10,Inbound,Locadora A,Sudeste,Supervisor D,SDR G,,,,,,Lead,0.0,0.0,6,5,0,0,0,0
L104881,2026-06-30,Crossover,Locadora A,Sudeste,Supervisor B,SDR B,,,,,,Lead,0.0,0.0,6,5,0,0,0,0
L104882,2026-04-01,Inbound,Locadora A,Sudeste,Supervisor C,SDR F,2026-04-05,2026-04-08,2026-04-10,,,Aprovado,0.0,0.0,6,5,1,1,0,0
L104883,2026-01-30,Inbound,Locadora A,Sul,Supervisor B,SDR F,2026-01-31,2026-02-03,2026-02-05,,,Aprovado,0.0,0.0,6,5,1,1,0,0
L104884,2026-01-02,Crossover,Locadora A,Sudeste,Supervisor A,SDR G,2026-01-04,2026-01-05,2026-01-08,,,Aprovado,0.0,0.0,6,5,1,1,0,0
L104885,2026-02-06,Inbound,Locadora A,Sudeste,Supervisor D,SDR G,,,,,,Lead,0.0,0.0,6,5,0,0,0,0
L104886,2026-05-06,Inbound,Locadora B,Sudeste,Supervisor A,SDR H,,,,,,Lead,0.0,0.0,6,5,0,0,0,0
L104887,2026-04-08,Inbound,Locadora B,Centro-Oeste,Supervisor B,SDR A,,,,,,Lead,0.0,0.0,6,5,0,0,0,0
L104888,2026-03-03,Inbound,Locadora A,Sudeste,Supervisor B,SDR C,,,,,,Lead,0.0,0.0,6,5,0,0,0,0
L104889,2026-03-29,Inbound,Locadora A,Sudeste,Supervisor A,SDR C,2026-04-01,2026-04-02,2026-04-04,2026-04-10,2026-04-12,Assinado,67416.79,56054.08,6,5,1,1,1,1
L104890,2026-06-01,Inbound,Locadora B,Sul,Supervisor D,SDR D,,,,,,Lead,0.0,0.0,6,5,0,0,0,0
L104891,2026-04-14,C2C,Locadora B,Centro-Oeste,Supervisor B,SDR B,,,,,,Lead,0.0,0.0,6,5,0,0,0,0
L104892,2026-01-11,Crossover,Locadora B,Nordeste,Supervisor B,SDR B,,,,,,Lead,0.0,0.0,6,5,0,0,0,0
L104893,2026-01-09,Crossover,Locadora A,Sul,Supervisor B,SDR H,2026-01-12,2026-01-15,2026-01-17,,,Aprovado,0.0,0.0,6,5,1,1,0,0
L104894,2026-03-29,Inbound,Locadora A,Centro-Oeste,Supervisor D,SDR H,,,,,,Lead,0.0,0.0,6,5,0,0,0,0
L104895,2026-03-15,Inbound,Locadora A,Nordeste,Supervisor B,SDR F,,,,,,Lead,0.0,0.0,6,5,0,0,0,0
L104896,2026-06-03,Inbound,Locadora A,Centro-Oeste,Supervisor D,SDR E,,,,,,Lead,0.0,0.0,6,5,0,0,0,0
L104897,2026-04-16,Crossover,Locadora A,Sul,Supervisor C,SDR D,,,,,,Lead,0.0,0.0,6,5,0,0,0,0
L104898,2026-05-17,C2C,Locadora A,Sudeste,Supervisor D,SDR F,,,,,,Lead,0.0,0.0,6,5,0,0,0,0
L104899,2026-04-16,Inbound,Locadora A,Sudeste,Supervisor C,SDR G,,,,,,Lead,0.0,0.0,6,5,0,0,0,0
L104900,2026-03-04,Inbound,Locadora A,Sudeste,Supervisor D,SDR D,,,,,,Lead,0.0,0.0,6,5,0,0,0,0
L104901,2026-04-29,Inbound,Locadora A,Sudeste,Supervisor C,SDR E,2026-05-01,2026-05-02,,,,Análise de Crédito,0.0,0.0,6,5,1,0,0,0
L104902,2026-04-23,C2C,Locadora A,Norte,Supervisor A,SDR H,,,,,,Lead,0.0,0.0,6,5,0,0,0,0
L104903,2026-05-11,Inbound,Locadora A,Sudeste,Supervisor A,SDR H,,,,,,Lead,0.0,0.0,6,5,0,0,0,0
L104904,2026-02-04,C2C,Locadora A,Sul,Supervisor D,SDR B,,,,,,Lead,0.0,0.0,6,5,0,0,0,0
L104905,2026-04-27,Inbound,Locadora B,Norte,Supervisor A,SDR B,2026-04-29,2026-05-03,2026-05-04,2026-05-07,,Formalizado,56991.04,0.0,6,5,1,1,1,0
L104906,2026-02-21,Inbound,Locadora A,Sul,Supervisor A,SDR B,,,,,,Lead,0.0,0.0,6,5,0,0,0,0
L104907,2026-05-24,C2C,Locadora A,Sudeste,Supervisor D,SDR A,,,,,,Lead,0.0,0.0,6,5,0,0,0,0
L104908,2026-05-25,Inbound,Locadora A,Norte,Supervisor B,SDR F,,,,,,Lead,0.0,0.0,6,5,0,0,0,0
L104909,2026-04-24,Inbound,Locadora A,Sudeste,Supervisor A,SDR D,,,,,,Lead,0.0,0.0,6,5,0,0,0,0
L104910,2026-06-21,C2C,Locadora A,Sudeste,Supervisor A,SDR A,,,,,,Lead,0.0,0.0,6,5,0,0,0,0
L104911,2026-04-08,Crossover,Locadora A,Sudeste,Supervisor B,SDR B,,,,,,Lead,0.0,0.0,6,5,0,0,0,0
L104912,2026-01-05,Inbound,Locadora B,Sudeste,Supervisor D,SDR E,,,,,,Lead,0.0,0.0,6,5,0,0,0,0
L104913,2026-04-20,C2C,Locadora A,Nordeste,Supervisor B,SDR G,,,,,,Lead,0.0,0.0,6,5,0,0,0,0
L104914,2026-05-21,C2C,Locadora B,Sudeste,Supervisor D,SDR F,,,,,,Lead,0.0,0.0,6,5,0,0,0,0
L104915,2026-01-19,C2C,Locadora A,Nordeste,Supervisor C,SDR E,,,,,,Lead,0.0,0.0,6,5,0,0,0,0
L104916,2026-01-19,C2C,Locadora A,Sudeste,Supervisor B,SDR B,,,,,,Lead,0.0,0.0,6,5,0,0,0,0
L104917,2026-02-19,Crossover,Locadora A,Norte,Supervisor A,SDR C,,,,,,Lead,0.0,0.0,6,5,0,0,0,0
L104918,2026-06-02,C2C,Locadora A,Sudeste,Supervisor D,SDR G,2026-06-07,,,,,Pedido,0.0,0.0,6,5,1,0,0,0
L104919,2026-04-06,Inbound,Locadora B,Norte,Supervisor D,SDR G,,,,,,Lead,0.0,0.0,6,5,0,0,0,0
L104920,2026-06-26,Inbound,Locadora A,Sudeste,Supervisor A,SDR G,2026-06-29,2026-06-30,,,,Análise de Crédito,0.0,0.0,6,5,1,0,0,0
L104921,2026-06-08,Inbound,Locadora A,Nordeste,Supervisor B,SDR E,,,,,,Lead,0.0,0.0,6,5,0,0,0,0
L104922,2026-04-11,Farmer,Locadora A,Nordeste,Supervisor C,SDR C,,,,,,Lead,0.0,0.0,6,5,0,0,0,0
L104923,2026-05-03,Inbound,Locadora B,Sul,Supervisor D,SDR E,,,,,,Lead,0.0,0.0,6,5,0,0,0,0
L104924,2026-03-01,C2C,Locadora A,Sudeste,Supervisor D,SDR H,,,,,,Lead,0.0,0.0,6,5,0,0,0,0
L104925,2026-01-17,Inbound,Locadora A,Sul,Supervisor B,SDR B,2026-01-21,2026-01-22,,,,Análise de Crédito,0.0,0.0,6,5,1,0,0,0
L104926,2026-03-14,Inbound,Locadora A,Sul,Supervisor D,SDR G,,,,,,Lead,0.0,0.0,6,5,0,0,0,0
L104927,2026-04-18,Inbound,Locadora A,Sul,Supervisor C,SDR H,,,,,,Lead,0.0,0.0,6,5,0,0,0,0
L104928,2026-02-02,Crossover,Locadora A,Sul,Supervisor B,SDR G,,,,,,Lead,0.0,0.0,6,5,0,0,0,0
L104929,2026-02-10,Inbound,Locadora A,Norte,Supervisor B,SDR F,,,,,,Lead,0.0,0.0,6,5,0,0,0,0
L104930,2026-01-03,Inbound,Locadora B,Norte,Supervisor D,SDR D,,,,,,Lead,0.0,0.0,6,5,0,0,0,0
L104931,2026-05-13,Inbound,Locadora A,Sul,Supervisor D,SDR G,,,,,,Lead,0.0,0.0,6,5,0,0,0,0
L104932,2026-06-12,Crossover,Locadora A,Sudeste,Supervisor D,SDR B,,,,,,Lead,0.0,0.0,6,5,0,0,0,0
L104933,2026-05-30,Inbound,Locadora A,Sudeste,Supervisor B,SDR G,,,,,,Lead,0.0,0.0,6,5,0,0,0,0
L104934,2026-03-10,Inbound,Locadora B,Centro-Oeste,Supervisor B,SDR D,,,,,,Lead,0.0,0.0,6,5,0,0,0,0
L104935,2026-04-18,Inbound,Locadora A,Norte,Supervisor D,SDR E,2026-04-23,2026-04-25,,,,Análise de Crédito,0.0,0.0,6,5,1,0,0,0
L104936,2026-06-23,Inbound,Locadora B,Sudeste,Supervisor B,SDR D,,,,,,Lead,0.0,0.0,6,5,0,0,0,0
L104937,2026-04-18,Inbound,Locadora A,Sudeste,Supervisor D,SDR A,,,,,,Lead,0.0,0.0,6,5,0,0,0,0
L104938,2026-02-23,Inbound,Locadora A,Sudeste,Supervisor C,SDR H,,,,,,Lead,0.0,0.0,6,5,0,0,0,0
L104939,2026-03-03,Inbound,Locadora B,Sudeste,Supervisor C,SDR F,,,,,,Lead,0.0,0.0,6,5,0,0,0,0
L104940,2026-05-12,Inbound,Locadora B,Norte,Supervisor A,SDR E,,,,,,Lead,0.0,0.0,6,5,0,0,0,0
L104941,2026-03-22,Inbound,Locadora A,Centro-Oeste,Supervisor A,SDR A,,,,,,Lead,0.0,0.0,6,5,0,0,0,0
L104942,2026-06-01,Inbound,Locadora A,Sudeste,Supervisor C,SDR G,,,,,,Lead,0.0,0.0,6,5,0,0,0,0
L104943,2026-06-06,Inbound,Locadora A,Sudeste,Supervisor B,SDR H,,,,,,Lead,0.0,0.0,6,5,0,0,0,0
L104944,2026-01-07,Inbound,Locadora A,Sudeste,Supervisor C,SDR G,,,,,,Lead,0.0,0.0,6,5,0,0,0,0
L104945,2026-05-11,Inbound,Locadora B,Centro-Oeste,Supervisor D,SDR B,,,,,,Lead,0.0,0.0,6,5,0,0,0,0
L104946,2026-03-08,C2C,Locadora B,Centro-Oeste,Supervisor A,SDR B,2026-03-12,2026-03-16,,,,Análise de Crédito,0.0,0.0,6,5,1,0,0,0
L104947,2026-04-05,Inbound,Locadora A,Sudeste,Supervisor D,SDR C,,,,,,Lead,0.0,0.0,6,5,0,0,0,0
L104948,2026-02-17,Inbound,Locadora B,Sudeste,Supervisor A,SDR A,2026-02-21,2026-02-23,,,,Análise de Crédito,0.0,0.0,6,5,1,0,0,0
L104949,2026-03-08,C2C,Locadora A,Nordeste,Supervisor A,SDR E,,,,,,Lead,0.0,0.0,6,5,0,0,0,0
L104950,2026-03-01,Inbound,Locadora B,Nordeste,Supervisor D,SDR D,,,,,,Lead,0.0,0.0,6,5,0,0,0,0
L104951,2026-01-10,Inbound,Locadora B,Sul,Supervisor A,SDR E,,,,,,Lead,0.0,0.0,6,5,0,0,0,0
L104952,2026-05-22,C2C,Locadora B,Sul,Supervisor C,SDR H,,,,,,Lead,0.0,0.0,6,5,0,0,0,0
L104953,2026-01-26,Crossover,Locadora B,Norte,Supervisor A,SDR F,,,,,,Lead,0.0,0.0,6,5,0,0,0,0
L104954,2026-03-10,C2C,Locadora B,Centro-Oeste,Supervisor A,SDR D,,,,,,Lead,0.0,0.0,6,5,0,0,0,0
L104955,2026-02-04,Inbound,Locadora A,Norte,Supervisor A,SDR G,,,,,,Lead,0.0,0.0,6,5,0,0,0,0
L104956,2026-01-30,Inbound,Locadora A,Sudeste,Supervisor C,SDR C,,,,,,Lead,0.0,0.0,6,5,0,0,0,0
L104957,2026-03-09,Inbound,Locadora A,Sudeste,Supervisor B,SDR G,,,,,,Lead,0.0,0.0,6,5,0,0,0,0
L104958,2026-06-16,Crossover,Locadora A,Sudeste,Supervisor A,SDR H,,,,,,Lead,0.0,0.0,6,5,0,0,0,0
L104959,2026-06-20,C2C,Locadora A,Nordeste,Supervisor D,SDR H,,,,,,Lead,0.0,0.0,6,5,0,0,0,0
L104960,2026-03-11,Crossover,Locadora B,Centro-Oeste,Supervisor A,SDR E,,,,,,Lead,0.0,0.0,6,5,0,0,0,0
L104961,2026-04-02,Inbound,Locadora A,Sudeste,Supervisor A,SDR D,,,,,,Lead,0.0,0.0,6,5,0,0,0,0
L104962,2026-06-28,Inbound,Locadora B,Norte,Supervisor A,SDR D,,,,,,Lead,0.0,0.0,6,5,0,0,0,0
L104963,2026-02-12,Inbound,Locadora A,Norte,Supervisor D,SDR E,,,,,,Lead,0.0,0.0,6,5,0,0,0,0
L104964,2026-06-20,Inbound,Locadora B,Sudeste,Supervisor B,SDR H,,,,,,Lead,0.0,0.0,6,5,0,0,0,0
L104965,2026-01-20,Farmer,Locadora B,Centro-Oeste,Supervisor D,SDR G,,,,,,Lead,0.0,0.0,6,5,0,0,0,0
L104966,2026-02-10,Inbound,Locadora A,Centro-Oeste,Supervisor D,SDR E,,,,,,Lead,0.0,0.0,6,5,0,0,0,0
L104967,2026-03-03,C2C,Locadora A,Sudeste,Supervisor B,SDR C,,,,,,Lead,0.0,0.0,6,5,0,0,0,0
L104968,2026-01-07,Crossover,Locadora A,Centro-Oeste,Supervisor D,SDR D,,,,,,Lead,0.0,0.0,6,5,0,0,0,0
L104969,2026-05-28,Crossover,Locadora B,Sudeste,Supervisor B,SDR B,2026-06-01,2026-06-03,2026-06-04,2026-06-11,2026-06-19,Assinado,136815.32,115105.96,6,5,1,1,1,1
L104970,2026-06-04,Inbound,Locadora B,Nordeste,Supervisor C,SDR B,,,,,,Lead,0.0,0.0,6,5,0,0,0,0
L104971,2026-03-11,Crossover,Locadora A,Nordeste,Supervisor C,SDR A,,,,,,Lead,0.0,0.0,6,5,0,0,0,0
L104972,2026-06-01,Inbound,Locadora A,Nordeste,Supervisor D,SDR G,,,,,,Lead,0.0,0.0,6,5,0,0,0,0
L104973,2026-05-20,Crossover,Locadora A,Centro-Oeste,Supervisor A,SDR F,,,,,,Lead,0.0,0.0,6,5,0,0,0,0
L104974,2026-05-26,Farmer,Locadora A,Sudeste,Supervisor A,SDR B,2026-05-29,,,,,Pedido,0.0,0.0,6,5,1,0,0,0
L104975,2026-05-26,C2C,Locadora B,Sudeste,Supervisor C,SDR F,,,,,,Lead,0.0,0.0,6,5,0,0,0,0
L104976,2026-04-14,C2C,Locadora A,Centro-Oeste,Supervisor D,SDR B,2026-04-18,2026-04-20,2026-04-23,,,Aprovado,0.0,0.0,6,5,1,1,0,0
L104977,2026-01-21,C2C,Locadora B,Sudeste,Supervisor C,SDR C,2026-01-26,2026-01-30,,,,Análise de Crédito,0.0,0.0,6,5,1,0,0,0
L104978,2026-06-17,C2C,Locadora B,Centro-Oeste,Supervisor A,SDR C,,,,,,Lead,0.0,0.0,6,5,0,0,0,0
L104979,2026-04-21,Inbound,Locadora B,Sudeste,Supervisor A,SDR B,,,,,,Lead,0.0,0.0,6,5,0,0,0,0
L104980,2026-06-13,Inbound,Locadora A,Sudeste,Supervisor C,SDR F,,,,,,Lead,0.0,0.0,6,5,0,0,0,0
L104981,2026-06-23,C2C,Locadora A,Sul,Supervisor D,SDR A,,,,,,Lead,0.0,0.0,6,5,0,0,0,0
L104982,2026-02-03,C2C,Locadora B,Centro-Oeste,Supervisor C,SDR D,,,,,,Lead,0.0,0.0,6,5,0,0,0,0
L104983,2026-03-14,C2C,Locadora A,Sul,Supervisor B,SDR D,2026-03-16,2026-03-18,,,,Análise de Crédito,0.0,0.0,6,5,1,0,0,0
L104984,2026-02-04,Farmer,Locadora B,Centro-Oeste,Supervisor C,SDR E,,,,,,Lead,0.0,0.0,6,5,0,0,0,0
L104985,2026-01-10,Inbound,Locadora A,Sudeste,Supervisor A,SDR B,,,,,,Lead,0.0,0.0,6,5,0,0,0,0
L104986,2026-06-24,C2C,Locadora A,Centro-Oeste,Supervisor B,SDR D,,,,,,Lead,0.0,0.0,6,5,0,0,0,0
L104987,2026-06-17,C2C,Locadora B,Centro-Oeste,Supervisor D,SDR G,,,,,,Lead,0.0,0.0,6,5,0,0,0,0
L104988,2026-06-18,Inbound,Locadora B,Sul,Supervisor C,SDR C,,,,,,Lead,0.0,0.0,6,5,0,0,0,0
L104989,2026-06-09,C2C,Locadora A,Sudeste,Supervisor A,SDR H,2026-06-14,2026-06-18,,,,Análise de Crédito,0.0,0.0,6,5,1,0,0,0
L104990,2026-04-28,Inbound,Locadora A,Sul,Supervisor A,SDR D,,,,,,Lead,0.0,0.0,6,5,0,0,0,0
L104991,2026-04-05,C2C,Locadora A,Sudeste,Supervisor A,SDR G,,,,,,Lead,0.0,0.0,6,5,0,0,0,0
L104992,2026-06-29,Crossover,Locadora A,Centro-Oeste,Supervisor B,SDR A,,,,,,Lead,0.0,0.0,6,5,0,0,0,0
L104993,2026-04-10,C2C,Locadora A,Sudeste,Supervisor A,SDR G,,,,,,Lead,0.0,0.0,6,5,0,0,0,0
L104994,2026-04-27,Crossover,Locadora A,Nordeste,Supervisor D,SDR D,2026-04-29,2026-05-02,,,,Análise de Crédito,0.0,0.0,6,5,1,0,0,0
L104995,2026-02-08,Inbound,Locadora A,Nordeste,Supervisor B,SDR H,,,,,,Lead,0.0,0.0,6,5,0,0,0,0
L104996,2026-05-16,Crossover,Locadora A,Sul,Supervisor A,SDR F,2026-05-21,2026-05-22,2026-05-25,2026-05-27,2026-05-29,Assinado,31774.18,30987.27,6,5,1,1,1,1
L104997,2026-05-29,Inbound,Locadora A,Nordeste,Supervisor B,SDR F,,,,,,Lead,0.0,0.0,6,5,0,0,0,0
L104998,2026-05-03,Inbound,Locadora A,Centro-Oeste,Supervisor C,SDR B,,,,,,Lead,0.0,0.0,6,5,0,0,0,0
L104999,2026-04-01,C2C,Locadora A,Sudeste,Supervisor C,SDR E,,,,,,Lead,0.0,0.0,6,5,0,0,0,0
L105000,2026-02-05,Inbound,Locadora A,Centro-Oeste,Supervisor D,SDR F,,,,,,Lead,0.0,0.0,6,5,0,0,0,0
L105001,2026-01-07,C2C,Locadora A,Norte,Supervisor B,SDR G,,,,,,Lead,0.0,0.0,6,5,0,0,0,0
L105002,2026-04-24,Inbound,Locadora A,Sudeste,Supervisor C,SDR D,,,,,,Lead,0.0,0.0,6,5,0,0,0,0
L105003,2026-05-04,Crossover,Locadora A,Sudeste,Supervisor C,SDR E,,,,,,Lead,0.0,0.0,6,5,0,0,0,0
L105004,2026-05-20,Farmer,Locadora A,Sul,Supervisor A,SDR B,2026-05-25,2026-05-26,2026-05-27,2026-05-30,2026-06-06,Assinado,113884.57,105311.61,6,5,1,1,1,1
L105005,2026-06-22,Inbound,Locadora B,Sudeste,Supervisor A,SDR D,,,,,,Lead,0.0,0.0,6,5,0,0,0,0
L105006,2026-04-01,Inbound,Locadora B,Sul,Supervisor D,SDR D,,,,,,Lead,0.0,0.0,6,5,0,0,0,0
L105007,2026-05-31,Farmer,Locadora B,Sul,Supervisor B,SDR A,,,,,,Lead,0.0,0.0,6,5,0,0,0,0
L105008,2026-05-10,C2C,Locadora B,Nordeste,Supervisor C,SDR H,2026-05-11,2026-05-13,,,,Análise de Crédito,0.0,0.0,6,5,1,0,0,0
L105009,2026-02-20,Inbound,Locadora A,Sudeste,Supervisor D,SDR F,,,,,,Lead,0.0,0.0,6,5,0,0,0,0
L105010,2026-06-02,C2C,Locadora B,Sudeste,Supervisor A,SDR B,,,,,,Lead,0.0,0.0,6,5,0,0,0,0
L105011,2026-01-10,Inbound,Locadora A,Nordeste,Supervisor D,SDR H,,,,,,Lead,0.0,0.0,6,5,0,0,0,0
L105012,2026-04-19,Inbound,Locadora B,Sudeste,Supervisor A,SDR F,2026-04-21,2026-04-23,,,,Análise de Crédito,0.0,0.0,6,5,1,0,0,0
L105013,2026-06-20,Inbound,Locadora B,Sul,Supervisor C,SDR F,,,,,,Lead,0.0,0.0,6,5,0,0,0,0
L105014,2026-04-30,Crossover,Locadora B,Sudeste,Supervisor A,SDR H,,,,,,Lead,0.0,0.0,6,5,0,0,0,0
L105015,2026-06-19,Inbound,Locadora A,Sudeste,Supervisor B,SDR D,,,,,,Lead,0.0,0.0,6,5,0,0,0,0
L105016,2026-01-11,Farmer,Locadora A,Sul,Supervisor B,SDR C,2026-01-12,2026-01-14,2026-01-15,,,Aprovado,0.0,0.0,6,5,1,1,0,0
L105017,2026-04-07,Inbound,Locadora A,Sudeste,Supervisor B,SDR E,,,,,,Lead,0.0,0.0,6,5,0,0,0,0
L105018,2026-05-22,Inbound,Locadora A,Centro-Oeste,Supervisor A,SDR H,,,,,,Lead,0.0,0.0,6,5,0,0,0,0
L105019,2026-04-27,Inbound,Locadora B,Sul,Supervisor D,SDR G,,,,,,Lead,0.0,0.0,6,5,0,0,0,0
L105020,2026-06-09,Inbound,Locadora A,Nordeste,Supervisor A,SDR G,,,,,,Lead,0.0,0.0,6,5,0,0,0,0
L105021,2026-03-25,Inbound,Locadora A,Nordeste,Supervisor D,SDR G,,,,,,Lead,0.0,0.0,6,5,0,0,0,0
L105022,2026-05-04,C2C,Locadora A,Sudeste,Supervisor A,SDR A,,,,,,Lead,0.0,0.0,6,5,0,0,0,0
L105023,2026-03-17,Inbound,Locadora A,Sudeste,Supervisor C,SDR D,,,,,,Lead,0.0,0.0,6,5,0,0,0,0
L105024,2026-06-07,Inbound,Locadora A,Nordeste,Supervisor C,SDR C,,,,,,Lead,0.0,0.0,6,5,0,0,0,0
L105025,2026-01-22,Inbound,Locadora A,Sudeste,Supervisor B,SDR C,,,,,,Lead,0.0,0.0,6,5,0,0,0,0
L105026,2026-02-15,Inbound,Locadora A,Sudeste,Supervisor C,SDR G,,,,,,Lead,0.0,0.0,6,5,0,0,0,0
L105027,2026-01-18,Farmer,Locadora A,Sudeste,Supervisor A,SDR D,,,,,,Lead,0.0,0.0,6,5,0,0,0,0
L105028,2026-05-08,C2C,Locadora A,Centro-Oeste,Supervisor D,SDR G,,,,,,Lead,0.0,0.0,6,5,0,0,0,0
L105029,2026-02-12,Inbound,Locadora A,Sudeste,Supervisor A,SDR H,,,,,,Lead,0.0,0.0,6,5,0,0,0,0
L105030,2026-02-27,Inbound,Locadora A,Sudeste,Supervisor C,SDR D,,,,,,Lead,0.0,0.0,6,5,0,0,0,0
L105031,2026-06-01,Inbound,Locadora A,Sul,Supervisor A,SDR B,,,,,,Lead,0.0,0.0,6,5,0,0,0,0
L105032,2026-03-07,Inbound,Locadora A,Centro-Oeste,Supervisor C,SDR F,,,,,,Lead,0.0,0.0,6,5,0,0,0,0
L105033,2026-01-27,Inbound,Locadora A,Sudeste,Supervisor B,SDR G,2026-02-01,2026-02-04,,,,Análise de Crédito,0.0,0.0,6,5,1,0,0,0
L105034,2026-01-04,Crossover,Locadora A,Centro-Oeste,Supervisor B,SDR D,2026-01-06,2026-01-09,2026-01-13,,,Aprovado,0.0,0.0,6,5,1,1,0,0
L105035,2026-02-11,C2C,Locadora A,Sul,Supervisor A,SDR B,,,,,,Lead,0.0,0.0,6,5,0,0,0,0
L105036,2026-06-15,Inbound,Locadora B,Sudeste,Supervisor A,SDR E,,,,,,Lead,0.0,0.0,6,5,0,0,0,0
L105037,2026-04-10,Inbound,Locadora A,Sudeste,Supervisor B,SDR H,2026-04-15,2026-04-19,,,,Análise de Crédito,0.0,0.0,6,5,1,0,0,0
L105038,2026-06-30,Crossover,Locadora B,Sudeste,Supervisor C,SDR E,,,,,,Lead,0.0,0.0,6,5,0,0,0,0
L105039,2026-02-08,C2C,Locadora A,Sudeste,Supervisor C,SDR D,,,,,,Lead,0.0,0.0,6,5,0,0,0,0
L105040,2026-03-05,Inbound,Locadora A,Nordeste,Supervisor B,SDR D,,,,,,Lead,0.0,0.0,6,5,0,0,0,0
L105041,2026-01-30,Inbound,Locadora B,Sudeste,Supervisor C,SDR F,,,,,,Lead,0.0,0.0,6,5,0,0,0,0
L105042,2026-03-14,C2C,Locadora A,Norte,Supervisor A,SDR C,,,,,,Lead,0.0,0.0,6,5,0,0,0,0
L105043,2026-04-12,Inbound,Locadora B,Sudeste,Supervisor C,SDR F,,,,,,Lead,0.0,0.0,6,5,0,0,0,0
L105044,2026-05-27,C2C,Locadora B,Sudeste,Supervisor C,SDR H,,,,,,Lead,0.0,0.0,6,5,0,0,0,0
L105045,2026-03-08,Inbound,Locadora A,Sul,Supervisor A,SDR G,2026-03-10,2026-03-13,2026-03-16,,,Aprovado,0.0,0.0,6,5,1,1,0,0
L105046,2026-05-20,Inbound,Locadora B,Nordeste,Supervisor A,SDR H,,,,,,Lead,0.0,0.0,6,5,0,0,0,0
L105047,2026-04-24,C2C,Locadora B,Sudeste,Supervisor C,SDR G,,,,,,Lead,0.0,0.0,6,5,0,0,0,0
L105048,2026-02-22,Inbound,Locadora A,Sudeste,Supervisor C,SDR G,2026-02-24,2026-02-28,,,,Análise de Crédito,0.0,0.0,6,5,1,0,0,0
L105049,2026-06-15,Inbound,Locadora A,Sul,Supervisor D,SDR A,,,,,,Lead,0.0,0.0,6,5,0,0,0,0
L105050,2026-03-20,Inbound,Locadora A,Sudeste,Supervisor B,SDR C,,,,,,Lead,0.0,0.0,6,5,0,0,0,0
L105051,2026-01-28,Farmer,Locadora B,Centro-Oeste,Supervisor B,SDR C,2026-01-29,2026-02-02,2026-02-04,2026-02-09,2026-02-10,Assinado,66072.46,59274.21,6,5,1,1,1,1
L105052,2026-06-24,C2C,Locadora B,Nordeste,Supervisor B,SDR G,2026-06-27,2026-06-30,,,,Análise de Crédito,0.0,0.0,6,5,1,0,0,0
L105053,2026-06-15,Inbound,Locadora B,Sudeste,Supervisor D,SDR B,,,,,,Lead,0.0,0.0,6,5,0,0,0,0
L105054,2026-01-09,C2C,Locadora A,Nordeste,Supervisor B,SDR H,,,,,,Lead,0.0,0.0,6,5,0,0,0,0
L105055,2026-06-13,Inbound,Locadora A,Sudeste,Supervisor B,SDR F,,,,,,Lead,0.0,0.0,6,5,0,0,0,0
L105056,2026-06-21,Inbound,Locadora A,Nordeste,Supervisor B,SDR A,,,,,,Lead,0.0,0.0,6,5,0,0,0,0
L105057,2026-05-31,Inbound,Locadora A,Norte,Supervisor C,SDR F,,,,,,Lead,0.0,0.0,6,5,0,0,0,0
L105058,2026-02-16,Inbound,Locadora A,Centro-Oeste,Supervisor C,SDR C,2026-02-17,2026-02-20,,,,Análise de Crédito,0.0,0.0,6,5,1,0,0,0
L105059,2026-04-25,C2C,Locadora A,Norte,Supervisor B,SDR C,2026-04-29,2026-05-01,2026-05-02,,,Aprovado,0.0,0.0,6,5,1,1,0,0
L105060,2026-04-08,Inbound,Locadora A,Nordeste,Supervisor B,SDR H,2026-04-11,2026-04-15,2026-04-17,,,Aprovado,0.0,0.0,6,5,1,1,0,0
L105061,2026-04-23,Inbound,Locadora A,Sudeste,Supervisor C,SDR G,,,,,,Lead,0.0,0.0,6,5,0,0,0,0
L105062,2026-04-22,Inbound,Locadora A,Sudeste,Supervisor B,SDR G,2026-04-23,2026-04-24,2026-04-27,2026-05-03,2026-05-07,Assinado,121544.76,120699.97,6,5,1,1,1,1
L105063,2026-04-26,Farmer,Locadora A,Sudeste,Supervisor D,SDR C,2026-04-27,2026-04-29,2026-05-03,2026-05-10,2026-05-13,Assinado,71258.74,66449.31,6,5,1,1,1,1
L105064,2026-04-04,C2C,Locadora A,Sudeste,Supervisor C,SDR F,,,,,,Lead,0.0,0.0,6,5,0,0,0,0
L105065,2026-05-05,Crossover,Locadora A,Sul,Supervisor B,SDR C,,,,,,Lead,0.0,0.0,6,5,0,0,0,0
L105066,2026-04-06,Crossover,Locadora B,Sul,Supervisor A,SDR E,2026-04-11,2026-04-15,,,,Análise de Crédito,0.0,0.0,6,5,1,0,0,0
L105067,2026-01-03,Inbound,Locadora A,Centro-Oeste,Supervisor D,SDR D,2026-01-07,2026-01-08,,,,Análise de Crédito,0.0,0.0,6,5,1,0,0,0
L105068,2026-01-07,Crossover,Locadora A,Sudeste,Supervisor C,SDR E,,,,,,Lead,0.0,0.0,6,5,0,0,0,0
L105069,2026-06-23,C2C,Locadora A,Sudeste,Supervisor D,SDR F,,,,,,Lead,0.0,0.0,6,5,0,0,0,0
L105070,2026-06-14,Inbound,Locadora A,Sudeste,Supervisor C,SDR C,,,,,,Lead,0.0,0.0,6,5,0,0,0,0
L105071,2026-04-16,Inbound,Locadora A,Norte,Supervisor D,SDR A,,,,,,Lead,0.0,0.0,6,5,0,0,0,0
L105072,2026-02-01,Inbound,Locadora A,Sudeste,Supervisor A,SDR A,,,,,,Lead,0.0,0.0,6,5,0,0,0,0
L105073,2026-05-22,Inbound,Locadora A,Sudeste,Supervisor A,SDR H,,,,,,Lead,0.0,0.0,6,5,0,0,0,0
L105074,2026-01-26,C2C,Locadora A,Sudeste,Supervisor C,SDR H,2026-01-28,2026-02-01,2026-02-02,,,Aprovado,0.0,0.0,6,5,1,1,0,0
L105075,2026-03-10,Inbound,Locadora A,Norte,Supervisor A,SDR F,,,,,,Lead,0.0,0.0,6,5,0,0,0,0
L105076,2026-03-01,Crossover,Locadora A,Sudeste,Supervisor D,SDR A,2026-03-03,2026-03-05,2026-03-08,,,Aprovado,0.0,0.0,6,5,1,1,0,0
L105077,2026-01-03,Inbound,Locadora A,Centro-Oeste,Supervisor D,SDR E,,,,,,Lead,0.0,0.0,6,5,0,0,0,0
L105078,2026-05-27,C2C,Locadora A,Sudeste,Supervisor C,SDR D,,,,,,Lead,0.0,0.0,6,5,0,0,0,0
L105079,2026-04-03,C2C,Locadora A,Sudeste,Supervisor C,SDR B,,,,,,Lead,0.0,0.0,6,5,0,0,0,0
L105080,2026-02-27,Inbound,Locadora A,Centro-Oeste,Supervisor B,SDR D,,,,,,Lead,0.0,0.0,6,5,0,0,0,0
L105081,2026-04-02,Inbound,Locadora A,Sul,Supervisor D,SDR G,,,,,,Lead,0.0,0.0,6,5,0,0,0,0
L105082,2026-01-01,Crossover,Locadora A,Centro-Oeste,Supervisor A,SDR H,,,,,,Lead,0.0,0.0,6,5,0,0,0,0
L105083,2026-03-21,Inbound,Locadora A,Sudeste,Supervisor B,SDR G,,,,,,Lead,0.0,0.0,6,5,0,0,0,0
L105084,2026-04-05,Crossover,Locadora A,Norte,Supervisor C,SDR B,2026-04-09,2026-04-11,,,,Análise de Crédito,0.0,0.0,6,5,1,0,0,0
L105085,2026-03-03,Farmer,Locadora A,Sul,Supervisor D,SDR E,,,,,,Lead,0.0,0.0,6,5,0,0,0,0
L105086,2026-05-31,C2C,Locadora A,Norte,Supervisor A,SDR E,,,,,,Lead,0.0,0.0,6,5,0,0,0,0
L105087,2026-02-15,Inbound,Locadora A,Sudeste,Supervisor D,SDR C,2026-02-18,2026-02-21,,,,Análise de Crédito,0.0,0.0,6,5,1,0,0,0
L105088,2026-01-25,Inbound,Locadora A,Sudeste,Supervisor B,SDR D,,,,,,Lead,0.0,0.0,6,5,0,0,0,0
L105089,2026-04-06,Crossover,Locadora A,Sudeste,Supervisor D,SDR D,,,,,,Lead,0.0,0.0,6,5,0,0,0,0
L105090,2026-06-10,Inbound,Locadora A,Centro-Oeste,Supervisor B,SDR A,,,,,,Lead,0.0,0.0,6,5,0,0,0,0
L105091,2026-03-09,Crossover,Locadora A,Centro-Oeste,Supervisor C,SDR D,,,,,,Lead,0.0,0.0,6,5,0,0,0,0
L105092,2026-01-09,Inbound,Locadora B,Sul,Supervisor A,SDR C,,,,,,Lead,0.0,0.0,6,5,0,0,0,0
L105093,2026-06-25,C2C,Locadora A,Sudeste,Supervisor A,SDR C,,,,,,Lead,0.0,0.0,6,5,0,0,0,0
L105094,2026-03-22,Crossover,Locadora A,Sudeste,Supervisor C,SDR E,2026-03-25,2026-03-28,2026-03-31,2026-04-04,2026-04-05,Assinado,69938.42,69318.37,6,5,1,1,1,1
L105095,2026-02-01,C2C,Locadora A,Sudeste,Supervisor C,SDR F,,,,,,Lead,0.0,0.0,6,5,0,0,0,0
L105096,2026-04-22,Crossover,Locadora B,Nordeste,Supervisor B,SDR A,,,,,,Lead,0.0,0.0,6,5,0,0,0,0
L105097,2026-02-27,Inbound,Locadora A,Sudeste,Supervisor C,SDR C,,,,,,Lead,0.0,0.0,6,5,0,0,0,0
L105098,2026-06-19,Inbound,Locadora B,Sudeste,Supervisor D,SDR A,,,,,,Lead,0.0,0.0,6,5,0,0,0,0
L105099,2026-02-23,C2C,Locadora A,Sudeste,Supervisor B,SDR G,2026-02-28,2026-03-01,2026-03-03,,,Aprovado,0.0,0.0,6,5,1,1,0,0
L105100,2026-04-10,Inbound,Locadora A,Sudeste,Supervisor C,SDR H,,,,,,Lead,0.0,0.0,6,5,0,0,0,0
L105101,2026-04-09,Inbound,Locadora A,Norte,Supervisor A,SDR D,,,,,,Lead,0.0,0.0,6,5,0,0,0,0
L105102,2026-02-13,Farmer,Locadora B,Sudeste,Supervisor C,SDR H,,,,,,Lead,0.0,0.0,6,5,0,0,0,0
L105103,2026-04-01,Farmer,Locadora B,Norte,Supervisor D,SDR F,2026-04-06,2026-04-07,2026-04-08,2026-04-11,2026-04-17,Assinado,56199.69,52007.99,6,5,1,1,1,1
L105104,2026-01-20,Inbound,Locadora B,Centro-Oeste,Supervisor C,SDR G,,,,,,Lead,0.0,0.0,6,5,0,0,0,0
L105105,2026-04-27,Crossover,Locadora A,Sul,Supervisor A,SDR H,,,,,,Lead,0.0,0.0,6,5,0,0,0,0
L105106,2026-05-18,Inbound,Locadora B,Sul,Supervisor C,SDR E,2026-05-21,2026-05-24,,,,Análise de Crédito,0.0,0.0,6,5,1,0,0,0
L105107,2026-06-21,C2C,Locadora A,Centro-Oeste,Supervisor B,SDR D,,,,,,Lead,0.0,0.0,6,5,0,0,0,0
L105108,2026-02-28,Inbound,Locadora A,Centro-Oeste,Supervisor A,SDR F,,,,,,Lead,0.0,0.0,6,5,0,0,0,0
L105109,2026-02-21,Inbound,Locadora A,Sudeste,Supervisor C,SDR B,,,,,,Lead,0.0,0.0,6,5,0,0,0,0
L105110,2026-04-10,Inbound,Locadora B,Nordeste,Supervisor B,SDR C,,,,,,Lead,0.0,0.0,6,5,0,0,0,0
L105111,2026-05-06,Inbound,Locadora A,Sudeste,Supervisor D,SDR E,,,,,,Lead,0.0,0.0,6,5,0,0,0,0
L105112,2026-06-29,C2C,Locadora A,Sudeste,Supervisor D,SDR B,,,,,,Lead,0.0,0.0,6,5,0,0,0,0
L105113,2026-01-05,Farmer,Locadora A,Sudeste,Supervisor C,SDR D,,,,,,Lead,0.0,0.0,6,5,0,0,0,0
L105114,2026-02-13,Crossover,Locadora A,Centro-Oeste,Supervisor C,SDR G,2026-02-17,2026-02-18,2026-02-22,,,Aprovado,0.0,0.0,6,5,1,1,0,0
L105115,2026-02-17,C2C,Locadora A,Sudeste,Supervisor B,SDR G,,,,,,Lead,0.0,0.0,6,5,0,0,0,0
L105116,2026-02-16,Inbound,Locadora B,Sudeste,Supervisor A,SDR H,2026-02-17,2026-02-20,2026-02-24,,,Aprovado,0.0,0.0,6,5,1,1,0,0
L105117,2026-03-25,Inbound,Locadora A,Sudeste,Supervisor A,SDR G,,,,,,Lead,0.0,0.0,6,5,0,0,0,0
L105118,2026-06-07,Inbound,Locadora A,Sudeste,Supervisor B,SDR C,,,,,,Lead,0.0,0.0,6,5,0,0,0,0
L105119,2026-01-06,Farmer,Locadora A,Sudeste,Supervisor B,SDR F,,,,,,Lead,0.0,0.0,6,5,0,0,0,0
L105120,2026-05-28,Inbound,Locadora A,Nordeste,Supervisor D,SDR C,,,,,,Lead,0.0,0.0,6,5,0,0,0,0
L105121,2026-04-22,Inbound,Locadora A,Sudeste,Supervisor B,SDR H,,,,,,Lead,0.0,0.0,6,5,0,0,0,0
L105122,2026-04-22,Inbound,Locadora A,Norte,Supervisor A,SDR B,,,,,,Lead,0.0,0.0,6,5,0,0,0,0
L105123,2026-05-03,Inbound,Locadora A,Centro-Oeste,Supervisor D,SDR C,,,,,,Lead,0.0,0.0,6,5,0,0,0,0
L105124,2026-01-21,C2C,Locadora A,Centro-Oeste,Supervisor D,SDR H,,,,,,Lead,0.0,0.0,6,5,0,0,0,0
L105125,2026-05-16,Inbound,Locadora B,Norte,Supervisor B,SDR B,,,,,,Lead,0.0,0.0,6,5,0,0,0,0
L105126,2026-02-14,Inbound,Locadora A,Sudeste,Supervisor A,SDR E,,,,,,Lead,0.0,0.0,6,5,0,0,0,0
L105127,2026-04-04,Inbound,Locadora A,Sul,Supervisor A,SDR C,2026-04-06,2026-04-07,,,,Análise de Crédito,0.0,0.0,6,5,1,0,0,0
L105128,2026-05-03,Inbound,Locadora B,Sudeste,Supervisor C,SDR C,,,,,,Lead,0.0,0.0,6,5,0,0,0,0
L105129,2026-04-20,Inbound,Locadora A,Sudeste,Supervisor D,SDR F,2026-04-23,2026-04-24,,,,Análise de Crédito,0.0,0.0,6,5,1,0,0,0
L105130,2026-02-28,Inbound,Locadora B,Sudeste,Supervisor B,SDR G,,,,,,Lead,0.0,0.0,6,5,0,0,0,0
L105131,2026-03-13,C2C,Locadora B,Centro-Oeste,Supervisor A,SDR B,,,,,,Lead,0.0,0.0,6,5,0,0,0,0
L105132,2026-03-28,Farmer,Locadora B,Nordeste,Supervisor B,SDR H,,,,,,Lead,0.0,0.0,6,5,0,0,0,0
L105133,2026-01-08,C2C,Locadora A,Sudeste,Supervisor A,SDR A,2026-01-12,2026-01-14,,,,Análise de Crédito,0.0,0.0,6,5,1,0,0,0
L105134,2026-05-12,Inbound,Locadora A,Centro-Oeste,Supervisor B,SDR A,,,,,,Lead,0.0,0.0,6,5,0,0,0,0
L105135,2026-01-19,Inbound,Locadora A,Sudeste,Supervisor B,SDR H,,,,,,Lead,0.0,0.0,6,5,0,0,0,0
L105136,2026-03-25,Inbound,Locadora A,Sudeste,Supervisor C,SDR A,2026-03-30,2026-04-03,2026-04-04,2026-04-05,2026-04-14,Assinado,143729.54,121305.82,6,5,1,1,1,1
L105137,2026-04-29,Crossover,Locadora B,Sudeste,Supervisor A,SDR C,,,,,,Lead,0.0,0.0,6,5,0,0,0,0
L105138,2026-01-15,Farmer,Locadora A,Sul,Supervisor B,SDR A,,,,,,Lead,0.0,0.0,6,5,0,0,0,0
L105139,2026-06-30,Inbound,Locadora B,Sul,Supervisor A,SDR B,,,,,,Lead,0.0,0.0,6,5,0,0,0,0
L105140,2026-03-10,Inbound,Locadora A,Sudeste,Supervisor B,SDR A,,,,,,Lead,0.0,0.0,6,5,0,0,0,0
L105141,2026-01-03,Inbound,Locadora A,Sudeste,Supervisor D,SDR C,,,,,,Lead,0.0,0.0,6,5,0,0,0,0
L105142,2026-04-30,Inbound,Locadora A,Sul,Supervisor C,SDR C,,,,,,Lead,0.0,0.0,6,5,0,0,0,0
L105143,2026-04-11,Inbound,Locadora B,Nordeste,Supervisor D,SDR B,2026-04-13,,,,,Pedido,0.0,0.0,6,5,1,0,0,0
L105144,2026-04-26,Inbound,Locadora A,Sudeste,Supervisor A,SDR F,,,,,,Lead,0.0,0.0,6,5,0,0,0,0
L105145,2026-05-16,Inbound,Locadora B,Centro-Oeste,Supervisor D,SDR A,,,,,,Lead,0.0,0.0,6,5,0,0,0,0
L105146,2026-03-28,Inbound,Locadora A,Sul,Supervisor D,SDR D,,,,,,Lead,0.0,0.0,6,5,0,0,0,0
L105147,2026-05-30,Inbound,Locadora B,Sul,Supervisor C,SDR C,2026-06-04,2026-06-05,,,,Análise de Crédito,0.0,0.0,6,5,1,0,0,0
L105148,2026-03-08,C2C,Locadora A,Sudeste,Supervisor D,SDR F,,,,,,Lead,0.0,0.0,6,5,0,0,0,0
L105149,2026-04-09,Crossover,Locadora B,Norte,Supervisor A,SDR C,2026-04-13,2026-04-15,2026-04-17,2026-04-20,2026-04-23,Assinado,65923.12,60356.46,6,5,1,1,1,1
L105150,2026-01-29,Inbound,Locadora A,Sul,Supervisor C,SDR D,2026-01-30,2026-02-01,2026-02-04,,,Aprovado,0.0,0.0,6,5,1,1,0,0
L105151,2026-04-23,Inbound,Locadora A,Sudeste,Supervisor D,SDR G,,,,,,Lead,0.0,0.0,6,5,0,0,0,0
L105152,2026-02-17,Inbound,Locadora B,Nordeste,Supervisor A,SDR B,,,,,,Lead,0.0,0.0,6,5,0,0,0,0
L105153,2026-05-07,C2C,Locadora A,Nordeste,Supervisor B,SDR D,,,,,,Lead,0.0,0.0,6,5,0,0,0,0
L105154,2026-05-25,Inbound,Locadora A,Centro-Oeste,Supervisor B,SDR E,2026-05-27,2026-05-31,,,,Análise de Crédito,0.0,0.0,6,5,1,0,0,0
L105155,2026-06-05,C2C,Locadora B,Nordeste,Supervisor A,SDR F,,,,,,Lead,0.0,0.0,6,5,0,0,0,0
L105156,2026-06-18,C2C,Locadora A,Sudeste,Supervisor A,SDR E,,,,,,Lead,0.0,0.0,6,5,0,0,0,0
L105157,2026-01-23,Inbound,Locadora B,Centro-Oeste,Supervisor B,SDR F,,,,,,Lead,0.0,0.0,6,5,0,0,0,0
L105158,2026-01-25,Inbound,Locadora A,Sudeste,Supervisor A,SDR G,,,,,,Lead,0.0,0.0,6,5,0,0,0,0
L105159,2026-06-17,Inbound,Locadora B,Nordeste,Supervisor C,SDR G,,,,,,Lead,0.0,0.0,6,5,0,0,0,0
L105160,2026-03-10,Inbound,Locadora A,Sudeste,Supervisor A,SDR E,,,,,,Lead,0.0,0.0,6,5,0,0,0,0
L105161,2026-01-05,Inbound,Locadora A,Sudeste,Supervisor A,SDR H,,,,,,Lead,0.0,0.0,6,5,0,0,0,0
L105162,2026-02-21,Inbound,Locadora B,Sudeste,Supervisor C,SDR A,,,,,,Lead,0.0,0.0,6,5,0,0,0,0
L105163,2026-06-01,Inbound,Locadora A,Centro-Oeste,Supervisor B,SDR D,,,,,,Lead,0.0,0.0,6,5,0,0,0,0
L105164,2026-03-06,Inbound,Locadora A,Sul,Supervisor B,SDR G,,,,,,Lead,0.0,0.0,6,5,0,0,0,0
L105165,2026-01-14,Inbound,Locadora A,Centro-Oeste,Supervisor B,SDR A,,,,,,Lead,0.0,0.0,6,5,0,0,0,0
L105166,2026-05-11,Inbound,Locadora A,Sudeste,Supervisor B,SDR G,,,,,,Lead,0.0,0.0,6,5,0,0,0,0
L105167,2026-02-05,C2C,Locadora A,Sudeste,Supervisor B,SDR A,,,,,,Lead,0.0,0.0,6,5,0,0,0,0
L105168,2026-03-05,Inbound,Locadora A,Sul,Supervisor A,SDR G,,,,,,Lead,0.0,0.0,6,5,0,0,0,0
L105169,2026-01-01,Inbound,Locadora B,Sudeste,Supervisor A,SDR B,,,,,,Lead,0.0,0.0,6,5,0,0,0,0
L105170,2026-04-19,C2C,Locadora B,Centro-Oeste,Supervisor B,SDR F,,,,,,Lead,0.0,0.0,6,5,0,0,0,0
L105171,2026-03-22,Inbound,Locadora A,Norte,Supervisor C,SDR G,,,,,,Lead,0.0,0.0,6,5,0,0,0,0
L105172,2026-06-06,Inbound,Locadora A,Centro-Oeste,Supervisor D,SDR G,2026-06-11,2026-06-15,,,,Análise de Crédito,0.0,0.0,6,5,1,0,0,0
L105173,2026-03-02,Inbound,Locadora A,Sudeste,Supervisor A,SDR E,,,,,,Lead,0.0,0.0,6,5,0,0,0,0
L105174,2026-02-07,Crossover,Locadora A,Sul,Supervisor A,SDR H,,,,,,Lead,0.0,0.0,6,5,0,0,0,0
L105175,2026-01-31,C2C,Locadora A,Nordeste,Supervisor C,SDR B,,,,,,Lead,0.0,0.0,6,5,0,0,0,0
L105176,2026-02-06,Inbound,Locadora A,Centro-Oeste,Supervisor D,SDR B,,,,,,Lead,0.0,0.0,6,5,0,0,0,0
L105177,2026-03-23,Inbound,Locadora B,Nordeste,Supervisor A,SDR B,,,,,,Lead,0.0,0.0,6,5,0,0,0,0
L105178,2026-01-16,Inbound,Locadora A,Sudeste,Supervisor A,SDR F,,,,,,Lead,0.0,0.0,6,5,0,0,0,0
L105179,2026-03-14,Inbound,Locadora A,Centro-Oeste,Supervisor B,SDR H,,,,,,Lead,0.0,0.0,6,5,0,0,0,0
L105180,2026-06-04,Inbound,Locadora A,Sudeste,Supervisor C,SDR H,2026-06-06,2026-06-10,,,,Análise de Crédito,0.0,0.0,6,5,1,0,0,0
L105181,2026-05-19,Farmer,Locadora B,Centro-Oeste,Supervisor C,SDR E,,,,,,Lead,0.0,0.0,6,5,0,0,0,0
L105182,2026-04-26,Inbound,Locadora A,Nordeste,Supervisor A,SDR B,2026-05-01,2026-05-02,2026-05-04,,,Aprovado,0.0,0.0,6,5,1,1,0,0
L105183,2026-06-11,Crossover,Locadora A,Nordeste,Supervisor C,SDR B,,,,,,Lead,0.0,0.0,6,5,0,0,0,0
L105184,2026-05-22,Inbound,Locadora B,Sudeste,Supervisor B,SDR F,,,,,,Lead,0.0,0.0,6,5,0,0,0,0
L105185,2026-04-29,C2C,Locadora A,Nordeste,Supervisor A,SDR H,,,,,,Lead,0.0,0.0,6,5,0,0,0,0
L105186,2026-06-06,Inbound,Locadora A,Sudeste,Supervisor D,SDR H,,,,,,Lead,0.0,0.0,6,5,0,0,0,0
L105187,2026-01-23,Inbound,Locadora A,Sul,Supervisor C,SDR F,,,,,,Lead,0.0,0.0,6,5,0,0,0,0
L105188,2026-05-29,Inbound,Locadora A,Centro-Oeste,Supervisor B,SDR H,,,,,,Lead,0.0,0.0,6,5,0,0,0,0
L105189,2026-02-23,Farmer,Locadora B,Sul,Supervisor D,SDR D,2026-02-27,2026-02-28,,,,Análise de Crédito,0.0,0.0,6,5,1,0,0,0
L105190,2026-05-13,Inbound,Locadora A,Sudeste,Supervisor D,SDR B,,,,,,Lead,0.0,0.0,6,5,0,0,0,0
L105191,2026-06-15,C2C,Locadora B,Centro-Oeste,Supervisor A,SDR D,,,,,,Lead,0.0,0.0,6,5,0,0,0,0
L105192,2026-03-31,Crossover,Locadora A,Centro-Oeste,Supervisor D,SDR A,2026-04-02,2026-04-04,,,,Análise de Crédito,0.0,0.0,6,5,1,0,0,0
L105193,2026-01-17,C2C,Locadora B,Sul,Supervisor C,SDR F,,,,,,Lead,0.0,0.0,6,5,0,0,0,0
L105194,2026-03-09,C2C,Locadora B,Sul,Supervisor B,SDR C,,,,,,Lead,0.0,0.0,6,5,0,0,0,0
L105195,2026-03-15,Inbound,Locadora B,Centro-Oeste,Supervisor B,SDR C,,,,,,Lead,0.0,0.0,6,5,0,0,0,0
L105196,2026-06-19,Inbound,Locadora A,Sudeste,Supervisor A,SDR A,2026-06-20,2026-06-21,,,,Análise de Crédito,0.0,0.0,6,5,1,0,0,0
L105197,2026-06-20,Inbound,Locadora A,Sudeste,Supervisor D,SDR H,,,,,,Lead,0.0,0.0,6,5,0,0,0,0
L105198,2026-04-13,Inbound,Locadora B,Sul,Supervisor B,SDR D,,,,,,Lead,0.0,0.0,6,5,0,0,0,0
L105199,2026-06-22,Inbound,Locadora A,Centro-Oeste,Supervisor B,SDR G,,,,,,Lead,0.0,0.0,6,5,0,0,0,0
L105200,2026-03-20,Crossover,Locadora A,Sudeste,Supervisor A,SDR E,,,,,,Lead,0.0,0.0,6,5,0,0,0,0
L105201,2026-03-16,C2C,Locadora B,Sudeste,Supervisor D,SDR F,2026-03-21,2026-03-22,2026-03-26,,,Aprovado,0.0,0.0,6,5,1,1,0,0
L105202,2026-06-01,Inbound,Locadora B,Nordeste,Supervisor B,SDR D,,,,,,Lead,0.0,0.0,6,5,0,0,0,0
L105203,2026-05-01,Inbound,Locadora A,Nordeste,Supervisor C,SDR F,,,,,,Lead,0.0,0.0,6,5,0,0,0,0
L105204,2026-04-05,Inbound,Locadora B,Sul,Supervisor B,SDR B,,,,,,Lead,0.0,0.0,6,5,0,0,0,0
L105205,2026-03-24,Inbound,Locadora A,Nordeste,Supervisor C,SDR H,2026-03-27,2026-03-28,,,,Análise de Crédito,0.0,0.0,6,5,1,0,0,0
L105206,2026-05-08,Inbound,Locadora A,Norte,Supervisor C,SDR D,2026-05-11,2026-05-12,2026-05-13,,,Aprovado,0.0,0.0,6,5,1,1,0,0
L105207,2026-05-17,Inbound,Locadora B,Sul,Supervisor B,SDR A,,,,,,Lead,0.0,0.0,6,5,0,0,0,0
L105208,2026-03-30,Inbound,Locadora A,Sudeste,Supervisor B,SDR H,,,,,,Lead,0.0,0.0,6,5,0,0,0,0
L105209,2026-01-06,C2C,Locadora A,Sul,Supervisor C,SDR A,,,,,,Lead,0.0,0.0,6,5,0,0,0,0
L105210,2026-01-19,Inbound,Locadora B,Nordeste,Supervisor A,SDR D,,,,,,Lead,0.0,0.0,6,5,0,0,0,0
L105211,2026-01-27,C2C,Locadora A,Centro-Oeste,Supervisor A,SDR G,,,,,,Lead,0.0,0.0,6,5,0,0,0,0
L105212,2026-03-25,Inbound,Locadora A,Sudeste,Supervisor A,SDR C,,,,,,Lead,0.0,0.0,6,5,0,0,0,0
L105213,2026-04-22,Inbound,Locadora A,Nordeste,Supervisor B,SDR B,,,,,,Lead,0.0,0.0,6,5,0,0,0,0
L105214,2026-05-26,Inbound,Locadora A,Centro-Oeste,Supervisor A,SDR B,,,,,,Lead,0.0,0.0,6,5,0,0,0,0
L105215,2026-02-12,Crossover,Locadora A,Sudeste,Supervisor B,SDR F,,,,,,Lead,0.0,0.0,6,5,0,0,0,0
L105216,2026-05-23,C2C,Locadora B,Norte,Supervisor C,SDR E,,,,,,Lead,0.0,0.0,6,5,0,0,0,0
L105217,2026-05-01,Inbound,Locadora A,Centro-Oeste,Supervisor C,SDR E,,,,,,Lead,0.0,0.0,6,5,0,0,0,0
L105218,2026-01-10,Inbound,Locadora A,Nordeste,Supervisor D,SDR E,,,,,,Lead,0.0,0.0,6,5,0,0,0,0
L105219,2026-03-05,Farmer,Locadora A,Norte,Supervisor D,SDR C,,,,,,Lead,0.0,0.0,6,5,0,0,0,0
L105220,2026-02-24,Inbound,Locadora A,Sudeste,Supervisor B,SDR H,,,,,,Lead,0.0,0.0,6,5,0,0,0,0
L105221,2026-06-10,Farmer,Locadora A,Centro-Oeste,Supervisor D,SDR B,2026-06-15,2026-06-17,2026-06-19,,,Aprovado,0.0,0.0,6,5,1,1,0,0
L105222,2026-06-16,Inbound,Locadora B,Sudeste,Supervisor D,SDR G,,,,,,Lead,0.0,0.0,6,5,0,0,0,0
L105223,2026-05-29,C2C,Locadora B,Nordeste,Supervisor A,SDR G,2026-05-31,2026-06-02,,,,Análise de Crédito,0.0,0.0,6,5,1,0,0,0
L105224,2026-04-06,Inbound,Locadora A,Nordeste,Supervisor A,SDR A,,,,,,Lead,0.0,0.0,6,5,0,0,0,0
L105225,2026-03-31,Crossover,Locadora B,Nordeste,Supervisor D,SDR B,,,,,,Lead,0.0,0.0,6,5,0,0,0,0
L105226,2026-02-26,Inbound,Locadora A,Centro-Oeste,Supervisor D,SDR E,,,,,,Lead,0.0,0.0,6,5,0,0,0,0
L105227,2026-05-20,Inbound,Locadora A,Nordeste,Supervisor D,SDR B,,,,,,Lead,0.0,0.0,6,5,0,0,0,0
L105228,2026-01-16,C2C,Locadora B,Sudeste,Supervisor B,SDR G,,,,,,Lead,0.0,0.0,6,5,0,0,0,0
L105229,2026-02-19,Inbound,Locadora A,Sudeste,Supervisor D,SDR D,,,,,,Lead,0.0,0.0,6,5,0,0,0,0
L105230,2026-01-25,Inbound,Locadora B,Sudeste,Supervisor D,SDR G,,,,,,Lead,0.0,0.0,6,5,0,0,0,0
L105231,2026-03-31,Inbound,Locadora A,Nordeste,Supervisor C,SDR A,,,,,,Lead,0.0,0.0,6,5,0,0,0,0
L105232,2026-02-24,C2C,Locadora B,Centro-Oeste,Supervisor C,SDR A,2026-02-27,2026-03-02,2026-03-03,,,Aprovado,0.0,0.0,6,5,1,1,0,0
L105233,2026-02-05,Inbound,Locadora A,Sul,Supervisor B,SDR F,,,,,,Lead,0.0,0.0,6,5,0,0,0,0
L105234,2026-03-10,C2C,Locadora A,Sudeste,Supervisor C,SDR G,,,,,,Lead,0.0,0.0,6,5,0,0,0,0
L105235,2026-06-05,Crossover,Locadora A,Sul,Supervisor D,SDR H,2026-06-08,2026-06-10,,,,Análise de Crédito,0.0,0.0,6,5,1,0,0,0
L105236,2026-04-11,C2C,Locadora B,Sudeste,Supervisor D,SDR G,,,,,,Lead,0.0,0.0,6,5,0,0,0,0
L105237,2026-05-29,Inbound,Locadora A,Norte,Supervisor C,SDR F,,,,,,Lead,0.0,0.0,6,5,0,0,0,0
L105238,2026-06-15,Inbound,Locadora A,Nordeste,Supervisor A,SDR A,,,,,,Lead,0.0,0.0,6,5,0,0,0,0
L105239,2026-06-13,Inbound,Locadora A,Sul,Supervisor C,SDR E,,,,,,Lead,0.0,0.0,6,5,0,0,0,0
L105240,2026-03-05,Crossover,Locadora A,Nordeste,Supervisor B,SDR F,2026-03-07,2026-03-08,,,,Análise de Crédito,0.0,0.0,6,5,1,0,0,0
L105241,2026-06-08,C2C,Locadora A,Sudeste,Supervisor A,SDR D,2026-06-12,,,,,Pedido,0.0,0.0,6,5,1,0,0,0
L105242,2026-06-14,C2C,Locadora B,Sudeste,Supervisor A,SDR H,,,,,,Lead,0.0,0.0,6,5,0,0,0,0
L105243,2026-06-23,Inbound,Locadora A,Sul,Supervisor A,SDR H,,,,,,Lead,0.0,0.0,6,5,0,0,0,0
L105244,2026-03-05,C2C,Locadora A,Centro-Oeste,Supervisor B,SDR G,,,,,,Lead,0.0,0.0,6,5,0,0,0,0
L105245,2026-02-11,Inbound,Locadora A,Sudeste,Supervisor B,SDR H,,,,,,Lead,0.0,0.0,6,5,0,0,0,0
L105246,2026-04-16,Crossover,Locadora A,Sudeste,Supervisor B,SDR E,,,,,,Lead,0.0,0.0,6,5,0,0,0,0
L105247,2026-06-18,Crossover,Locadora A,Sul,Supervisor C,SDR G,,,,,,Lead,0.0,0.0,6,5,0,0,0,0
L105248,2026-06-13,Inbound,Locadora A,Sudeste,Supervisor C,SDR A,,,,,,Lead,0.0,0.0,6,5,0,0,0,0
L105249,2026-04-14,Crossover,Locadora A,Sudeste,Supervisor B,SDR B,2026-04-19,2026-04-23,2026-04-26,,,Aprovado,0.0,0.0,6,5,1,1,0,0
L105250,2026-01-28,Inbound,Locadora A,Sul,Supervisor B,SDR F,,,,,,Lead,0.0,0.0,6,5,0,0,0,0
L105251,2026-03-18,Crossover,Locadora A,Norte,Supervisor D,SDR A,,,,,,Lead,0.0,0.0,6,5,0,0,0,0
L105252,2026-05-10,Farmer,Locadora A,Sudeste,Supervisor B,SDR G,2026-05-12,2026-05-15,,,,Análise de Crédito,0.0,0.0,6,5,1,0,0,0
L105253,2026-04-12,C2C,Locadora A,Sudeste,Supervisor A,SDR B,,,,,,Lead,0.0,0.0,6,5,0,0,0,0
L105254,2026-03-04,Inbound,Locadora B,Sudeste,Supervisor D,SDR C,2026-03-07,2026-03-09,2026-03-11,,,Aprovado,0.0,0.0,6,5,1,1,0,0
L105255,2026-03-04,Inbound,Locadora B,Sudeste,Supervisor A,SDR C,,,,,,Lead,0.0,0.0,6,5,0,0,0,0
L105256,2026-01-11,Farmer,Locadora A,Centro-Oeste,Supervisor D,SDR E,,,,,,Lead,0.0,0.0,6,5,0,0,0,0
L105257,2026-02-22,Inbound,Locadora A,Sudeste,Supervisor B,SDR A,,,,,,Lead,0.0,0.0,6,5,0,0,0,0
L105258,2026-05-02,Farmer,Locadora A,Sudeste,Supervisor D,SDR G,,,,,,Lead,0.0,0.0,6,5,0,0,0,0
L105259,2026-02-13,Inbound,Locadora B,Norte,Supervisor A,SDR H,,,,,,Lead,0.0,0.0,6,5,0,0,0,0
L105260,2026-06-29,Inbound,Locadora A,Nordeste,Supervisor A,SDR F,,,,,,Lead,0.0,0.0,6,5,0,0,0,0
L105261,2026-01-15,Crossover,Locadora A,Sudeste,Supervisor B,SDR B,,,,,,Lead,0.0,0.0,6,5,0,0,0,0
L105262,2026-04-17,C2C,Locadora A,Sudeste,Supervisor B,SDR C,,,,,,Lead,0.0,0.0,6,5,0,0,0,0
L105263,2026-03-31,C2C,Locadora A,Nordeste,Supervisor C,SDR B,,,,,,Lead,0.0,0.0,6,5,0,0,0,0
L105264,2026-05-31,Inbound,Locadora A,Centro-Oeste,Supervisor C,SDR E,,,,,,Lead,0.0,0.0,6,5,0,0,0,0
L105265,2026-06-10,C2C,Locadora A,Norte,Supervisor D,SDR H,,,,,,Lead,0.0,0.0,6,5,0,0,0,0
L105266,2026-04-09,C2C,Locadora B,Sudeste,Supervisor C,SDR H,,,,,,Lead,0.0,0.0,6,5,0,0,0,0
L105267,2026-04-25,Inbound,Locadora B,Centro-Oeste,Supervisor A,SDR H,,,,,,Lead,0.0,0.0,6,5,0,0,0,0
L105268,2026-05-07,Farmer,Locadora A,Sudeste,Supervisor A,SDR F,2026-05-08,2026-05-09,2026-05-12,2026-05-13,2026-05-15,Assinado,63047.43,52448.75,6,5,1,1,1,1
L105269,2026-04-05,Inbound,Locadora A,Sudeste,Supervisor B,SDR B,,,,,,Lead,0.0,0.0,6,5,0,0,0,0
L105270,2026-02-03,Inbound,Locadora B,Centro-Oeste,Supervisor D,SDR D,,,,,,Lead,0.0,0.0,6,5,0,0,0,0
L105271,2026-03-19,Crossover,Locadora B,Centro-Oeste,Supervisor D,SDR C,2026-03-22,2026-03-25,2026-03-27,2026-04-02,2026-04-04,Assinado,65532.48,55892.19,6,5,1,1,1,1
L105272,2026-02-13,C2C,Locadora B,Sudeste,Supervisor C,SDR A,,,,,,Lead,0.0,0.0,6,5,0,0,0,0
L105273,2026-03-26,Farmer,Locadora B,Sudeste,Supervisor B,SDR G,,,,,,Lead,0.0,0.0,6,5,0,0,0,0
L105274,2026-04-22,Inbound,Locadora A,Centro-Oeste,Supervisor B,SDR E,2026-04-26,2026-04-29,,,,Análise de Crédito,0.0,0.0,6,5,1,0,0,0
L105275,2026-02-07,Inbound,Locadora A,Sudeste,Supervisor C,SDR H,,,,,,Lead,0.0,0.0,6,5,0,0,0,0
L105276,2026-02-15,Inbound,Locadora A,Sudeste,Supervisor D,SDR G,2026-02-20,2026-02-22,2026-02-26,,,Aprovado,0.0,0.0,6,5,1,1,0,0
L105277,2026-05-29,Farmer,Locadora A,Sudeste,Supervisor C,SDR F,2026-05-31,2026-06-03,2026-06-07,2026-06-09,2026-06-14,Assinado,34212.99,34091.39,6,5,1,1,1,1
L105278,2026-03-10,C2C,Locadora A,Sudeste,Supervisor A,SDR A,,,,,,Lead,0.0,0.0,6,5,0,0,0,0
L105279,2026-02-05,Inbound,Locadora A,Nordeste,Supervisor D,SDR D,,,,,,Lead,0.0,0.0,6,5,0,0,0,0
L105280,2026-05-10,Inbound,Locadora A,Sudeste,Supervisor D,SDR D,2026-05-13,2026-05-17,,,,Análise de Crédito,0.0,0.0,6,5,1,0,0,0
L105281,2026-05-10,Inbound,Locadora A,Sul,Supervisor A,SDR F,,,,,,Lead,0.0,0.0,6,5,0,0,0,0
L105282,2026-05-30,Inbound,Locadora A,Centro-Oeste,Supervisor B,SDR E,,,,,,Lead,0.0,0.0,6,5,0,0,0,0
L105283,2026-05-18,Inbound,Locadora A,Sudeste,Supervisor D,SDR G,,,,,,Lead,0.0,0.0,6,5,0,0,0,0
L105284,2026-06-29,Crossover,Locadora A,Sul,Supervisor D,SDR A,,,,,,Lead,0.0,0.0,6,5,0,0,0,0
L105285,2026-04-15,Inbound,Locadora A,Sudeste,Supervisor D,SDR A,,,,,,Lead,0.0,0.0,6,5,0,0,0,0
L105286,2026-02-21,Inbound,Locadora A,Nordeste,Supervisor D,SDR H,,,,,,Lead,0.0,0.0,6,5,0,0,0,0
L105287,2026-06-06,C2C,Locadora A,Nordeste,Supervisor A,SDR D,,,,,,Lead,0.0,0.0,6,5,0,0,0,0
L105288,2026-02-17,Inbound,Locadora A,Nordeste,Supervisor A,SDR G,2026-02-21,2026-02-25,,,,Análise de Crédito,0.0,0.0,6,5,1,0,0,0
L105289,2026-02-22,Inbound,Locadora A,Sudeste,Supervisor B,SDR G,,,,,,Lead,0.0,0.0,6,5,0,0,0,0
L105290,2026-05-30,Farmer,Locadora B,Nordeste,Supervisor C,SDR A,,,,,,Lead,0.0,0.0,6,5,0,0,0,0
L105291,2026-06-09,C2C,Locadora A,Sul,Supervisor B,SDR F,,,,,,Lead,0.0,0.0,6,5,0,0,0,0
L105292,2026-03-03,Inbound,Locadora A,Sudeste,Supervisor B,SDR B,,,,,,Lead,0.0,0.0,6,5,0,0,0,0
L105293,2026-05-13,Crossover,Locadora B,Sudeste,Supervisor B,SDR B,,,,,,Lead,0.0,0.0,6,5,0,0,0,0
L105294,2026-06-16,Inbound,Locadora A,Sudeste,Supervisor C,SDR B,,,,,,Lead,0.0,0.0,6,5,0,0,0,0
L105295,2026-05-25,Inbound,Locadora B,Sudeste,Supervisor D,SDR G,,,,,,Lead,0.0,0.0,6,5,0,0,0,0
L105296,2026-01-01,Inbound,Locadora A,Sudeste,Supervisor D,SDR A,,,,,,Lead,0.0,0.0,6,5,0,0,0,0
L105297,2026-05-01,Inbound,Locadora A,Norte,Supervisor A,SDR F,,,,,,Lead,0.0,0.0,6,5,0,0,0,0
L105298,2026-01-31,Crossover,Locadora A,Norte,Supervisor A,SDR D,2026-02-04,2026-02-07,,,,Análise de Crédito,0.0,0.0,6,5,1,0,0,0
L105299,2026-06-03,Inbound,Locadora A,Sudeste,Supervisor B,SDR C,2026-06-04,2026-06-07,,,,Análise de Crédito,0.0,0.0,6,5,1,0,0,0
L105300,2026-01-13,Inbound,Locadora B,Norte,Supervisor C,SDR B,,,,,,Lead,0.0,0.0,6,5,0,0,0,0
L105301,2026-06-29,Inbound,Locadora A,Centro-Oeste,Supervisor A,SDR C,,,,,,Lead,0.0,0.0,6,5,0,0,0,0
L105302,2026-02-02,Inbound,Locadora A,Sul,Supervisor C,SDR C,,,,,,Lead,0.0,0.0,6,5,0,0,0,0
L105303,2026-03-18,Inbound,Locadora A,Norte,Supervisor C,SDR C,,,,,,Lead,0.0,0.0,6,5,0,0,0,0
L105304,2026-02-12,Farmer,Locadora B,Centro-Oeste,Supervisor C,SDR E,,,,,,Lead,0.0,0.0,6,5,0,0,0,0
L105305,2026-05-28,Crossover,Locadora A,Sul,Supervisor D,SDR H,,,,,,Lead,0.0,0.0,6,5,0,0,0,0
L105306,2026-03-13,Inbound,Locadora A,Sudeste,Supervisor C,SDR D,,,,,,Lead,0.0,0.0,6,5,0,0,0,0
L105307,2026-05-15,Inbound,Locadora B,Sudeste,Supervisor C,SDR B,2026-05-18,2026-05-21,2026-05-22,,,Aprovado,0.0,0.0,6,5,1,1,0,0
L105308,2026-01-13,Inbound,Locadora A,Nordeste,Supervisor B,SDR E,,,,,,Lead,0.0,0.0,6,5,0,0,0,0
L105309,2026-03-23,C2C,Locadora A,Sudeste,Supervisor C,SDR G,2026-03-26,2026-03-27,,,,Análise de Crédito,0.0,0.0,6,5,1,0,0,0
L105310,2026-06-14,C2C,Locadora A,Sudeste,Supervisor B,SDR E,,,,,,Lead,0.0,0.0,6,5,0,0,0,0
L105311,2026-06-17,Inbound,Locadora A,Sudeste,Supervisor A,SDR E,2026-06-21,2026-06-24,2026-06-26,,,Aprovado,0.0,0.0,6,5,1,1,0,0
L105312,2026-02-07,Crossover,Locadora B,Sul,Supervisor A,SDR F,,,,,,Lead,0.0,0.0,6,5,0,0,0,0
L105313,2026-03-13,Inbound,Locadora A,Sudeste,Supervisor C,SDR H,2026-03-16,2026-03-17,2026-03-18,2026-03-21,2026-03-23,Assinado,82614.38,71482.63,6,5,1,1,1,1
L105314,2026-03-16,Inbound,Locadora B,Norte,Supervisor C,SDR A,,,,,,Lead,0.0,0.0,6,5,0,0,0,0
L105315,2026-04-13,Inbound,Locadora A,Sudeste,Supervisor B,SDR H,,,,,,Lead,0.0,0.0,6,5,0,0,0,0
L105316,2026-04-08,C2C,Locadora A,Nordeste,Supervisor C,SDR H,,,,,,Lead,0.0,0.0,6,5,0,0,0,0
L105317,2026-01-20,C2C,Locadora A,Sul,Supervisor B,SDR H,,,,,,Lead,0.0,0.0,6,5,0,0,0,0
L105318,2026-05-19,Inbound,Locadora A,Sul,Supervisor B,SDR D,,,,,,Lead,0.0,0.0,6,5,0,0,0,0
L105319,2026-02-10,Inbound,Locadora A,Sudeste,Supervisor C,SDR G,,,,,,Lead,0.0,0.0,6,5,0,0,0,0
L105320,2026-02-27,Crossover,Locadora A,Sudeste,Supervisor B,SDR A,,,,,,Lead,0.0,0.0,6,5,0,0,0,0
L105321,2026-06-02,Inbound,Locadora A,Nordeste,Supervisor D,SDR D,,,,,,Lead,0.0,0.0,6,5,0,0,0,0
L105322,2026-05-05,Crossover,Locadora B,Centro-Oeste,Supervisor C,SDR H,,,,,,Lead,0.0,0.0,6,5,0,0,0,0
L105323,2026-03-13,C2C,Locadora A,Sudeste,Supervisor C,SDR C,,,,,,Lead,0.0,0.0,6,5,0,0,0,0
L105324,2026-06-15,C2C,Locadora A,Nordeste,Supervisor C,SDR G,,,,,,Lead,0.0,0.0,6,5,0,0,0,0
L105325,2026-03-13,Inbound,Locadora A,Nordeste,Supervisor C,SDR C,,,,,,Lead,0.0,0.0,6,5,0,0,0,0
L105326,2026-04-13,Inbound,Locadora A,Sudeste,Supervisor D,SDR E,,,,,,Lead,0.0,0.0,6,5,0,0,0,0
L105327,2026-02-14,Inbound,Locadora A,Sul,Supervisor B,SDR F,,,,,,Lead,0.0,0.0,6,5,0,0,0,0
L105328,2026-02-03,Farmer,Locadora B,Nordeste,Supervisor D,SDR H,,,,,,Lead,0.0,0.0,6,5,0,0,0,0
L105329,2026-03-30,Inbound,Locadora A,Nordeste,Supervisor A,SDR C,,,,,,Lead,0.0,0.0,6,5,0,0,0,0
L105330,2026-04-12,Inbound,Locadora A,Sudeste,Supervisor C,SDR G,,,,,,Lead,0.0,0.0,6,5,0,0,0,0
L105331,2026-05-26,Inbound,Locadora A,Sudeste,Supervisor C,SDR D,,,,,,Lead,0.0,0.0,6,5,0,0,0,0
L105332,2026-03-12,Crossover,Locadora A,Sudeste,Supervisor A,SDR D,2026-03-15,2026-03-19,,,,Análise de Crédito,0.0,0.0,6,5,1,0,0,0
L105333,2026-06-12,Inbound,Locadora A,Sudeste,Supervisor C,SDR A,,,,,,Lead,0.0,0.0,6,5,0,0,0,0
L105334,2026-04-20,Inbound,Locadora A,Sudeste,Supervisor A,SDR A,2026-04-21,2026-04-25,,,,Análise de Crédito,0.0,0.0,6,5,1,0,0,0
L105335,2026-01-13,Inbound,Locadora A,Sul,Supervisor C,SDR G,,,,,,Lead,0.0,0.0,6,5,0,0,0,0
L105336,2026-05-14,C2C,Locadora A,Sul,Supervisor C,SDR A,,,,,,Lead,0.0,0.0,6,5,0,0,0,0
L105337,2026-04-15,Crossover,Locadora B,Sudeste,Supervisor C,SDR A,,,,,,Lead,0.0,0.0,6,5,0,0,0,0
L105338,2026-03-12,Inbound,Locadora A,Sul,Supervisor C,SDR B,,,,,,Lead,0.0,0.0,6,5,0,0,0,0
L105339,2026-03-26,Farmer,Locadora A,Sudeste,Supervisor B,SDR C,,,,,,Lead,0.0,0.0,6,5,0,0,0,0
L105340,2026-02-24,Inbound,Locadora A,Sudeste,Supervisor C,SDR B,,,,,,Lead,0.0,0.0,6,5,0,0,0,0
L105341,2026-04-22,Inbound,Locadora A,Nordeste,Supervisor A,SDR E,,,,,,Lead,0.0,0.0,6,5,0,0,0,0
L105342,2026-04-13,Inbound,Locadora A,Nordeste,Supervisor D,SDR G,,,,,,Lead,0.0,0.0,6,5,0,0,0,0
L105343,2026-03-22,Inbound,Locadora A,Sudeste,Supervisor A,SDR E,,,,,,Lead,0.0,0.0,6,5,0,0,0,0
L105344,2026-02-21,C2C,Locadora A,Nordeste,Supervisor A,SDR F,,,,,,Lead,0.0,0.0,6,5,0,0,0,0
L105345,2026-03-14,Inbound,Locadora A,Nordeste,Supervisor C,SDR H,,,,,,Lead,0.0,0.0,6,5,0,0,0,0
L105346,2026-04-01,Inbound,Locadora A,Sul,Supervisor A,SDR H,,,,,,Lead,0.0,0.0,6,5,0,0,0,0
L105347,2026-03-27,Crossover,Locadora B,Norte,Supervisor D,SDR F,2026-03-31,2026-04-01,2026-04-05,,,Aprovado,0.0,0.0,6,5,1,1,0,0
L105348,2026-02-25,Crossover,Locadora B,Sudeste,Supervisor A,SDR A,,,,,,Lead,0.0,0.0,6,5,0,0,0,0
L105349,2026-04-16,Crossover,Locadora B,Sudeste,Supervisor C,SDR G,,,,,,Lead,0.0,0.0,6,5,0,0,0,0
L105350,2026-02-11,C2C,Locadora A,Nordeste,Supervisor D,SDR G,,,,,,Lead,0.0,0.0,6,5,0,0,0,0
L105351,2026-04-01,C2C,Locadora A,Sul,Supervisor C,SDR C,,,,,,Lead,0.0,0.0,6,5,0,0,0,0
L105352,2026-01-23,Farmer,Locadora A,Sudeste,Supervisor C,SDR B,2026-01-26,2026-01-29,2026-02-02,,,Aprovado,0.0,0.0,6,5,1,1,0,0
L105353,2026-03-27,Inbound,Locadora A,Sudeste,Supervisor C,SDR B,,,,,,Lead,0.0,0.0,6,5,0,0,0,0
L105354,2026-05-22,Inbound,Locadora B,Sudeste,Supervisor C,SDR C,,,,,,Lead,0.0,0.0,6,5,0,0,0,0
L105355,2026-05-29,Farmer,Locadora B,Sudeste,Supervisor A,SDR F,2026-05-31,2026-06-02,2026-06-06,2026-06-08,2026-06-15,Assinado,32287.91,26906.57,6,5,1,1,1,1
L105356,2026-05-06,Inbound,Locadora A,Sudeste,Supervisor B,SDR H,,,,,,Lead,0.0,0.0,6,5,0,0,0,0
L105357,2026-05-15,Crossover,Locadora B,Norte,Supervisor A,SDR B,,,,,,Lead,0.0,0.0,6,5,0,0,0,0
L105358,2026-01-12,C2C,Locadora A,Sudeste,Supervisor A,SDR D,,,,,,Lead,0.0,0.0,6,5,0,0,0,0
L105359,2026-03-03,Inbound,Locadora A,Nordeste,Supervisor A,SDR G,2026-03-04,2026-03-08,,,,Análise de Crédito,0.0,0.0,6,5,1,0,0,0
L105360,2026-04-29,Inbound,Locadora A,Sudeste,Supervisor C,SDR A,,,,,,Lead,0.0,0.0,6,5,0,0,0,0
L105361,2026-05-25,C2C,Locadora A,Sudeste,Supervisor D,SDR H,2026-05-27,2026-05-31,,,,Análise de Crédito,0.0,0.0,6,5,1,0,0,0
L105362,2026-04-16,Inbound,Locadora B,Nordeste,Supervisor C,SDR A,,,,,,Lead,0.0,0.0,6,5,0,0,0,0
L105363,2026-06-04,Inbound,Locadora A,Sudeste,Supervisor A,SDR C,,,,,,Lead,0.0,0.0,6,5,0,0,0,0
L105364,2026-02-19,Inbound,Locadora A,Sudeste,Supervisor C,SDR A,,,,,,Lead,0.0,0.0,6,5,0,0,0,0
L105365,2026-01-28,C2C,Locadora B,Nordeste,Supervisor C,SDR G,,,,,,Lead,0.0,0.0,6,5,0,0,0,0
L105366,2026-01-16,Crossover,Locadora B,Sudeste,Supervisor D,SDR D,,,,,,Lead,0.0,0.0,6,5,0,0,0,0
L105367,2026-04-16,Farmer,Locadora B,Sudeste,Supervisor B,SDR D,,,,,,Lead,0.0,0.0,6,5,0,0,0,0
L105368,2026-05-01,Inbound,Locadora B,Norte,Supervisor B,SDR E,,,,,,Lead,0.0,0.0,6,5,0,0,0,0
L105369,2026-02-21,Crossover,Locadora B,Sudeste,Supervisor C,SDR C,,,,,,Lead,0.0,0.0,6,5,0,0,0,0
L105370,2026-05-22,Inbound,Locadora A,Centro-Oeste,Supervisor C,SDR G,,,,,,Lead,0.0,0.0,6,5,0,0,0,0
L105371,2026-05-14,Inbound,Locadora A,Sudeste,Supervisor A,SDR D,,,,,,Lead,0.0,0.0,6,5,0,0,0,0
L105372,2026-03-07,Inbound,Locadora B,Sudeste,Supervisor C,SDR G,2026-03-11,2026-03-12,,,,Análise de Crédito,0.0,0.0,6,5,1,0,0,0
L105373,2026-02-13,Inbound,Locadora A,Sudeste,Supervisor D,SDR F,,,,,,Lead,0.0,0.0,6,5,0,0,0,0
L105374,2026-05-15,Inbound,Locadora A,Centro-Oeste,Supervisor A,SDR F,,,,,,Lead,0.0,0.0,6,5,0,0,0,0
L105375,2026-05-02,Inbound,Locadora A,Sudeste,Supervisor B,SDR H,,,,,,Lead,0.0,0.0,6,5,0,0,0,0
L105376,2026-01-31,Farmer,Locadora A,Nordeste,Supervisor C,SDR E,2026-02-01,2026-02-02,2026-02-03,2026-02-05,2026-02-08,Assinado,67040.41,60040.24,6,5,1,1,1,1
L105377,2026-02-16,C2C,Locadora A,Nordeste,Supervisor D,SDR C,,,,,,Lead,0.0,0.0,6,5,0,0,0,0
L105378,2026-03-29,Inbound,Locadora B,Sul,Supervisor D,SDR F,,,,,,Lead,0.0,0.0,6,5,0,0,0,0
L105379,2026-04-03,Inbound,Locadora A,Sudeste,Supervisor C,SDR F,2026-04-05,2026-04-09,,,,Análise de Crédito,0.0,0.0,6,5,1,0,0,0
L105380,2026-01-31,Inbound,Locadora A,Sul,Supervisor C,SDR D,,,,,,Lead,0.0,0.0,6,5,0,0,0,0
L105381,2026-06-21,Inbound,Locadora A,Centro-Oeste,Supervisor B,SDR C,,,,,,Lead,0.0,0.0,6,5,0,0,0,0
L105382,2026-03-12,Crossover,Locadora A,Sudeste,Supervisor B,SDR H,,,,,,Lead,0.0,0.0,6,5,0,0,0,0
L105383,2026-03-11,Inbound,Locadora A,Nordeste,Supervisor C,SDR C,,,,,,Lead,0.0,0.0,6,5,0,0,0,0
L105384,2026-01-11,Inbound,Locadora A,Sul,Supervisor C,SDR A,,,,,,Lead,0.0,0.0,6,5,0,0,0,0
L105385,2026-06-08,Inbound,Locadora A,Norte,Supervisor C,SDR F,,,,,,Lead,0.0,0.0,6,5,0,0,0,0
L105386,2026-02-12,C2C,Locadora A,Norte,Supervisor D,SDR A,,,,,,Lead,0.0,0.0,6,5,0,0,0,0
L105387,2026-06-28,Inbound,Locadora A,Sudeste,Supervisor A,SDR G,,,,,,Lead,0.0,0.0,6,5,0,0,0,0
L105388,2026-03-31,Inbound,Locadora A,Sudeste,Supervisor D,SDR G,,,,,,Lead,0.0,0.0,6,5,0,0,0,0
L105389,2026-06-08,Inbound,Locadora A,Sul,Supervisor C,SDR F,,,,,,Lead,0.0,0.0,6,5,0,0,0,0
L105390,2026-02-02,Inbound,Locadora A,Sul,Supervisor C,SDR B,,,,,,Lead,0.0,0.0,6,5,0,0,0,0
L105391,2026-01-31,Inbound,Locadora A,Nordeste,Supervisor C,SDR H,2026-02-04,2026-02-06,,,,Análise de Crédito,0.0,0.0,6,5,1,0,0,0
L105392,2026-05-26,Inbound,Locadora A,Sudeste,Supervisor C,SDR A,,,,,,Lead,0.0,0.0,6,5,0,0,0,0
L105393,2026-05-29,Inbound,Locadora B,Sul,Supervisor C,SDR A,,,,,,Lead,0.0,0.0,6,5,0,0,0,0
L105394,2026-04-09,Crossover,Locadora A,Norte,Supervisor B,SDR C,,,,,,Lead,0.0,0.0,6,5,0,0,0,0
L105395,2026-01-06,Inbound,Locadora A,Norte,Supervisor C,SDR E,2026-01-07,2026-01-10,2026-01-13,2026-01-19,2026-01-22,Assinado,126570.51,121911.91,6,5,1,1,1,1
L105396,2026-06-20,Inbound,Locadora A,Sudeste,Supervisor B,SDR F,,,,,,Lead,0.0,0.0,6,5,0,0,0,0
L105397,2026-03-13,Farmer,Locadora A,Norte,Supervisor C,SDR C,,,,,,Lead,0.0,0.0,6,5,0,0,0,0
L105398,2026-06-19,C2C,Locadora A,Sudeste,Supervisor C,SDR H,,,,,,Lead,0.0,0.0,6,5,0,0,0,0
L105399,2026-06-07,Farmer,Locadora A,Sul,Supervisor B,SDR G,,,,,,Lead,0.0,0.0,6,5,0,0,0,0
L105400,2026-06-04,Inbound,Locadora A,Sudeste,Supervisor D,SDR B,,,,,,Lead,0.0,0.0,6,5,0,0,0,0
L105401,2026-05-05,Inbound,Locadora A,Sul,Supervisor B,SDR A,,,,,,Lead,0.0,0.0,6,5,0,0,0,0
L105402,2026-05-02,Inbound,Locadora B,Sudeste,Supervisor C,SDR F,,,,,,Lead,0.0,0.0,6,5,0,0,0,0
L105403,2026-04-07,C2C,Locadora A,Sudeste,Supervisor B,SDR B,,,,,,Lead,0.0,0.0,6,5,0,0,0,0
L105404,2026-01-05,C2C,Locadora B,Sudeste,Supervisor A,SDR C,,,,,,Lead,0.0,0.0,6,5,0,0,0,0
L105405,2026-03-12,C2C,Locadora B,Nordeste,Supervisor C,SDR G,,,,,,Lead,0.0,0.0,6,5,0,0,0,0
L105406,2026-05-13,Inbound,Locadora A,Sul,Supervisor D,SDR B,2026-05-15,2026-05-17,2026-05-19,,,Aprovado,0.0,0.0,6,5,1,1,0,0
L105407,2026-05-28,Inbound,Locadora A,Centro-Oeste,Supervisor B,SDR C,,,,,,Lead,0.0,0.0,6,5,0,0,0,0
L105408,2026-04-12,C2C,Locadora A,Centro-Oeste,Supervisor A,SDR H,,,,,,Lead,0.0,0.0,6,5,0,0,0,0
L105409,2026-05-09,Inbound,Locadora A,Sudeste,Supervisor A,SDR F,,,,,,Lead,0.0,0.0,6,5,0,0,0,0
L105410,2026-01-04,Inbound,Locadora A,Sudeste,Supervisor B,SDR E,,,,,,Lead,0.0,0.0,6,5,0,0,0,0
L105411,2026-03-26,Inbound,Locadora A,Sudeste,Supervisor D,SDR H,,,,,,Lead,0.0,0.0,6,5,0,0,0,0
L105412,2026-04-02,Inbound,Locadora A,Sudeste,Supervisor C,SDR G,,,,,,Lead,0.0,0.0,6,5,0,0,0,0
L105413,2026-06-11,Inbound,Locadora B,Norte,Supervisor A,SDR D,,,,,,Lead,0.0,0.0,6,5,0,0,0,0
L105414,2026-02-26,Crossover,Locadora A,Sudeste,Supervisor D,SDR F,2026-03-01,2026-03-02,2026-03-04,2026-03-10,2026-03-18,Assinado,37191.95,31456.22,6,5,1,1,1,1
L105415,2026-02-11,C2C,Locadora A,Centro-Oeste,Supervisor A,SDR E,,,,,,Lead,0.0,0.0,6,5,0,0,0,0
L105416,2026-03-05,C2C,Locadora B,Nordeste,Supervisor C,SDR C,,,,,,Lead,0.0,0.0,6,5,0,0,0,0
L105417,2026-01-31,C2C,Locadora A,Nordeste,Supervisor D,SDR H,,,,,,Lead,0.0,0.0,6,5,0,0,0,0
L105418,2026-04-12,Inbound,Locadora A,Sudeste,Supervisor D,SDR E,,,,,,Lead,0.0,0.0,6,5,0,0,0,0
L105419,2026-04-27,Crossover,Locadora A,Norte,Supervisor C,SDR F,,,,,,Lead,0.0,0.0,6,5,0,0,0,0
L105420,2026-05-26,Inbound,Locadora B,Sul,Supervisor B,SDR D,,,,,,Lead,0.0,0.0,6,5,0,0,0,0
L105421,2026-06-25,C2C,Locadora A,Sul,Supervisor D,SDR B,,,,,,Lead,0.0,0.0,6,5,0,0,0,0
L105422,2026-01-14,Inbound,Locadora A,Centro-Oeste,Supervisor B,SDR A,2026-01-18,2026-01-20,2026-01-21,2026-01-28,,Formalizado,37942.25,0.0,6,5,1,1,1,0
L105423,2026-02-14,C2C,Locadora B,Sudeste,Supervisor B,SDR G,,,,,,Lead,0.0,0.0,6,5,0,0,0,0
L105424,2026-02-24,Inbound,Locadora A,Nordeste,Supervisor C,SDR E,,,,,,Lead,0.0,0.0,6,5,0,0,0,0
L105425,2026-02-15,Inbound,Locadora A,Centro-Oeste,Supervisor C,SDR E,,,,,,Lead,0.0,0.0,6,5,0,0,0,0
L105426,2026-05-30,Farmer,Locadora A,Nordeste,Supervisor A,SDR A,,,,,,Lead,0.0,0.0,6,5,0,0,0,0
L105427,2026-01-26,Inbound,Locadora A,Nordeste,Supervisor D,SDR G,2026-01-29,2026-01-31,2026-02-01,2026-02-07,2026-02-08,Assinado,70380.86,62722.79,6,5,1,1,1,1
L105428,2026-01-06,C2C,Locadora A,Sul,Supervisor D,SDR C,2026-01-10,2026-01-14,2026-01-18,2026-01-25,2026-01-26,Assinado,63460.2,59632.55,6,5,1,1,1,1
L105429,2026-06-05,Inbound,Locadora A,Sudeste,Supervisor B,SDR E,,,,,,Lead,0.0,0.0,6,5,0,0,0,0
L105430,2026-06-24,Crossover,Locadora A,Sudeste,Supervisor A,SDR C,,,,,,Lead,0.0,0.0,6,5,0,0,0,0
L105431,2026-02-10,Crossover,Locadora A,Nordeste,Supervisor A,SDR B,,,,,,Lead,0.0,0.0,6,5,0,0,0,0
L105432,2026-03-02,C2C,Locadora B,Sul,Supervisor B,SDR B,2026-03-05,2026-03-06,2026-03-09,2026-03-16,,Formalizado,43394.27,0.0,6,5,1,1,1,0
L105433,2026-04-02,Inbound,Locadora B,Nordeste,Supervisor A,SDR G,,,,,,Lead,0.0,0.0,6,5,0,0,0,0
L105434,2026-04-06,Farmer,Locadora A,Sudeste,Supervisor D,SDR A,,,,,,Lead,0.0,0.0,6,5,0,0,0,0
L105435,2026-06-29,Farmer,Locadora B,Sul,Supervisor D,SDR A,,,,,,Lead,0.0,0.0,6,5,0,0,0,0
L105436,2026-03-15,Inbound,Locadora A,Nordeste,Supervisor D,SDR C,,,,,,Lead,0.0,0.0,6,5,0,0,0,0
L105437,2026-01-03,Farmer,Locadora A,Centro-Oeste,Supervisor B,SDR H,,,,,,Lead,0.0,0.0,6,5,0,0,0,0
L105438,2026-03-18,C2C,Locadora A,Sudeste,Supervisor C,SDR F,,,,,,Lead,0.0,0.0,6,5,0,0,0,0
L105439,2026-04-11,Inbound,Locadora A,Sudeste,Supervisor B,SDR G,2026-04-15,2026-04-16,,,,Análise de Crédito,0.0,0.0,6,5,1,0,0,0
L105440,2026-04-04,Farmer,Locadora A,Nordeste,Supervisor B,SDR B,,,,,,Lead,0.0,0.0,6,5,0,0,0,0
L105441,2026-04-03,Inbound,Locadora A,Nordeste,Supervisor C,SDR H,,,,,,Lead,0.0,0.0,6,5,0,0,0,0
L105442,2026-06-16,Inbound,Locadora A,Sudeste,Supervisor A,SDR A,,,,,,Lead,0.0,0.0,6,5,0,0,0,0
L105443,2026-05-27,Inbound,Locadora A,Sul,Supervisor D,SDR A,,,,,,Lead,0.0,0.0,6,5,0,0,0,0
L105444,2026-02-15,C2C,Locadora A,Sudeste,Supervisor A,SDR D,,,,,,Lead,0.0,0.0,6,5,0,0,0,0
L105445,2026-03-06,Crossover,Locadora A,Sudeste,Supervisor B,SDR D,2026-03-10,2026-03-11,2026-03-12,,,Aprovado,0.0,0.0,6,5,1,1,0,0
L105446,2026-05-01,Inbound,Locadora A,Sudeste,Supervisor A,SDR C,,,,,,Lead,0.0,0.0,6,5,0,0,0,0
L105447,2026-03-16,Inbound,Locadora A,Sudeste,Supervisor C,SDR B,,,,,,Lead,0.0,0.0,6,5,0,0,0,0
L105448,2026-03-19,Crossover,Locadora A,Nordeste,Supervisor C,SDR C,,,,,,Lead,0.0,0.0,6,5,0,0,0,0
L105449,2026-01-31,Farmer,Locadora A,Sudeste,Supervisor D,SDR C,2026-02-05,2026-02-08,2026-02-09,2026-02-15,2026-02-21,Assinado,54534.87,47928.23,6,5,1,1,1,1
L105450,2026-02-16,C2C,Locadora B,Nordeste,Supervisor B,SDR E,,,,,,Lead,0.0,0.0,6,5,0,0,0,0
L105451,2026-05-15,Crossover,Locadora B,Sul,Supervisor A,SDR C,,,,,,Lead,0.0,0.0,6,5,0,0,0,0
L105452,2026-06-02,Crossover,Locadora A,Sudeste,Supervisor A,SDR B,,,,,,Lead,0.0,0.0,6,5,0,0,0,0
L105453,2026-05-23,C2C,Locadora A,Sudeste,Supervisor C,SDR E,,,,,,Lead,0.0,0.0,6,5,0,0,0,0
L105454,2026-02-25,Inbound,Locadora A,Sudeste,Supervisor D,SDR E,2026-02-26,2026-02-27,,,,Análise de Crédito,0.0,0.0,6,5,1,0,0,0
L105455,2026-01-25,Crossover,Locadora A,Centro-Oeste,Supervisor A,SDR D,2026-01-30,2026-02-01,2026-02-03,,,Aprovado,0.0,0.0,6,5,1,1,0,0
L105456,2026-01-29,C2C,Locadora A,Nordeste,Supervisor D,SDR A,2026-02-03,2026-02-04,2026-02-05,,,Aprovado,0.0,0.0,6,5,1,1,0,0
L105457,2026-03-13,C2C,Locadora A,Centro-Oeste,Supervisor B,SDR H,2026-03-18,,,,,Pedido,0.0,0.0,6,5,1,0,0,0
L105458,2026-04-04,Inbound,Locadora A,Centro-Oeste,Supervisor D,SDR E,,,,,,Lead,0.0,0.0,6,5,0,0,0,0
L105459,2026-06-11,Inbound,Locadora A,Nordeste,Supervisor A,SDR C,,,,,,Lead,0.0,0.0,6,5,0,0,0,0
L105460,2026-06-12,C2C,Locadora A,Centro-Oeste,Supervisor D,SDR F,,,,,,Lead,0.0,0.0,6,5,0,0,0,0
L105461,2026-01-01,Inbound,Locadora A,Sul,Supervisor B,SDR D,,,,,,Lead,0.0,0.0,6,5,0,0,0,0
L105462,2026-05-09,Inbound,Locadora A,Centro-Oeste,Supervisor B,SDR B,2026-05-14,2026-05-16,,,,Análise de Crédito,0.0,0.0,6,5,1,0,0,0
L105463,2026-02-24,C2C,Locadora A,Sudeste,Supervisor A,SDR F,2026-02-25,2026-02-27,2026-03-02,,,Aprovado,0.0,0.0,6,5,1,1,0,0
L105464,2026-02-05,Inbound,Locadora B,Sudeste,Supervisor A,SDR A,2026-02-08,2026-02-09,2026-02-11,2026-02-15,2026-02-16,Assinado,85625.11,72421.26,6,5,1,1,1,1
L105465,2026-04-11,Inbound,Locadora A,Centro-Oeste,Supervisor D,SDR C,,,,,,Lead,0.0,0.0,6,5,0,0,0,0
L105466,2026-01-07,Inbound,Locadora A,Centro-Oeste,Supervisor A,SDR F,,,,,,Lead,0.0,0.0,6,5,0,0,0,0
L105467,2026-03-02,Inbound,Locadora A,Sudeste,Supervisor B,SDR F,,,,,,Lead,0.0,0.0,6,5,0,0,0,0
L105468,2026-04-10,Inbound,Locadora A,Norte,Supervisor D,SDR H,,,,,,Lead,0.0,0.0,6,5,0,0,0,0
L105469,2026-02-19,Inbound,Locadora B,Sudeste,Supervisor B,SDR F,,,,,,Lead,0.0,0.0,6,5,0,0,0,0
L105470,2026-04-18,Inbound,Locadora A,Centro-Oeste,Supervisor D,SDR B,,,,,,Lead,0.0,0.0,6,5,0,0,0,0
L105471,2026-03-25,Farmer,Locadora A,Norte,Supervisor C,SDR F,2026-03-29,2026-03-30,,,,Análise de Crédito,0.0,0.0,6,5,1,0,0,0
L105472,2026-05-25,Inbound,Locadora A,Sudeste,Supervisor D,SDR G,,,,,,Lead,0.0,0.0,6,5,0,0,0,0
L105473,2026-02-02,Crossover,Locadora A,Nordeste,Supervisor D,SDR F,2026-02-05,,,,,Pedido,0.0,0.0,6,5,1,0,0,0
L105474,2026-01-11,Inbound,Locadora A,Nordeste,Supervisor A,SDR F,,,,,,Lead,0.0,0.0,6,5,0,0,0,0
L105475,2026-04-06,Inbound,Locadora B,Centro-Oeste,Supervisor B,SDR G,,,,,,Lead,0.0,0.0,6,5,0,0,0,0
L105476,2026-02-16,Farmer,Locadora A,Norte,Supervisor B,SDR E,,,,,,Lead,0.0,0.0,6,5,0,0,0,0
L105477,2026-05-08,Inbound,Locadora B,Centro-Oeste,Supervisor A,SDR H,,,,,,Lead,0.0,0.0,6,5,0,0,0,0
L105478,2026-01-17,Inbound,Locadora A,Sul,Supervisor A,SDR F,,,,,,Lead,0.0,0.0,6,5,0,0,0,0
L105479,2026-04-15,Farmer,Locadora A,Centro-Oeste,Supervisor A,SDR A,,,,,,Lead,0.0,0.0,6,5,0,0,0,0
L105480,2026-06-29,Crossover,Locadora B,Sudeste,Supervisor D,SDR B,2026-07-02,2026-07-05,,,,Análise de Crédito,0.0,0.0,6,5,1,0,0,0
L105481,2026-01-17,Inbound,Locadora A,Sudeste,Supervisor D,SDR D,,,,,,Lead,0.0,0.0,6,5,0,0,0,0
L105482,2026-02-24,C2C,Locadora B,Sudeste,Supervisor C,SDR D,,,,,,Lead,0.0,0.0,6,5,0,0,0,0
L105483,2026-06-02,Inbound,Locadora A,Sudeste,Supervisor D,SDR G,2026-06-04,2026-06-08,,,,Análise de Crédito,0.0,0.0,6,5,1,0,0,0
L105484,2026-04-07,Farmer,Locadora A,Nordeste,Supervisor B,SDR F,,,,,,Lead,0.0,0.0,6,5,0,0,0,0
L105485,2026-02-01,C2C,Locadora A,Norte,Supervisor B,SDR A,,,,,,Lead,0.0,0.0,6,5,0,0,0,0
L105486,2026-02-08,C2C,Locadora A,Norte,Supervisor D,SDR D,,,,,,Lead,0.0,0.0,6,5,0,0,0,0
L105487,2026-05-19,Crossover,Locadora B,Sudeste,Supervisor A,SDR E,,,,,,Lead,0.0,0.0,6,5,0,0,0,0
L105488,2026-06-05,Farmer,Locadora A,Sul,Supervisor A,SDR H,,,,,,Lead,0.0,0.0,6,5,0,0,0,0
L105489,2026-03-07,Inbound,Locadora A,Sul,Supervisor C,SDR F,,,,,,Lead,0.0,0.0,6,5,0,0,0,0
L105490,2026-03-27,Inbound,Locadora B,Sudeste,Supervisor B,SDR B,,,,,,Lead,0.0,0.0,6,5,0,0,0,0
L105491,2026-05-22,C2C,Locadora A,Sul,Supervisor C,SDR B,2026-05-23,2026-05-25,2026-05-29,,,Aprovado,0.0,0.0,6,5,1,1,0,0
L105492,2026-02-02,Inbound,Locadora B,Sudeste,Supervisor C,SDR C,2026-02-06,2026-02-09,,,,Análise de Crédito,0.0,0.0,6,5,1,0,0,0
L105493,2026-02-07,C2C,Locadora B,Norte,Supervisor B,SDR D,2026-02-09,2026-02-12,2026-02-13,,,Aprovado,0.0,0.0,6,5,1,1,0,0
L105494,2026-05-21,Inbound,Locadora A,Sudeste,Supervisor A,SDR A,,,,,,Lead,0.0,0.0,6,5,0,0,0,0
L105495,2026-02-03,Inbound,Locadora A,Nordeste,Supervisor A,SDR G,2026-02-08,2026-02-11,,,,Análise de Crédito,0.0,0.0,6,5,1,0,0,0
L105496,2026-05-20,Crossover,Locadora B,Nordeste,Supervisor B,SDR A,2026-05-22,2026-05-25,,,,Análise de Crédito,0.0,0.0,6,5,1,0,0,0
L105497,2026-03-31,C2C,Locadora A,Centro-Oeste,Supervisor B,SDR A,,,,,,Lead,0.0,0.0,6,5,0,0,0,0
L105498,2026-06-29,Inbound,Locadora A,Sudeste,Supervisor A,SDR B,2026-07-02,2026-07-03,,,,Análise de Crédito,0.0,0.0,6,5,1,0,0,0
L105499,2026-01-06,Crossover,Locadora B,Sudeste,Supervisor C,SDR B,,,,,,Lead,0.0,0.0,6,5,0,0,0,0
L105500,2026-06-21,Crossover,Locadora A,Norte,Supervisor D,SDR E,,,,,,Lead,0.0,0.0,6,5,0,0,0,0
L105501,2026-02-10,Farmer,Locadora B,Sudeste,Supervisor D,SDR G,2026-02-15,2026-02-17,2026-02-19,2026-02-26,2026-03-03,Assinado,95661.12,86309.95,6,5,1,1,1,1
L105502,2026-01-07,Inbound,Locadora A,Sudeste,Supervisor A,SDR H,,,,,,Lead,0.0,0.0,6,5,0,0,0,0
L105503,2026-05-12,Inbound,Locadora B,Norte,Supervisor A,SDR G,,,,,,Lead,0.0,0.0,6,5,0,0,0,0
L105504,2026-04-07,Inbound,Locadora A,Centro-Oeste,Supervisor B,SDR F,,,,,,Lead,0.0,0.0,6,5,0,0,0,0
L105505,2026-06-01,Inbound,Locadora A,Centro-Oeste,Supervisor D,SDR E,,,,,,Lead,0.0,0.0,6,5,0,0,0,0
L105506,2026-01-20,Inbound,Locadora B,Sudeste,Supervisor C,SDR C,,,,,,Lead,0.0,0.0,6,5,0,0,0,0
L105507,2026-01-15,Inbound,Locadora A,Sul,Supervisor B,SDR D,,,,,,Lead,0.0,0.0,6,5,0,0,0,0
L105508,2026-04-13,C2C,Locadora A,Nordeste,Supervisor D,SDR G,2026-04-15,2026-04-17,2026-04-19,,,Aprovado,0.0,0.0,6,5,1,1,0,0
L105509,2026-06-09,C2C,Locadora B,Sudeste,Supervisor C,SDR A,,,,,,Lead,0.0,0.0,6,5,0,0,0,0
L105510,2026-03-15,Inbound,Locadora B,Sudeste,Supervisor D,SDR G,2026-03-16,2026-03-18,,,,Análise de Crédito,0.0,0.0,6,5,1,0,0,0
L105511,2026-05-25,Inbound,Locadora B,Sudeste,Supervisor D,SDR G,,,,,,Lead,0.0,0.0,6,5,0,0,0,0
L105512,2026-06-14,Inbound,Locadora A,Sul,Supervisor D,SDR A,,,,,,Lead,0.0,0.0,6,5,0,0,0,0
L105513,2026-06-07,C2C,Locadora A,Sudeste,Supervisor C,SDR B,2026-06-12,2026-06-13,2026-06-16,2026-06-17,,Formalizado,32012.53,0.0,6,5,1,1,1,0
L105514,2026-04-03,Inbound,Locadora A,Nordeste,Supervisor B,SDR C,,,,,,Lead,0.0,0.0,6,5,0,0,0,0
L105515,2026-05-07,Inbound,Locadora A,Sudeste,Supervisor A,SDR H,,,,,,Lead,0.0,0.0,6,5,0,0,0,0
L105516,2026-04-06,C2C,Locadora A,Sudeste,Supervisor C,SDR D,2026-04-11,2026-04-15,2026-04-18,,,Aprovado,0.0,0.0,6,5,1,1,0,0
L105517,2026-05-03,Inbound,Locadora A,Norte,Supervisor B,SDR G,2026-05-07,2026-05-09,,,,Análise de Crédito,0.0,0.0,6,5,1,0,0,0
L105518,2026-04-13,Inbound,Locadora A,Norte,Supervisor A,SDR E,,,,,,Lead,0.0,0.0,6,5,0,0,0,0
L105519,2026-04-06,Crossover,Locadora A,Centro-Oeste,Supervisor D,SDR A,,,,,,Lead,0.0,0.0,6,5,0,0,0,0
L105520,2026-03-21,Inbound,Locadora A,Norte,Supervisor B,SDR F,,,,,,Lead,0.0,0.0,6,5,0,0,0,0
L105521,2026-04-29,Inbound,Locadora A,Sudeste,Supervisor C,SDR F,,,,,,Lead,0.0,0.0,6,5,0,0,0,0
L105522,2026-05-16,C2C,Locadora A,Sul,Supervisor D,SDR G,,,,,,Lead,0.0,0.0,6,5,0,0,0,0
L105523,2026-06-16,Inbound,Locadora B,Sudeste,Supervisor B,SDR H,,,,,,Lead,0.0,0.0,6,5,0,0,0,0
L105524,2026-04-21,Crossover,Locadora B,Sul,Supervisor D,SDR E,,,,,,Lead,0.0,0.0,6,5,0,0,0,0
L105525,2026-01-19,C2C,Locadora A,Nordeste,Supervisor C,SDR H,,,,,,Lead,0.0,0.0,6,5,0,0,0,0
L105526,2026-04-17,C2C,Locadora B,Nordeste,Supervisor C,SDR B,,,,,,Lead,0.0,0.0,6,5,0,0,0,0
L105527,2026-02-27,Inbound,Locadora B,Sudeste,Supervisor B,SDR E,,,,,,Lead,0.0,0.0,6,5,0,0,0,0
L105528,2026-01-05,Farmer,Locadora A,Sudeste,Supervisor D,SDR E,,,,,,Lead,0.0,0.0,6,5,0,0,0,0
L105529,2026-01-14,Inbound,Locadora A,Norte,Supervisor A,SDR B,,,,,,Lead,0.0,0.0,6,5,0,0,0,0
L105530,2026-04-18,Inbound,Locadora A,Sul,Supervisor C,SDR E,,,,,,Lead,0.0,0.0,6,5,0,0,0,0
L105531,2026-06-21,Crossover,Locadora A,Sudeste,Supervisor D,SDR F,,,,,,Lead,0.0,0.0,6,5,0,0,0,0
L105532,2026-04-02,Inbound,Locadora A,Sudeste,Supervisor A,SDR D,,,,,,Lead,0.0,0.0,6,5,0,0,0,0
L105533,2026-03-22,C2C,Locadora A,Sudeste,Supervisor B,SDR F,,,,,,Lead,0.0,0.0,6,5,0,0,0,0
L105534,2026-01-17,Farmer,Locadora B,Sudeste,Supervisor C,SDR F,,,,,,Lead,0.0,0.0,6,5,0,0,0,0
L105535,2026-05-03,Inbound,Locadora A,Sudeste,Supervisor B,SDR E,,,,,,Lead,0.0,0.0,6,5,0,0,0,0
L105536,2026-01-11,Crossover,Locadora A,Sul,Supervisor A,SDR D,,,,,,Lead,0.0,0.0,6,5,0,0,0,0
L105537,2026-06-02,C2C,Locadora B,Sul,Supervisor B,SDR C,,,,,,Lead,0.0,0.0,6,5,0,0,0,0
L105538,2026-05-28,Crossover,Locadora B,Sul,Supervisor B,SDR F,,,,,,Lead,0.0,0.0,6,5,0,0,0,0
L105539,2026-06-29,Inbound,Locadora B,Sudeste,Supervisor D,SDR H,,,,,,Lead,0.0,0.0,6,5,0,0,0,0
L105540,2026-02-21,Inbound,Locadora B,Sudeste,Supervisor D,SDR D,,,,,,Lead,0.0,0.0,6,5,0,0,0,0
L105541,2026-01-30,Crossover,Locadora B,Sudeste,Supervisor A,SDR E,,,,,,Lead,0.0,0.0,6,5,0,0,0,0
L105542,2026-02-24,Inbound,Locadora A,Nordeste,Supervisor B,SDR H,,,,,,Lead,0.0,0.0,6,5,0,0,0,0
L105543,2026-05-25,C2C,Locadora B,Nordeste,Supervisor A,SDR C,,,,,,Lead,0.0,0.0,6,5,0,0,0,0
L105544,2026-02-09,Inbound,Locadora A,Sudeste,Supervisor D,SDR G,2026-02-12,2026-02-16,,,,Análise de Crédito,0.0,0.0,6,5,1,0,0,0
L105545,2026-06-10,Inbound,Locadora A,Sul,Supervisor B,SDR C,,,,,,Lead,0.0,0.0,6,5,0,0,0,0
L105546,2026-01-28,Farmer,Locadora A,Sul,Supervisor D,SDR C,2026-01-30,2026-02-03,2026-02-07,,,Aprovado,0.0,0.0,6,5,1,1,0,0
L105547,2026-01-09,Inbound,Locadora A,Sul,Supervisor A,SDR C,,,,,,Lead,0.0,0.0,6,5,0,0,0,0
L105548,2026-02-09,Farmer,Locadora A,Centro-Oeste,Supervisor C,SDR A,,,,,,Lead,0.0,0.0,6,5,0,0,0,0
L105549,2026-05-17,Inbound,Locadora A,Norte,Supervisor A,SDR D,2026-05-20,,,,,Pedido,0.0,0.0,6,5,1,0,0,0
L105550,2026-04-20,Inbound,Locadora A,Sudeste,Supervisor C,SDR C,,,,,,Lead,0.0,0.0,6,5,0,0,0,0
L105551,2026-03-06,Inbound,Locadora A,Sul,Supervisor A,SDR B,,,,,,Lead,0.0,0.0,6,5,0,0,0,0
L105552,2026-04-29,Farmer,Locadora A,Sul,Supervisor A,SDR G,2026-05-03,,,,,Pedido,0.0,0.0,6,5,1,0,0,0
L105553,2026-04-28,Inbound,Locadora B,Sul,Supervisor A,SDR E,2026-04-30,2026-05-02,,,,Análise de Crédito,0.0,0.0,6,5,1,0,0,0
L105554,2026-04-11,Farmer,Locadora A,Sudeste,Supervisor C,SDR B,,,,,,Lead,0.0,0.0,6,5,0,0,0,0
L105555,2026-04-04,Crossover,Locadora A,Sul,Supervisor C,SDR B,2026-04-07,2026-04-08,2026-04-12,,,Aprovado,0.0,0.0,6,5,1,1,0,0
L105556,2026-01-19,Inbound,Locadora A,Sudeste,Supervisor C,SDR G,,,,,,Lead,0.0,0.0,6,5,0,0,0,0
L105557,2026-02-17,Farmer,Locadora B,Centro-Oeste,Supervisor A,SDR C,,,,,,Lead,0.0,0.0,6,5,0,0,0,0
L105558,2026-04-06,Inbound,Locadora A,Centro-Oeste,Supervisor B,SDR D,,,,,,Lead,0.0,0.0,6,5,0,0,0,0
L105559,2026-01-25,C2C,Locadora A,Sudeste,Supervisor B,SDR A,2026-01-29,2026-02-01,2026-02-02,,,Aprovado,0.0,0.0,6,5,1,1,0,0
L105560,2026-03-28,Inbound,Locadora A,Norte,Supervisor D,SDR G,,,,,,Lead,0.0,0.0,6,5,0,0,0,0
L105561,2026-01-22,Inbound,Locadora B,Nordeste,Supervisor C,SDR C,,,,,,Lead,0.0,0.0,6,5,0,0,0,0
L105562,2026-05-23,C2C,Locadora B,Sul,Supervisor A,SDR F,,,,,,Lead,0.0,0.0,6,5,0,0,0,0
L105563,2026-01-19,Inbound,Locadora B,Norte,Supervisor A,SDR D,,,,,,Lead,0.0,0.0,6,5,0,0,0,0
L105564,2026-01-17,Inbound,Locadora A,Nordeste,Supervisor B,SDR G,,,,,,Lead,0.0,0.0,6,5,0,0,0,0
L105565,2026-04-26,Inbound,Locadora A,Sudeste,Supervisor A,SDR D,,,,,,Lead,0.0,0.0,6,5,0,0,0,0
L105566,2026-02-09,C2C,Locadora A,Sul,Supervisor B,SDR H,,,,,,Lead,0.0,0.0,6,5,0,0,0,0
L105567,2026-03-05,Inbound,Locadora A,Sul,Supervisor D,SDR F,2026-03-07,2026-03-10,2026-03-14,2026-03-19,2026-03-20,Assinado,88852.04,86668.01,6,5,1,1,1,1
L105568,2026-02-26,Inbound,Locadora A,Centro-Oeste,Supervisor A,SDR D,2026-03-02,2026-03-05,,,,Análise de Crédito,0.0,0.0,6,5,1,0,0,0
L105569,2026-02-09,Farmer,Locadora B,Norte,Supervisor C,SDR D,,,,,,Lead,0.0,0.0,6,5,0,0,0,0
L105570,2026-05-18,Inbound,Locadora B,Sul,Supervisor B,SDR E,,,,,,Lead,0.0,0.0,6,5,0,0,0,0
L105571,2026-05-06,C2C,Locadora A,Sudeste,Supervisor C,SDR F,,,,,,Lead,0.0,0.0,6,5,0,0,0,0
L105572,2026-02-13,Farmer,Locadora A,Sul,Supervisor C,SDR F,2026-02-16,2026-02-18,2026-02-21,,,Aprovado,0.0,0.0,6,5,1,1,0,0
L105573,2026-05-05,Inbound,Locadora A,Nordeste,Supervisor C,SDR A,,,,,,Lead,0.0,0.0,6,5,0,0,0,0
L105574,2026-05-10,C2C,Locadora A,Sudeste,Supervisor B,SDR C,,,,,,Lead,0.0,0.0,6,5,0,0,0,0
L105575,2026-04-08,Inbound,Locadora A,Sudeste,Supervisor D,SDR D,,,,,,Lead,0.0,0.0,6,5,0,0,0,0
L105576,2026-04-15,Crossover,Locadora A,Sudeste,Supervisor B,SDR E,,,,,,Lead,0.0,0.0,6,5,0,0,0,0
L105577,2026-06-19,Inbound,Locadora A,Centro-Oeste,Supervisor A,SDR A,,,,,,Lead,0.0,0.0,6,5,0,0,0,0
L105578,2026-03-24,Inbound,Locadora A,Sudeste,Supervisor A,SDR B,,,,,,Lead,0.0,0.0,6,5,0,0,0,0
L105579,2026-03-11,Crossover,Locadora A,Sudeste,Supervisor A,SDR D,2026-03-12,2026-03-15,2026-03-16,,,Aprovado,0.0,0.0,6,5,1,1,0,0
L105580,2026-04-08,Inbound,Locadora B,Sudeste,Supervisor B,SDR D,2026-04-13,2026-04-16,2026-04-20,,,Aprovado,0.0,0.0,6,5,1,1,0,0
L105581,2026-06-01,Inbound,Locadora A,Sul,Supervisor D,SDR E,,,,,,Lead,0.0,0.0,6,5,0,0,0,0
L105582,2026-05-09,Inbound,Locadora A,Sudeste,Supervisor A,SDR A,,,,,,Lead,0.0,0.0,6,5,0,0,0,0
L105583,2026-01-14,Crossover,Locadora A,Sudeste,Supervisor A,SDR G,,,,,,Lead,0.0,0.0,6,5,0,0,0,0
L105584,2026-03-25,C2C,Locadora B,Centro-Oeste,Supervisor C,SDR C,2026-03-29,2026-04-01,2026-04-02,,,Aprovado,0.0,0.0,6,5,1,1,0,0
L105585,2026-05-14,Inbound,Locadora A,Sudeste,Supervisor C,SDR E,,,,,,Lead,0.0,0.0,6,5,0,0,0,0
L105586,2026-02-10,Crossover,Locadora A,Sudeste,Supervisor C,SDR H,,,,,,Lead,0.0,0.0,6,5,0,0,0,0
L105587,2026-06-28,Inbound,Locadora A,Sul,Supervisor A,SDR D,,,,,,Lead,0.0,0.0,6,5,0,0,0,0
L105588,2026-05-27,Inbound,Locadora A,Sudeste,Supervisor A,SDR C,,,,,,Lead,0.0,0.0,6,5,0,0,0,0
L105589,2026-06-03,Inbound,Locadora A,Sudeste,Supervisor B,SDR C,,,,,,Lead,0.0,0.0,6,5,0,0,0,0
L105590,2026-01-15,Inbound,Locadora B,Sudeste,Supervisor C,SDR F,,,,,,Lead,0.0,0.0,6,5,0,0,0,0
L105591,2026-04-15,Crossover,Locadora B,Sudeste,Supervisor C,SDR H,,,,,,Lead,0.0,0.0,6,5,0,0,0,0
L105592,2026-04-06,C2C,Locadora B,Sul,Supervisor D,SDR E,,,,,,Lead,0.0,0.0,6,5,0,0,0,0
L105593,2026-04-24,Inbound,Locadora B,Norte,Supervisor C,SDR B,,,,,,Lead,0.0,0.0,6,5,0,0,0,0
L105594,2026-06-03,Crossover,Locadora A,Sudeste,Supervisor B,SDR H,,,,,,Lead,0.0,0.0,6,5,0,0,0,0
L105595,2026-03-05,Farmer,Locadora A,Sul,Supervisor C,SDR A,2026-03-07,2026-03-11,,,,Análise de Crédito,0.0,0.0,6,5,1,0,0,0
L105596,2026-04-07,Inbound,Locadora A,Nordeste,Supervisor B,SDR D,,,,,,Lead,0.0,0.0,6,5,0,0,0,0
L105597,2026-05-03,Inbound,Locadora A,Sul,Supervisor A,SDR B,,,,,,Lead,0.0,0.0,6,5,0,0,0,0
L105598,2026-05-17,Inbound,Locadora A,Nordeste,Supervisor C,SDR A,2026-05-18,2026-05-19,2026-05-21,,,Aprovado,0.0,0.0,6,5,1,1,0,0
L105599,2026-05-20,Inbound,Locadora A,Sul,Supervisor B,SDR H,,,,,,Lead,0.0,0.0,6,5,0,0,0,0
L105600,2026-03-02,Inbound,Locadora A,Sul,Supervisor B,SDR A,2026-03-07,2026-03-11,,,,Análise de Crédito,0.0,0.0,6,5,1,0,0,0
L105601,2026-06-30,Crossover,Locadora B,Norte,Supervisor C,SDR H,,,,,,Lead,0.0,0.0,6,5,0,0,0,0
L105602,2026-01-02,Inbound,Locadora A,Sudeste,Supervisor A,SDR E,,,,,,Lead,0.0,0.0,6,5,0,0,0,0
L105603,2026-03-31,C2C,Locadora B,Nordeste,Supervisor A,SDR C,,,,,,Lead,0.0,0.0,6,5,0,0,0,0
L105604,2026-04-21,Inbound,Locadora B,Sul,Supervisor B,SDR G,2026-04-23,2026-04-25,2026-04-28,,,Aprovado,0.0,0.0,6,5,1,1,0,0
L105605,2026-01-12,Inbound,Locadora B,Sul,Supervisor C,SDR A,,,,,,Lead,0.0,0.0,6,5,0,0,0,0
L105606,2026-03-23,Inbound,Locadora A,Sudeste,Supervisor D,SDR F,2026-03-25,2026-03-26,2026-03-28,2026-04-04,,Formalizado,68477.29,0.0,6,5,1,1,1,0
L105607,2026-04-18,Farmer,Locadora A,Sudeste,Supervisor C,SDR G,2026-04-23,2026-04-25,2026-04-26,,,Aprovado,0.0,0.0,6,5,1,1,0,0
L105608,2026-04-20,Inbound,Locadora A,Sudeste,Supervisor B,SDR C,2026-04-25,2026-04-29,2026-05-02,2026-05-03,,Formalizado,98120.1,0.0,6,5,1,1,1,0
L105609,2026-01-22,Inbound,Locadora B,Norte,Supervisor B,SDR C,,,,,,Lead,0.0,0.0,6,5,0,0,0,0
L105610,2026-02-20,Crossover,Locadora A,Sul,Supervisor B,SDR A,,,,,,Lead,0.0,0.0,6,5,0,0,0,0
L105611,2026-02-14,Farmer,Locadora A,Nordeste,Supervisor B,SDR A,2026-02-15,2026-02-17,2026-02-18,2026-02-19,,Formalizado,62031.1,0.0,6,5,1,1,1,0
L105612,2026-04-26,Inbound,Locadora A,Sudeste,Supervisor C,SDR A,,,,,,Lead,0.0,0.0,6,5,0,0,0,0
L105613,2026-03-01,Crossover,Locadora A,Sudeste,Supervisor D,SDR D,2026-03-05,2026-03-09,,,,Análise de Crédito,0.0,0.0,6,5,1,0,0,0
L105614,2026-04-14,Crossover,Locadora B,Sudeste,Supervisor C,SDR E,,,,,,Lead,0.0,0.0,6,5,0,0,0,0
L105615,2026-05-13,Inbound,Locadora A,Sudeste,Supervisor B,SDR D,2026-05-17,2026-05-21,2026-05-24,,,Aprovado,0.0,0.0,6,5,1,1,0,0
L105616,2026-05-25,Inbound,Locadora A,Sul,Supervisor B,SDR F,2026-05-29,2026-06-01,2026-06-03,2026-06-04,,Formalizado,64648.73,0.0,6,5,1,1,1,0
L105617,2026-02-03,Inbound,Locadora A,Norte,Supervisor A,SDR C,,,,,,Lead,0.0,0.0,6,5,0,0,0,0
L105618,2026-06-13,Inbound,Locadora A,Nordeste,Supervisor D,SDR G,,,,,,Lead,0.0,0.0,6,5,0,0,0,0
L105619,2026-01-31,Farmer,Locadora A,Sul,Supervisor D,SDR F,2026-02-01,2026-02-02,2026-02-05,,,Aprovado,0.0,0.0,6,5,1,1,0,0
L105620,2026-01-04,C2C,Locadora A,Sudeste,Supervisor A,SDR H,2026-01-08,2026-01-12,2026-01-16,2026-01-20,2026-01-22,Assinado,49066.66,43018.82,6,5,1,1,1,1
L105621,2026-01-09,Inbound,Locadora A,Sul,Supervisor A,SDR F,,,,,,Lead,0.0,0.0,6,5,0,0,0,0
L105622,2026-02-06,Inbound,Locadora B,Sul,Supervisor A,SDR B,2026-02-11,2026-02-13,,,,Análise de Crédito,0.0,0.0,6,5,1,0,0,0
L105623,2026-06-08,Inbound,Locadora A,Centro-Oeste,Supervisor D,SDR E,,,,,,Lead,0.0,0.0,6,5,0,0,0,0
L105624,2026-02-07,Inbound,Locadora B,Sul,Supervisor A,SDR F,,,,,,Lead,0.0,0.0,6,5,0,0,0,0
L105625,2026-05-06,Crossover,Locadora A,Sudeste,Supervisor A,SDR A,,,,,,Lead,0.0,0.0,6,5,0,0,0,0
L105626,2026-03-17,Inbound,Locadora B,Sudeste,Supervisor B,SDR A,,,,,,Lead,0.0,0.0,6,5,0,0,0,0
L105627,2026-01-08,C2C,Locadora A,Norte,Supervisor B,SDR A,,,,,,Lead,0.0,0.0,6,5,0,0,0,0
L105628,2026-03-22,Inbound,Locadora A,Centro-Oeste,Supervisor B,SDR B,,,,,,Lead,0.0,0.0,6,5,0,0,0,0
L105629,2026-01-06,C2C,Locadora A,Norte,Supervisor C,SDR H,,,,,,Lead,0.0,0.0,6,5,0,0,0,0
L105630,2026-03-28,Inbound,Locadora A,Sudeste,Supervisor A,SDR B,,,,,,Lead,0.0,0.0,6,5,0,0,0,0
L105631,2026-04-12,Inbound,Locadora A,Sul,Supervisor A,SDR B,,,,,,Lead,0.0,0.0,6,5,0,0,0,0
L105632,2026-04-05,Crossover,Locadora B,Sudeste,Supervisor A,SDR D,2026-04-06,2026-04-07,2026-04-09,2026-04-13,2026-04-18,Assinado,73470.53,65415.58,6,5,1,1,1,1
L105633,2026-02-21,Inbound,Locadora B,Nordeste,Supervisor C,SDR D,,,,,,Lead,0.0,0.0,6,5,0,0,0,0
L105634,2026-05-19,Crossover,Locadora A,Sudeste,Supervisor C,SDR H,2026-05-23,2026-05-24,,,,Análise de Crédito,0.0,0.0,6,5,1,0,0,0
L105635,2026-04-19,Inbound,Locadora A,Centro-Oeste,Supervisor B,SDR A,,,,,,Lead,0.0,0.0,6,5,0,0,0,0
L105636,2026-02-16,Inbound,Locadora A,Sudeste,Supervisor D,SDR G,2026-02-20,2026-02-21,,,,Análise de Crédito,0.0,0.0,6,5,1,0,0,0
L105637,2026-03-20,Inbound,Locadora A,Sudeste,Supervisor C,SDR B,,,,,,Lead,0.0,0.0,6,5,0,0,0,0
L105638,2026-01-20,Inbound,Locadora A,Sudeste,Supervisor D,SDR C,,,,,,Lead,0.0,0.0,6,5,0,0,0,0
L105639,2026-06-17,Crossover,Locadora B,Sul,Supervisor D,SDR D,,,,,,Lead,0.0,0.0,6,5,0,0,0,0
L105640,2026-05-17,Inbound,Locadora A,Nordeste,Supervisor B,SDR H,2026-05-20,2026-05-23,,,,Análise de Crédito,0.0,0.0,6,5,1,0,0,0
L105641,2026-02-22,C2C,Locadora A,Norte,Supervisor C,SDR B,,,,,,Lead,0.0,0.0,6,5,0,0,0,0
L105642,2026-05-03,Crossover,Locadora A,Sul,Supervisor C,SDR C,2026-05-05,2026-05-08,2026-05-09,,,Aprovado,0.0,0.0,6,5,1,1,0,0
L105643,2026-05-03,Inbound,Locadora A,Sul,Supervisor B,SDR F,,,,,,Lead,0.0,0.0,6,5,0,0,0,0
L105644,2026-04-21,Inbound,Locadora A,Nordeste,Supervisor C,SDR F,,,,,,Lead,0.0,0.0,6,5,0,0,0,0
L105645,2026-01-10,Inbound,Locadora B,Sudeste,Supervisor B,SDR C,,,,,,Lead,0.0,0.0,6,5,0,0,0,0
L105646,2026-06-09,Inbound,Locadora A,Nordeste,Supervisor A,SDR B,,,,,,Lead,0.0,0.0,6,5,0,0,0,0
L105647,2026-06-23,Inbound,Locadora B,Centro-Oeste,Supervisor A,SDR G,,,,,,Lead,0.0,0.0,6,5,0,0,0,0
L105648,2026-06-26,Inbound,Locadora B,Sul,Supervisor B,SDR H,,,,,,Lead,0.0,0.0,6,5,0,0,0,0
L105649,2026-06-27,Inbound,Locadora A,Sudeste,Supervisor D,SDR E,2026-07-01,2026-07-04,,,,Análise de Crédito,0.0,0.0,6,5,1,0,0,0
L105650,2026-06-18,Inbound,Locadora A,Sudeste,Supervisor A,SDR G,,,,,,Lead,0.0,0.0,6,5,0,0,0,0
L105651,2026-05-14,C2C,Locadora A,Sudeste,Supervisor C,SDR C,,,,,,Lead,0.0,0.0,6,5,0,0,0,0
L105652,2026-01-11,C2C,Locadora A,Norte,Supervisor A,SDR G,2026-01-15,2026-01-16,,,,Análise de Crédito,0.0,0.0,6,5,1,0,0,0
L105653,2026-03-26,Crossover,Locadora A,Sul,Supervisor C,SDR G,,,,,,Lead,0.0,0.0,6,5,0,0,0,0
L105654,2026-02-14,Inbound,Locadora A,Sul,Supervisor A,SDR H,,,,,,Lead,0.0,0.0,6,5,0,0,0,0
L105655,2026-02-09,Inbound,Locadora A,Sul,Supervisor B,SDR H,2026-02-12,2026-02-16,2026-02-20,,,Aprovado,0.0,0.0,6,5,1,1,0,0
L105656,2026-05-31,Inbound,Locadora B,Centro-Oeste,Supervisor D,SDR C,,,,,,Lead,0.0,0.0,6,5,0,0,0,0
L105657,2026-05-28,Inbound,Locadora A,Sudeste,Supervisor B,SDR A,,,,,,Lead,0.0,0.0,6,5,0,0,0,0
L105658,2026-04-05,Inbound,Locadora A,Sudeste,Supervisor D,SDR F,,,,,,Lead,0.0,0.0,6,5,0,0,0,0
L105659,2026-05-14,Inbound,Locadora A,Centro-Oeste,Supervisor A,SDR F,,,,,,Lead,0.0,0.0,6,5,0,0,0,0
L105660,2026-01-24,Inbound,Locadora A,Sudeste,Supervisor A,SDR F,,,,,,Lead,0.0,0.0,6,5,0,0,0,0
L105661,2026-02-10,Inbound,Locadora A,Sudeste,Supervisor A,SDR F,,,,,,Lead,0.0,0.0,6,5,0,0,0,0
L105662,2026-06-05,C2C,Locadora B,Sudeste,Supervisor A,SDR A,,,,,,Lead,0.0,0.0,6,5,0,0,0,0
L105663,2026-03-23,C2C,Locadora A,Sudeste,Supervisor B,SDR F,,,,,,Lead,0.0,0.0,6,5,0,0,0,0
L105664,2026-04-09,Crossover,Locadora A,Norte,Supervisor D,SDR D,,,,,,Lead,0.0,0.0,6,5,0,0,0,0
L105665,2026-03-25,Inbound,Locadora A,Nordeste,Supervisor A,SDR A,,,,,,Lead,0.0,0.0,6,5,0,0,0,0
L105666,2026-02-06,Inbound,Locadora A,Norte,Supervisor B,SDR G,2026-02-11,2026-02-14,,,,Análise de Crédito,0.0,0.0,6,5,1,0,0,0
L105667,2026-05-30,Inbound,Locadora B,Norte,Supervisor A,SDR A,,,,,,Lead,0.0,0.0,6,5,0,0,0,0
L105668,2026-05-18,Inbound,Locadora A,Sudeste,Supervisor C,SDR B,,,,,,Lead,0.0,0.0,6,5,0,0,0,0
L105669,2026-05-04,C2C,Locadora A,Sudeste,Supervisor C,SDR C,,,,,,Lead,0.0,0.0,6,5,0,0,0,0
L105670,2026-03-05,Crossover,Locadora A,Centro-Oeste,Supervisor A,SDR G,,,,,,Lead,0.0,0.0,6,5,0,0,0,0
L105671,2026-04-27,Inbound,Locadora A,Sudeste,Supervisor B,SDR A,,,,,,Lead,0.0,0.0,6,5,0,0,0,0
L105672,2026-06-22,C2C,Locadora A,Norte,Supervisor A,SDR D,,,,,,Lead,0.0,0.0,6,5,0,0,0,0
L105673,2026-04-28,Inbound,Locadora A,Sudeste,Supervisor B,SDR C,,,,,,Lead,0.0,0.0,6,5,0,0,0,0
L105674,2026-03-31,Crossover,Locadora B,Sul,Supervisor B,SDR D,,,,,,Lead,0.0,0.0,6,5,0,0,0,0
L105675,2026-02-18,Farmer,Locadora A,Centro-Oeste,Supervisor D,SDR G,,,,,,Lead,0.0,0.0,6,5,0,0,0,0
L105676,2026-04-05,Farmer,Locadora A,Nordeste,Supervisor A,SDR C,,,,,,Lead,0.0,0.0,6,5,0,0,0,0
L105677,2026-03-09,Inbound,Locadora A,Centro-Oeste,Supervisor C,SDR C,,,,,,Lead,0.0,0.0,6,5,0,0,0,0
L105678,2026-04-21,Farmer,Locadora A,Sul,Supervisor D,SDR D,2026-04-24,2026-04-28,2026-04-30,,,Aprovado,0.0,0.0,6,5,1,1,0,0
L105679,2026-01-09,Inbound,Locadora A,Sudeste,Supervisor A,SDR D,2026-01-10,2026-01-14,2026-01-16,2026-01-22,2026-01-24,Assinado,57388.24,57259.9,6,5,1,1,1,1
L105680,2026-02-04,Crossover,Locadora B,Sul,Supervisor D,SDR H,,,,,,Lead,0.0,0.0,6,5,0,0,0,0
L105681,2026-05-23,Inbound,Locadora B,Centro-Oeste,Supervisor D,SDR C,,,,,,Lead,0.0,0.0,6,5,0,0,0,0
L105682,2026-03-10,Farmer,Locadora B,Sul,Supervisor B,SDR A,,,,,,Lead,0.0,0.0,6,5,0,0,0,0
L105683,2026-03-20,C2C,Locadora A,Centro-Oeste,Supervisor B,SDR D,,,,,,Lead,0.0,0.0,6,5,0,0,0,0
L105684,2026-04-09,Inbound,Locadora A,Sudeste,Supervisor C,SDR A,,,,,,Lead,0.0,0.0,6,5,0,0,0,0
L105685,2026-03-21,Crossover,Locadora B,Sudeste,Supervisor C,SDR G,,,,,,Lead,0.0,0.0,6,5,0,0,0,0
L105686,2026-05-18,Farmer,Locadora A,Norte,Supervisor D,SDR H,2026-05-22,2026-05-25,,,,Análise de Crédito,0.0,0.0,6,5,1,0,0,0
L105687,2026-02-14,Inbound,Locadora A,Sudeste,Supervisor D,SDR G,,,,,,Lead,0.0,0.0,6,5,0,0,0,0
L105688,2026-05-18,Crossover,Locadora B,Sul,Supervisor B,SDR G,2026-05-19,2026-05-21,,,,Análise de Crédito,0.0,0.0,6,5,1,0,0,0
L105689,2026-02-07,C2C,Locadora B,Sul,Supervisor A,SDR D,,,,,,Lead,0.0,0.0,6,5,0,0,0,0
L105690,2026-03-09,Inbound,Locadora B,Norte,Supervisor B,SDR F,,,,,,Lead,0.0,0.0,6,5,0,0,0,0
L105691,2026-04-17,Inbound,Locadora A,Sudeste,Supervisor C,SDR D,2026-04-20,2026-04-24,,,,Análise de Crédito,0.0,0.0,6,5,1,0,0,0
L105692,2026-06-10,Crossover,Locadora A,Sudeste,Supervisor D,SDR G,,,,,,Lead,0.0,0.0,6,5,0,0,0,0
L105693,2026-02-12,Crossover,Locadora A,Nordeste,Supervisor B,SDR B,,,,,,Lead,0.0,0.0,6,5,0,0,0,0
L105694,2026-04-17,Farmer,Locadora B,Centro-Oeste,Supervisor D,SDR B,,,,,,Lead,0.0,0.0,6,5,0,0,0,0
L105695,2026-01-12,Inbound,Locadora A,Sul,Supervisor A,SDR H,2026-01-15,2026-01-18,,,,Análise de Crédito,0.0,0.0,6,5,1,0,0,0
L105696,2026-01-14,Crossover,Locadora A,Sudeste,Supervisor C,SDR C,,,,,,Lead,0.0,0.0,6,5,0,0,0,0
L105697,2026-05-19,Inbound,Locadora B,Sudeste,Supervisor B,SDR C,,,,,,Lead,0.0,0.0,6,5,0,0,0,0
L105698,2026-05-11,Inbound,Locadora A,Norte,Supervisor C,SDR F,,,,,,Lead,0.0,0.0,6,5,0,0,0,0
L105699,2026-03-10,Crossover,Locadora A,Centro-Oeste,Supervisor B,SDR C,,,,,,Lead,0.0,0.0,6,5,0,0,0,0
L105700,2026-04-23,Inbound,Locadora B,Norte,Supervisor D,SDR F,,,,,,Lead,0.0,0.0,6,5,0,0,0,0
L105701,2026-03-10,Inbound,Locadora A,Norte,Supervisor A,SDR D,,,,,,Lead,0.0,0.0,6,5,0,0,0,0
L105702,2026-02-20,Inbound,Locadora A,Sul,Supervisor D,SDR G,,,,,,Lead,0.0,0.0,6,5,0,0,0,0
L105703,2026-03-20,Inbound,Locadora A,Sul,Supervisor B,SDR A,,,,,,Lead,0.0,0.0,6,5,0,0,0,0
L105704,2026-02-26,Inbound,Locadora A,Centro-Oeste,Supervisor C,SDR F,,,,,,Lead,0.0,0.0,6,5,0,0,0,0
L105705,2026-05-28,Inbound,Locadora A,Nordeste,Supervisor B,SDR C,,,,,,Lead,0.0,0.0,6,5,0,0,0,0
L105706,2026-03-16,Crossover,Locadora A,Centro-Oeste,Supervisor B,SDR D,,,,,,Lead,0.0,0.0,6,5,0,0,0,0
L105707,2026-02-28,Crossover,Locadora A,Sudeste,Supervisor B,SDR H,2026-03-03,2026-03-05,2026-03-08,2026-03-15,2026-03-19,Assinado,58153.08,53639.45,6,5,1,1,1,1
L105708,2026-04-08,Crossover,Locadora A,Norte,Supervisor B,SDR D,2026-04-13,2026-04-17,2026-04-20,2026-04-21,,Formalizado,86651.75,0.0,6,5,1,1,1,0
L105709,2026-05-18,Inbound,Locadora A,Centro-Oeste,Supervisor A,SDR A,,,,,,Lead,0.0,0.0,6,5,0,0,0,0
L105710,2026-02-19,Inbound,Locadora A,Nordeste,Supervisor B,SDR D,2026-02-22,2026-02-25,2026-02-28,2026-03-03,2026-03-09,Assinado,91521.94,77957.29,6,5,1,1,1,1
L105711,2026-06-20,Crossover,Locadora A,Sudeste,Supervisor B,SDR B,,,,,,Lead,0.0,0.0,6,5,0,0,0,0
L105712,2026-03-25,Farmer,Locadora B,Sul,Supervisor C,SDR D,2026-03-27,2026-03-28,,,,Análise de Crédito,0.0,0.0,6,5,1,0,0,0
L105713,2026-04-30,Inbound,Locadora A,Centro-Oeste,Supervisor B,SDR B,,,,,,Lead,0.0,0.0,6,5,0,0,0,0
L105714,2026-06-23,Crossover,Locadora A,Centro-Oeste,Supervisor C,SDR F,,,,,,Lead,0.0,0.0,6,5,0,0,0,0
L105715,2026-03-20,Crossover,Locadora A,Sudeste,Supervisor B,SDR B,,,,,,Lead,0.0,0.0,6,5,0,0,0,0
L105716,2026-02-06,Inbound,Locadora A,Sudeste,Supervisor B,SDR D,,,,,,Lead,0.0,0.0,6,5,0,0,0,0
L105717,2026-05-16,Crossover,Locadora A,Centro-Oeste,Supervisor C,SDR H,,,,,,Lead,0.0,0.0,6,5,0,0,0,0
L105718,2026-01-02,Inbound,Locadora A,Norte,Supervisor C,SDR F,,,,,,Lead,0.0,0.0,6,5,0,0,0,0
L105719,2026-03-24,Crossover,Locadora A,Sudeste,Supervisor D,SDR F,,,,,,Lead,0.0,0.0,6,5,0,0,0,0
L105720,2026-06-27,Farmer,Locadora B,Sudeste,Supervisor B,SDR G,,,,,,Lead,0.0,0.0,6,5,0,0,0,0
L105721,2026-03-17,Inbound,Locadora A,Sul,Supervisor A,SDR H,,,,,,Lead,0.0,0.0,6,5,0,0,0,0
L105722,2026-05-04,Farmer,Locadora A,Sudeste,Supervisor C,SDR H,,,,,,Lead,0.0,0.0,6,5,0,0,0,0
L105723,2026-04-06,Farmer,Locadora A,Sudeste,Supervisor B,SDR G,2026-04-11,2026-04-15,2026-04-16,,,Aprovado,0.0,0.0,6,5,1,1,0,0
L105724,2026-02-08,Inbound,Locadora A,Sul,Supervisor A,SDR C,2026-02-12,2026-02-14,,,,Análise de Crédito,0.0,0.0,6,5,1,0,0,0
L105725,2026-02-27,C2C,Locadora A,Centro-Oeste,Supervisor D,SDR E,,,,,,Lead,0.0,0.0,6,5,0,0,0,0
L105726,2026-04-05,C2C,Locadora A,Sudeste,Supervisor C,SDR G,2026-04-10,2026-04-12,2026-04-15,,,Aprovado,0.0,0.0,6,5,1,1,0,0
L105727,2026-01-19,Inbound,Locadora A,Sudeste,Supervisor C,SDR E,2026-01-20,2026-01-24,,,,Análise de Crédito,0.0,0.0,6,5,1,0,0,0
L105728,2026-03-17,Crossover,Locadora B,Norte,Supervisor C,SDR B,,,,,,Lead,0.0,0.0,6,5,0,0,0,0
L105729,2026-03-17,Inbound,Locadora A,Sul,Supervisor D,SDR E,,,,,,Lead,0.0,0.0,6,5,0,0,0,0
L105730,2026-06-01,Inbound,Locadora A,Nordeste,Supervisor C,SDR B,,,,,,Lead,0.0,0.0,6,5,0,0,0,0
L105731,2026-01-23,Inbound,Locadora A,Sudeste,Supervisor C,SDR F,,,,,,Lead,0.0,0.0,6,5,0,0,0,0
L105732,2026-06-02,Inbound,Locadora A,Nordeste,Supervisor D,SDR G,,,,,,Lead,0.0,0.0,6,5,0,0,0,0
L105733,2026-03-16,Inbound,Locadora A,Nordeste,Supervisor C,SDR F,,,,,,Lead,0.0,0.0,6,5,0,0,0,0
L105734,2026-04-28,Farmer,Locadora A,Sudeste,Supervisor C,SDR E,,,,,,Lead,0.0,0.0,6,5,0,0,0,0
L105735,2026-04-11,Inbound,Locadora A,Centro-Oeste,Supervisor A,SDR E,,,,,,Lead,0.0,0.0,6,5,0,0,0,0
L105736,2026-02-24,Inbound,Locadora A,Centro-Oeste,Supervisor B,SDR E,,,,,,Lead,0.0,0.0,6,5,0,0,0,0
L105737,2026-06-18,Inbound,Locadora A,Sudeste,Supervisor B,SDR D,,,,,,Lead,0.0,0.0,6,5,0,0,0,0
L105738,2026-02-10,Farmer,Locadora A,Centro-Oeste,Supervisor D,SDR B,,,,,,Lead,0.0,0.0,6,5,0,0,0,0
L105739,2026-01-07,Inbound,Locadora B,Sudeste,Supervisor C,SDR F,,,,,,Lead,0.0,0.0,6,5,0,0,0,0
L105740,2026-05-16,Crossover,Locadora A,Sul,Supervisor C,SDR C,,,,,,Lead,0.0,0.0,6,5,0,0,0,0
L105741,2026-04-23,Inbound,Locadora A,Norte,Supervisor C,SDR B,,,,,,Lead,0.0,0.0,6,5,0,0,0,0
L105742,2026-06-11,Inbound,Locadora B,Sudeste,Supervisor C,SDR G,,,,,,Lead,0.0,0.0,6,5,0,0,0,0
L105743,2026-03-24,Farmer,Locadora A,Sudeste,Supervisor D,SDR E,,,,,,Lead,0.0,0.0,6,5,0,0,0,0
L105744,2026-01-04,Inbound,Locadora B,Sudeste,Supervisor A,SDR E,,,,,,Lead,0.0,0.0,6,5,0,0,0,0
L105745,2026-01-04,Inbound,Locadora B,Norte,Supervisor D,SDR E,,,,,,Lead,0.0,0.0,6,5,0,0,0,0
L105746,2026-03-20,Inbound,Locadora A,Sudeste,Supervisor D,SDR A,,,,,,Lead,0.0,0.0,6,5,0,0,0,0
L105747,2026-02-15,C2C,Locadora A,Sudeste,Supervisor A,SDR E,,,,,,Lead,0.0,0.0,6,5,0,0,0,0
L105748,2026-06-16,Farmer,Locadora B,Centro-Oeste,Supervisor C,SDR E,2026-06-19,2026-06-20,2026-06-23,,,Aprovado,0.0,0.0,6,5,1,1,0,0
L105749,2026-01-22,Inbound,Locadora B,Centro-Oeste,Supervisor B,SDR E,,,,,,Lead,0.0,0.0,6,5,0,0,0,0
L105750,2026-06-09,Farmer,Locadora A,Sul,Supervisor B,SDR A,2026-06-12,2026-06-16,,,,Análise de Crédito,0.0,0.0,6,5,1,0,0,0
L105751,2026-02-09,Inbound,Locadora A,Norte,Supervisor D,SDR G,2026-02-11,2026-02-14,2026-02-18,2026-02-22,2026-02-24,Assinado,90911.54,86735.22,6,5,1,1,1,1
L105752,2026-01-22,Farmer,Locadora A,Sudeste,Supervisor B,SDR E,,,,,,Lead,0.0,0.0,6,5,0,0,0,0
L105753,2026-02-19,C2C,Locadora B,Sul,Supervisor D,SDR G,2026-02-24,2026-02-25,2026-03-01,2026-03-02,,Formalizado,77632.71,0.0,6,5,1,1,1,0
L105754,2026-01-27,Crossover,Locadora B,Sul,Supervisor C,SDR E,,,,,,Lead,0.0,0.0,6,5,0,0,0,0
L105755,2026-03-14,Inbound,Locadora B,Sudeste,Supervisor D,SDR C,,,,,,Lead,0.0,0.0,6,5,0,0,0,0
L105756,2026-03-01,Inbound,Locadora A,Nordeste,Supervisor C,SDR G,,,,,,Lead,0.0,0.0,6,5,0,0,0,0
L105757,2026-04-06,Inbound,Locadora B,Sul,Supervisor C,SDR C,,,,,,Lead,0.0,0.0,6,5,0,0,0,0
L105758,2026-04-08,Inbound,Locadora A,Sudeste,Supervisor A,SDR D,,,,,,Lead,0.0,0.0,6,5,0,0,0,0
L105759,2026-01-01,Inbound,Locadora A,Sudeste,Supervisor D,SDR A,,,,,,Lead,0.0,0.0,6,5,0,0,0,0
L105760,2026-01-23,Inbound,Locadora A,Sudeste,Supervisor C,SDR B,,,,,,Lead,0.0,0.0,6,5,0,0,0,0
L105761,2026-01-30,Crossover,Locadora A,Nordeste,Supervisor B,SDR A,,,,,,Lead,0.0,0.0,6,5,0,0,0,0
L105762,2026-02-05,Inbound,Locadora A,Sudeste,Supervisor B,SDR D,2026-02-10,2026-02-12,2026-02-16,2026-02-18,2026-02-24,Assinado,35437.99,30532.57,6,5,1,1,1,1
L105763,2026-01-17,Inbound,Locadora A,Nordeste,Supervisor A,SDR C,2026-01-22,2026-01-25,,,,Análise de Crédito,0.0,0.0,6,5,1,0,0,0
L105764,2026-02-26,Inbound,Locadora A,Sudeste,Supervisor B,SDR C,,,,,,Lead,0.0,0.0,6,5,0,0,0,0
L105765,2026-04-10,Inbound,Locadora B,Norte,Supervisor A,SDR G,2026-04-11,2026-04-14,2026-04-15,,,Aprovado,0.0,0.0,6,5,1,1,0,0
L105766,2026-02-25,Farmer,Locadora A,Nordeste,Supervisor D,SDR F,,,,,,Lead,0.0,0.0,6,5,0,0,0,0
L105767,2026-03-01,C2C,Locadora A,Sudeste,Supervisor B,SDR G,,,,,,Lead,0.0,0.0,6,5,0,0,0,0
L105768,2026-03-26,Inbound,Locadora A,Sudeste,Supervisor C,SDR G,,,,,,Lead,0.0,0.0,6,5,0,0,0,0
L105769,2026-04-10,Crossover,Locadora A,Nordeste,Supervisor D,SDR B,,,,,,Lead,0.0,0.0,6,5,0,0,0,0
L105770,2026-03-01,Crossover,Locadora A,Sudeste,Supervisor D,SDR E,,,,,,Lead,0.0,0.0,6,5,0,0,0,0
L105771,2026-02-10,C2C,Locadora A,Sudeste,Supervisor B,SDR G,,,,,,Lead,0.0,0.0,6,5,0,0,0,0
L105772,2026-03-16,Inbound,Locadora A,Nordeste,Supervisor A,SDR C,,,,,,Lead,0.0,0.0,6,5,0,0,0,0
L105773,2026-01-05,Farmer,Locadora A,Nordeste,Supervisor C,SDR D,,,,,,Lead,0.0,0.0,6,5,0,0,0,0
L105774,2026-03-31,Inbound,Locadora B,Centro-Oeste,Supervisor D,SDR E,,,,,,Lead,0.0,0.0,6,5,0,0,0,0
L105775,2026-06-20,Inbound,Locadora A,Nordeste,Supervisor B,SDR G,,,,,,Lead,0.0,0.0,6,5,0,0,0,0
L105776,2026-03-14,Inbound,Locadora B,Sul,Supervisor A,SDR B,2026-03-15,2026-03-18,,,,Análise de Crédito,0.0,0.0,6,5,1,0,0,0
L105777,2026-01-20,Farmer,Locadora A,Centro-Oeste,Supervisor C,SDR D,2026-01-22,,,,,Pedido,0.0,0.0,6,5,1,0,0,0
L105778,2026-05-08,C2C,Locadora B,Sudeste,Supervisor C,SDR B,2026-05-12,2026-05-14,,,,Análise de Crédito,0.0,0.0,6,5,1,0,0,0
L105779,2026-01-23,Inbound,Locadora A,Nordeste,Supervisor A,SDR F,,,,,,Lead,0.0,0.0,6,5,0,0,0,0
L105780,2026-02-05,Inbound,Locadora A,Centro-Oeste,Supervisor A,SDR B,,,,,,Lead,0.0,0.0,6,5,0,0,0,0
L105781,2026-01-27,Crossover,Locadora A,Sul,Supervisor C,SDR C,2026-01-29,2026-01-31,2026-02-01,,,Aprovado,0.0,0.0,6,5,1,1,0,0
L105782,2026-06-09,C2C,Locadora A,Norte,Supervisor A,SDR C,2026-06-14,2026-06-15,2026-06-17,2026-06-22,,Formalizado,105177.19,0.0,6,5,1,1,1,0
L105783,2026-06-27,Inbound,Locadora B,Sul,Supervisor A,SDR A,,,,,,Lead,0.0,0.0,6,5,0,0,0,0
L105784,2026-04-14,Farmer,Locadora A,Sul,Supervisor B,SDR F,2026-04-16,2026-04-19,2026-04-22,,,Aprovado,0.0,0.0,6,5,1,1,0,0
L105785,2026-04-22,Inbound,Locadora A,Sul,Supervisor B,SDR C,,,,,,Lead,0.0,0.0,6,5,0,0,0,0
L105786,2026-04-27,Inbound,Locadora B,Sudeste,Supervisor D,SDR D,2026-04-30,2026-05-01,,,,Análise de Crédito,0.0,0.0,6,5,1,0,0,0
L105787,2026-04-21,Inbound,Locadora B,Sudeste,Supervisor B,SDR F,2026-04-22,2026-04-23,,,,Análise de Crédito,0.0,0.0,6,5,1,0,0,0
L105788,2026-04-09,Inbound,Locadora A,Norte,Supervisor D,SDR G,,,,,,Lead,0.0,0.0,6,5,0,0,0,0
L105789,2026-06-28,Farmer,Locadora A,Sudeste,Supervisor C,SDR H,,,,,,Lead,0.0,0.0,6,5,0,0,0,0
L105790,2026-05-13,C2C,Locadora B,Centro-Oeste,Supervisor B,SDR B,,,,,,Lead,0.0,0.0,6,5,0,0,0,0
L105791,2026-01-17,C2C,Locadora B,Sul,Supervisor C,SDR F,,,,,,Lead,0.0,0.0,6,5,0,0,0,0
L105792,2026-03-12,Inbound,Locadora B,Nordeste,Supervisor A,SDR C,,,,,,Lead,0.0,0.0,6,5,0,0,0,0
L105793,2026-06-26,Farmer,Locadora B,Centro-Oeste,Supervisor D,SDR G,2026-06-29,2026-06-30,2026-07-03,,,Aprovado,0.0,0.0,6,5,1,1,0,0
L105794,2026-03-15,Inbound,Locadora A,Sudeste,Supervisor B,SDR D,2026-03-18,2026-03-22,,,,Análise de Crédito,0.0,0.0,6,5,1,0,0,0
L105795,2026-02-06,Inbound,Locadora A,Sudeste,Supervisor D,SDR A,,,,,,Lead,0.0,0.0,6,5,0,0,0,0
L105796,2026-06-07,Inbound,Locadora A,Centro-Oeste,Supervisor C,SDR G,2026-06-09,2026-06-12,,,,Análise de Crédito,0.0,0.0,6,5,1,0,0,0
L105797,2026-04-23,Inbound,Locadora A,Sudeste,Supervisor B,SDR G,,,,,,Lead,0.0,0.0,6,5,0,0,0,0
L105798,2026-04-12,Crossover,Locadora B,Sul,Supervisor B,SDR C,,,,,,Lead,0.0,0.0,6,5,0,0,0,0
L105799,2026-03-18,Inbound,Locadora A,Sudeste,Supervisor A,SDR G,,,,,,Lead,0.0,0.0,6,5,0,0,0,0
L105800,2026-01-23,Inbound,Locadora A,Sudeste,Supervisor C,SDR D,,,,,,Lead,0.0,0.0,6,5,0,0,0,0
L105801,2026-03-11,Inbound,Locadora A,Norte,Supervisor A,SDR D,2026-03-12,2026-03-16,,,,Análise de Crédito,0.0,0.0,6,5,1,0,0,0
L105802,2026-03-21,Crossover,Locadora A,Norte,Supervisor C,SDR C,,,,,,Lead,0.0,0.0,6,5,0,0,0,0
L105803,2026-06-18,Inbound,Locadora A,Centro-Oeste,Supervisor A,SDR D,,,,,,Lead,0.0,0.0,6,5,0,0,0,0
L105804,2026-02-25,Farmer,Locadora A,Sudeste,Supervisor A,SDR H,2026-03-02,2026-03-04,2026-03-08,,,Aprovado,0.0,0.0,6,5,1,1,0,0
L105805,2026-01-28,Inbound,Locadora A,Norte,Supervisor A,SDR A,,,,,,Lead,0.0,0.0,6,5,0,0,0,0
L105806,2026-03-19,Crossover,Locadora A,Sul,Supervisor A,SDR E,,,,,,Lead,0.0,0.0,6,5,0,0,0,0
L105807,2026-06-30,Farmer,Locadora A,Norte,Supervisor D,SDR B,2026-07-05,2026-07-09,,,,Análise de Crédito,0.0,0.0,6,5,1,0,0,0
L105808,2026-03-29,C2C,Locadora A,Sudeste,Supervisor D,SDR A,,,,,,Lead,0.0,0.0,6,5,0,0,0,0
L105809,2026-03-10,C2C,Locadora A,Sudeste,Supervisor D,SDR A,2026-03-12,2026-03-16,2026-03-19,2026-03-22,,Formalizado,47980.41,0.0,6,5,1,1,1,0
L105810,2026-05-01,C2C,Locadora B,Centro-Oeste,Supervisor C,SDR C,,,,,,Lead,0.0,0.0,6,5,0,0,0,0
L105811,2026-04-28,C2C,Locadora A,Nordeste,Supervisor A,SDR F,,,,,,Lead,0.0,0.0,6,5,0,0,0,0
L105812,2026-02-24,Inbound,Locadora B,Sudeste,Supervisor D,SDR F,2026-02-25,2026-03-01,2026-03-03,,,Aprovado,0.0,0.0,6,5,1,1,0,0
L105813,2026-06-25,C2C,Locadora A,Sudeste,Supervisor D,SDR G,2026-06-29,2026-06-30,2026-07-03,,,Aprovado,0.0,0.0,6,5,1,1,0,0
L105814,2026-04-18,C2C,Locadora A,Sul,Supervisor A,SDR B,,,,,,Lead,0.0,0.0,6,5,0,0,0,0
L105815,2026-01-11,Inbound,Locadora A,Norte,Supervisor D,SDR A,,,,,,Lead,0.0,0.0,6,5,0,0,0,0
L105816,2026-03-15,C2C,Locadora A,Nordeste,Supervisor D,SDR H,,,,,,Lead,0.0,0.0,6,5,0,0,0,0
L105817,2026-06-17,Farmer,Locadora B,Norte,Supervisor B,SDR H,,,,,,Lead,0.0,0.0,6,5,0,0,0,0
L105818,2026-03-13,Farmer,Locadora A,Centro-Oeste,Supervisor C,SDR F,,,,,,Lead,0.0,0.0,6,5,0,0,0,0
L105819,2026-04-13,C2C,Locadora A,Nordeste,Supervisor D,SDR G,,,,,,Lead,0.0,0.0,6,5,0,0,0,0
L105820,2026-04-21,Inbound,Locadora A,Sul,Supervisor B,SDR G,,,,,,Lead,0.0,0.0,6,5,0,0,0,0
L105821,2026-05-08,Inbound,Locadora A,Sudeste,Supervisor D,SDR E,,,,,,Lead,0.0,0.0,6,5,0,0,0,0
L105822,2026-06-07,Inbound,Locadora A,Centro-Oeste,Supervisor B,SDR D,,,,,,Lead,0.0,0.0,6,5,0,0,0,0
L105823,2026-01-28,Farmer,Locadora B,Sul,Supervisor D,SDR H,,,,,,Lead,0.0,0.0,6,5,0,0,0,0
L105824,2026-04-04,C2C,Locadora A,Sul,Supervisor A,SDR F,,,,,,Lead,0.0,0.0,6,5,0,0,0,0
L105825,2026-04-07,C2C,Locadora B,Sudeste,Supervisor C,SDR H,,,,,,Lead,0.0,0.0,6,5,0,0,0,0
L105826,2026-01-28,Farmer,Locadora B,Nordeste,Supervisor C,SDR B,,,,,,Lead,0.0,0.0,6,5,0,0,0,0
L105827,2026-05-02,C2C,Locadora A,Nordeste,Supervisor B,SDR B,,,,,,Lead,0.0,0.0,6,5,0,0,0,0
L105828,2026-01-22,Inbound,Locadora A,Sudeste,Supervisor B,SDR F,,,,,,Lead,0.0,0.0,6,5,0,0,0,0
L105829,2026-03-24,C2C,Locadora B,Norte,Supervisor A,SDR H,,,,,,Lead,0.0,0.0,6,5,0,0,0,0
L105830,2026-03-01,Crossover,Locadora A,Sudeste,Supervisor C,SDR E,,,,,,Lead,0.0,0.0,6,5,0,0,0,0
L105831,2026-01-29,Inbound,Locadora A,Sudeste,Supervisor D,SDR D,,,,,,Lead,0.0,0.0,6,5,0,0,0,0
L105832,2026-05-29,Crossover,Locadora B,Sudeste,Supervisor C,SDR A,2026-06-02,2026-06-04,,,,Análise de Crédito,0.0,0.0,6,5,1,0,0,0
L105833,2026-02-14,Inbound,Locadora A,Sul,Supervisor B,SDR B,,,,,,Lead,0.0,0.0,6,5,0,0,0,0
L105834,2026-02-16,Inbound,Locadora B,Sudeste,Supervisor C,SDR B,2026-02-21,2026-02-23,2026-02-24,,,Aprovado,0.0,0.0,6,5,1,1,0,0
L105835,2026-06-04,Crossover,Locadora A,Centro-Oeste,Supervisor B,SDR B,,,,,,Lead,0.0,0.0,6,5,0,0,0,0
L105836,2026-06-08,Inbound,Locadora A,Nordeste,Supervisor D,SDR F,,,,,,Lead,0.0,0.0,6,5,0,0,0,0
L105837,2026-01-07,Farmer,Locadora A,Sul,Supervisor B,SDR F,,,,,,Lead,0.0,0.0,6,5,0,0,0,0
L105838,2026-02-20,Inbound,Locadora A,Nordeste,Supervisor C,SDR D,2026-02-21,2026-02-24,,,,Análise de Crédito,0.0,0.0,6,5,1,0,0,0
L105839,2026-05-09,Inbound,Locadora A,Norte,Supervisor B,SDR H,2026-05-12,2026-05-14,,,,Análise de Crédito,0.0,0.0,6,5,1,0,0,0
L105840,2026-05-21,Inbound,Locadora A,Sudeste,Supervisor D,SDR D,,,,,,Lead,0.0,0.0,6,5,0,0,0,0
L105841,2026-06-30,Crossover,Locadora A,Sudeste,Supervisor A,SDR D,,,,,,Lead,0.0,0.0,6,5,0,0,0,0
L105842,2026-04-11,Crossover,Locadora A,Sudeste,Supervisor C,SDR E,,,,,,Lead,0.0,0.0,6,5,0,0,0,0
L105843,2026-01-02,Inbound,Locadora A,Centro-Oeste,Supervisor D,SDR E,,,,,,Lead,0.0,0.0,6,5,0,0,0,0
L105844,2026-06-08,Farmer,Locadora A,Sudeste,Supervisor B,SDR B,,,,,,Lead,0.0,0.0,6,5,0,0,0,0
L105845,2026-01-30,Inbound,Locadora A,Centro-Oeste,Supervisor C,SDR C,,,,,,Lead,0.0,0.0,6,5,0,0,0,0
L105846,2026-01-22,Farmer,Locadora A,Centro-Oeste,Supervisor B,SDR F,2026-01-25,2026-01-27,2026-01-30,2026-02-05,2026-02-14,Assinado,93560.2,78050.35,6,5,1,1,1,1
L105847,2026-05-03,Inbound,Locadora A,Sul,Supervisor B,SDR G,,,,,,Lead,0.0,0.0,6,5,0,0,0,0
L105848,2026-04-20,Farmer,Locadora A,Sudeste,Supervisor D,SDR D,2026-04-21,2026-04-25,,,,Análise de Crédito,0.0,0.0,6,5,1,0,0,0
L105849,2026-01-11,C2C,Locadora A,Sudeste,Supervisor B,SDR A,,,,,,Lead,0.0,0.0,6,5,0,0,0,0
L105850,2026-01-31,Inbound,Locadora A,Sudeste,Supervisor A,SDR G,,,,,,Lead,0.0,0.0,6,5,0,0,0,0
L105851,2026-04-17,Crossover,Locadora A,Nordeste,Supervisor C,SDR E,2026-04-19,2026-04-21,,,,Análise de Crédito,0.0,0.0,6,5,1,0,0,0
L105852,2026-02-16,Crossover,Locadora A,Centro-Oeste,Supervisor B,SDR D,,,,,,Lead,0.0,0.0,6,5,0,0,0,0
L105853,2026-05-04,Inbound,Locadora A,Centro-Oeste,Supervisor D,SDR E,,,,,,Lead,0.0,0.0,6,5,0,0,0,0
L105854,2026-03-16,Inbound,Locadora B,Centro-Oeste,Supervisor A,SDR G,,,,,,Lead,0.0,0.0,6,5,0,0,0,0
L105855,2026-04-17,Inbound,Locadora A,Sul,Supervisor D,SDR A,,,,,,Lead,0.0,0.0,6,5,0,0,0,0
L105856,2026-03-27,C2C,Locadora A,Sudeste,Supervisor C,SDR C,2026-03-31,2026-04-03,,,,Análise de Crédito,0.0,0.0,6,5,1,0,0,0
L105857,2026-03-08,C2C,Locadora A,Sudeste,Supervisor D,SDR H,,,,,,Lead,0.0,0.0,6,5,0,0,0,0
L105858,2026-03-03,Inbound,Locadora A,Sudeste,Supervisor B,SDR C,,,,,,Lead,0.0,0.0,6,5,0,0,0,0
L105859,2026-05-07,Inbound,Locadora A,Sudeste,Supervisor B,SDR H,,,,,,Lead,0.0,0.0,6,5,0,0,0,0
L105860,2026-04-04,Inbound,Locadora A,Sudeste,Supervisor B,SDR C,,,,,,Lead,0.0,0.0,6,5,0,0,0,0
L105861,2026-04-18,Inbound,Locadora A,Nordeste,Supervisor D,SDR D,,,,,,Lead,0.0,0.0,6,5,0,0,0,0
L105862,2026-04-15,C2C,Locadora A,Sudeste,Supervisor A,SDR A,,,,,,Lead,0.0,0.0,6,5,0,0,0,0
L105863,2026-02-07,Inbound,Locadora A,Sudeste,Supervisor C,SDR F,,,,,,Lead,0.0,0.0,6,5,0,0,0,0
L105864,2026-06-15,Crossover,Locadora A,Sudeste,Supervisor B,SDR B,,,,,,Lead,0.0,0.0,6,5,0,0,0,0
L105865,2026-04-12,Inbound,Locadora A,Sudeste,Supervisor C,SDR G,,,,,,Lead,0.0,0.0,6,5,0,0,0,0
L105866,2026-05-10,Crossover,Locadora A,Sudeste,Supervisor D,SDR B,2026-05-12,2026-05-14,,,,Análise de Crédito,0.0,0.0,6,5,1,0,0,0
L105867,2026-06-09,Inbound,Locadora A,Sudeste,Supervisor C,SDR A,,,,,,Lead,0.0,0.0,6,5,0,0,0,0
L105868,2026-06-17,Inbound,Locadora A,Sudeste,Supervisor A,SDR D,2026-06-18,2026-06-22,,,,Análise de Crédito,0.0,0.0,6,5,1,0,0,0
L105869,2026-05-01,Inbound,Locadora A,Norte,Supervisor B,SDR A,,,,,,Lead,0.0,0.0,6,5,0,0,0,0
L105870,2026-05-23,Inbound,Locadora A,Sudeste,Supervisor A,SDR C,,,,,,Lead,0.0,0.0,6,5,0,0,0,0
L105871,2026-03-27,C2C,Locadora B,Sudeste,Supervisor B,SDR F,2026-03-28,2026-03-31,,,,Análise de Crédito,0.0,0.0,6,5,1,0,0,0
L105872,2026-05-14,Crossover,Locadora B,Sul,Supervisor A,SDR E,,,,,,Lead,0.0,0.0,6,5,0,0,0,0
L105873,2026-02-28,Farmer,Locadora A,Sudeste,Supervisor C,SDR E,2026-03-05,,,,,Pedido,0.0,0.0,6,5,1,0,0,0
L105874,2026-05-09,Crossover,Locadora A,Sul,Supervisor C,SDR A,,,,,,Lead,0.0,0.0,6,5,0,0,0,0
L105875,2026-01-16,Inbound,Locadora A,Sudeste,Supervisor B,SDR F,,,,,,Lead,0.0,0.0,6,5,0,0,0,0
L105876,2026-06-15,C2C,Locadora B,Nordeste,Supervisor D,SDR A,,,,,,Lead,0.0,0.0,6,5,0,0,0,0
L105877,2026-02-14,Inbound,Locadora A,Norte,Supervisor C,SDR E,,,,,,Lead,0.0,0.0,6,5,0,0,0,0
L105878,2026-04-29,Inbound,Locadora A,Centro-Oeste,Supervisor C,SDR G,2026-05-03,2026-05-07,2026-05-09,,,Aprovado,0.0,0.0,6,5,1,1,0,0
L105879,2026-01-03,Inbound,Locadora B,Sudeste,Supervisor B,SDR F,,,,,,Lead,0.0,0.0,6,5,0,0,0,0
L105880,2026-01-29,Farmer,Locadora A,Sul,Supervisor B,SDR C,2026-01-30,2026-02-03,2026-02-05,,,Aprovado,0.0,0.0,6,5,1,1,0,0
L105881,2026-06-28,C2C,Locadora B,Sudeste,Supervisor C,SDR B,,,,,,Lead,0.0,0.0,6,5,0,0,0,0
L105882,2026-05-31,Inbound,Locadora A,Nordeste,Supervisor D,SDR G,,,,,,Lead,0.0,0.0,6,5,0,0,0,0
L105883,2026-02-10,Crossover,Locadora A,Sudeste,Supervisor D,SDR B,,,,,,Lead,0.0,0.0,6,5,0,0,0,0
L105884,2026-01-24,Inbound,Locadora B,Centro-Oeste,Supervisor D,SDR D,2026-01-26,2026-01-27,2026-01-31,2026-02-02,2026-02-10,Assinado,78442.41,79920.97,6,5,1,1,1,1
L105885,2026-05-28,Crossover,Locadora A,Sudeste,Supervisor A,SDR B,2026-05-30,2026-06-02,,,,Análise de Crédito,0.0,0.0,6,5,1,0,0,0
L105886,2026-06-29,Crossover,Locadora A,Sul,Supervisor D,SDR A,,,,,,Lead,0.0,0.0,6,5,0,0,0,0
L105887,2026-01-31,Inbound,Locadora B,Sudeste,Supervisor A,SDR D,,,,,,Lead,0.0,0.0,6,5,0,0,0,0
L105888,2026-05-01,Farmer,Locadora B,Sudeste,Supervisor A,SDR E,2026-05-06,2026-05-09,,,,Análise de Crédito,0.0,0.0,6,5,1,0,0,0
L105889,2026-02-21,Crossover,Locadora A,Centro-Oeste,Supervisor C,SDR G,,,,,,Lead,0.0,0.0,6,5,0,0,0,0
L105890,2026-05-15,Farmer,Locadora B,Sul,Supervisor B,SDR F,,,,,,Lead,0.0,0.0,6,5,0,0,0,0
L105891,2026-03-17,Inbound,Locadora A,Sudeste,Supervisor A,SDR G,,,,,,Lead,0.0,0.0,6,5,0,0,0,0
L105892,2026-01-23,Farmer,Locadora A,Sudeste,Supervisor A,SDR G,,,,,,Lead,0.0,0.0,6,5,0,0,0,0
L105893,2026-02-28,Inbound,Locadora B,Nordeste,Supervisor A,SDR D,,,,,,Lead,0.0,0.0,6,5,0,0,0,0
L105894,2026-04-08,Inbound,Locadora A,Sul,Supervisor B,SDR C,,,,,,Lead,0.0,0.0,6,5,0,0,0,0
L105895,2026-05-25,Crossover,Locadora B,Sul,Supervisor C,SDR E,2026-05-30,2026-06-03,,,,Análise de Crédito,0.0,0.0,6,5,1,0,0,0
L105896,2026-01-04,Inbound,Locadora A,Sul,Supervisor C,SDR D,,,,,,Lead,0.0,0.0,6,5,0,0,0,0
L105897,2026-06-23,Inbound,Locadora A,Sul,Supervisor A,SDR C,,,,,,Lead,0.0,0.0,6,5,0,0,0,0
L105898,2026-04-28,Inbound,Locadora A,Sul,Supervisor A,SDR A,,,,,,Lead,0.0,0.0,6,5,0,0,0,0
L105899,2026-06-08,Inbound,Locadora A,Sudeste,Supervisor C,SDR D,2026-06-10,2026-06-11,2026-06-12,,,Aprovado,0.0,0.0,6,5,1,1,0,0
L105900,2026-06-18,Inbound,Locadora B,Sul,Supervisor D,SDR D,2026-06-23,2026-06-27,2026-06-28,,,Aprovado,0.0,0.0,6,5,1,1,0,0
L105901,2026-01-28,C2C,Locadora A,Sul,Supervisor A,SDR H,,,,,,Lead,0.0,0.0,6,5,0,0,0,0
L105902,2026-01-17,Farmer,Locadora A,Sudeste,Supervisor B,SDR G,2026-01-22,2026-01-24,,,,Análise de Crédito,0.0,0.0,6,5,1,0,0,0
L105903,2026-05-21,Inbound,Locadora A,Centro-Oeste,Supervisor A,SDR C,,,,,,Lead,0.0,0.0,6,5,0,0,0,0
L105904,2026-02-04,C2C,Locadora A,Sudeste,Supervisor B,SDR A,,,,,,Lead,0.0,0.0,6,5,0,0,0,0
L105905,2026-01-27,Inbound,Locadora A,Sudeste,Supervisor B,SDR G,,,,,,Lead,0.0,0.0,6,5,0,0,0,0
L105906,2026-03-26,Inbound,Locadora A,Nordeste,Supervisor A,SDR D,,,,,,Lead,0.0,0.0,6,5,0,0,0,0
L105907,2026-06-15,Farmer,Locadora A,Nordeste,Supervisor D,SDR A,2026-06-18,2026-06-20,,,,Análise de Crédito,0.0,0.0,6,5,1,0,0,0
L105908,2026-05-25,Inbound,Locadora A,Sudeste,Supervisor D,SDR G,,,,,,Lead,0.0,0.0,6,5,0,0,0,0
L105909,2026-04-04,Inbound,Locadora A,Centro-Oeste,Supervisor C,SDR C,,,,,,Lead,0.0,0.0,6,5,0,0,0,0
L105910,2026-02-05,Inbound,Locadora A,Sudeste,Supervisor D,SDR B,2026-02-06,,,,,Pedido,0.0,0.0,6,5,1,0,0,0
L105911,2026-03-02,Inbound,Locadora A,Centro-Oeste,Supervisor B,SDR F,,,,,,Lead,0.0,0.0,6,5,0,0,0,0
L105912,2026-05-05,Inbound,Locadora A,Sul,Supervisor D,SDR G,,,,,,Lead,0.0,0.0,6,5,0,0,0,0
L105913,2026-01-29,Inbound,Locadora A,Nordeste,Supervisor B,SDR G,,,,,,Lead,0.0,0.0,6,5,0,0,0,0
L105914,2026-04-05,Inbound,Locadora A,Sudeste,Supervisor B,SDR C,2026-04-08,2026-04-10,2026-04-13,,,Aprovado,0.0,0.0,6,5,1,1,0,0
L105915,2026-01-03,Inbound,Locadora A,Sudeste,Supervisor C,SDR E,,,,,,Lead,0.0,0.0,6,5,0,0,0,0
L105916,2026-02-28,Inbound,Locadora B,Nordeste,Supervisor C,SDR D,,,,,,Lead,0.0,0.0,6,5,0,0,0,0
L105917,2026-02-14,Inbound,Locadora A,Sudeste,Supervisor C,SDR G,,,,,,Lead,0.0,0.0,6,5,0,0,0,0
L105918,2026-05-04,C2C,Locadora B,Sudeste,Supervisor D,SDR B,,,,,,Lead,0.0,0.0,6,5,0,0,0,0
L105919,2026-06-15,Farmer,Locadora A,Sudeste,Supervisor B,SDR G,2026-06-16,2026-06-19,2026-06-23,2026-06-28,2026-07-02,Assinado,31347.0,29278.87,6,5,1,1,1,1
L105920,2026-01-27,Inbound,Locadora A,Sul,Supervisor C,SDR C,,,,,,Lead,0.0,0.0,6,5,0,0,0,0
L105921,2026-05-25,Farmer,Locadora B,Sudeste,Supervisor A,SDR E,2026-05-29,2026-06-01,,,,Análise de Crédito,0.0,0.0,6,5,1,0,0,0
L105922,2026-04-29,Crossover,Locadora A,Sul,Supervisor A,SDR E,,,,,,Lead,0.0,0.0,6,5,0,0,0,0
L105923,2026-06-25,Inbound,Locadora A,Sudeste,Supervisor B,SDR C,,,,,,Lead,0.0,0.0,6,5,0,0,0,0
L105924,2026-06-14,Inbound,Locadora A,Sul,Supervisor C,SDR B,,,,,,Lead,0.0,0.0,6,5,0,0,0,0
L105925,2026-01-19,Inbound,Locadora A,Nordeste,Supervisor C,SDR C,,,,,,Lead,0.0,0.0,6,5,0,0,0,0
L105926,2026-05-15,Farmer,Locadora A,Sudeste,Supervisor A,SDR E,,,,,,Lead,0.0,0.0,6,5,0,0,0,0
L105927,2026-04-18,C2C,Locadora B,Sul,Supervisor D,SDR E,,,,,,Lead,0.0,0.0,6,5,0,0,0,0
L105928,2026-01-21,Inbound,Locadora A,Sul,Supervisor C,SDR E,,,,,,Lead,0.0,0.0,6,5,0,0,0,0
L105929,2026-02-16,Inbound,Locadora A,Sudeste,Supervisor C,SDR F,,,,,,Lead,0.0,0.0,6,5,0,0,0,0
L105930,2026-06-17,Inbound,Locadora A,Nordeste,Supervisor C,SDR A,,,,,,Lead,0.0,0.0,6,5,0,0,0,0
L105931,2026-04-09,Inbound,Locadora A,Nordeste,Supervisor C,SDR D,,,,,,Lead,0.0,0.0,6,5,0,0,0,0
L105932,2026-03-03,Crossover,Locadora B,Nordeste,Supervisor B,SDR C,,,,,,Lead,0.0,0.0,6,5,0,0,0,0
L105933,2026-02-28,C2C,Locadora A,Norte,Supervisor B,SDR D,,,,,,Lead,0.0,0.0,6,5,0,0,0,0
L105934,2026-06-01,Farmer,Locadora B,Sul,Supervisor A,SDR D,,,,,,Lead,0.0,0.0,6,5,0,0,0,0
L105935,2026-02-21,C2C,Locadora A,Centro-Oeste,Supervisor C,SDR B,,,,,,Lead,0.0,0.0,6,5,0,0,0,0
L105936,2026-01-29,Inbound,Locadora A,Sudeste,Supervisor A,SDR H,,,,,,Lead,0.0,0.0,6,5,0,0,0,0
L105937,2026-04-14,Crossover,Locadora A,Norte,Supervisor C,SDR A,,,,,,Lead,0.0,0.0,6,5,0,0,0,0
L105938,2026-06-29,Inbound,Locadora B,Sul,Supervisor B,SDR E,,,,,,Lead,0.0,0.0,6,5,0,0,0,0
L105939,2026-02-03,C2C,Locadora A,Sudeste,Supervisor A,SDR D,,,,,,Lead,0.0,0.0,6,5,0,0,0,0
L105940,2026-02-16,Crossover,Locadora A,Nordeste,Supervisor B,SDR F,,,,,,Lead,0.0,0.0,6,5,0,0,0,0
L105941,2026-03-26,Crossover,Locadora B,Sul,Supervisor D,SDR G,,,,,,Lead,0.0,0.0,6,5,0,0,0,0
L105942,2026-02-06,Crossover,Locadora A,Norte,Supervisor C,SDR F,,,,,,Lead,0.0,0.0,6,5,0,0,0,0
L105943,2026-04-28,Farmer,Locadora A,Centro-Oeste,Supervisor B,SDR G,,,,,,Lead,0.0,0.0,6,5,0,0,0,0
L105944,2026-02-15,Farmer,Locadora B,Nordeste,Supervisor B,SDR C,,,,,,Lead,0.0,0.0,6,5,0,0,0,0
L105945,2026-01-24,Inbound,Locadora A,Sul,Supervisor C,SDR H,2026-01-27,2026-01-29,,,,Análise de Crédito,0.0,0.0,6,5,1,0,0,0
L105946,2026-02-17,Crossover,Locadora A,Sul,Supervisor A,SDR A,2026-02-18,2026-02-21,,,,Análise de Crédito,0.0,0.0,6,5,1,0,0,0
L105947,2026-06-18,Farmer,Locadora A,Centro-Oeste,Supervisor C,SDR F,2026-06-20,2026-06-22,2026-06-23,,,Aprovado,0.0,0.0,6,5,1,1,0,0
L105948,2026-06-19,Inbound,Locadora B,Sudeste,Supervisor A,SDR B,,,,,,Lead,0.0,0.0,6,5,0,0,0,0
L105949,2026-04-02,Crossover,Locadora A,Sudeste,Supervisor D,SDR B,,,,,,Lead,0.0,0.0,6,5,0,0,0,0
L105950,2026-03-14,Inbound,Locadora A,Norte,Supervisor C,SDR G,,,,,,Lead,0.0,0.0,6,5,0,0,0,0
L105951,2026-05-29,Inbound,Locadora A,Nordeste,Supervisor A,SDR F,,,,,,Lead,0.0,0.0,6,5,0,0,0,0
L105952,2026-02-05,Inbound,Locadora A,Norte,Supervisor B,SDR F,2026-02-07,2026-02-10,,,,Análise de Crédito,0.0,0.0,6,5,1,0,0,0
L105953,2026-04-29,C2C,Locadora A,Sudeste,Supervisor D,SDR G,,,,,,Lead,0.0,0.0,6,5,0,0,0,0
L105954,2026-05-04,Inbound,Locadora A,Sudeste,Supervisor D,SDR C,2026-05-08,2026-05-10,,,,Análise de Crédito,0.0,0.0,6,5,1,0,0,0
L105955,2026-05-09,Inbound,Locadora A,Nordeste,Supervisor A,SDR F,,,,,,Lead,0.0,0.0,6,5,0,0,0,0
L105956,2026-02-09,Inbound,Locadora A,Sudeste,Supervisor B,SDR B,,,,,,Lead,0.0,0.0,6,5,0,0,0,0
L105957,2026-05-10,Inbound,Locadora A,Sudeste,Supervisor A,SDR D,,,,,,Lead,0.0,0.0,6,5,0,0,0,0
L105958,2026-04-21,Crossover,Locadora B,Sudeste,Supervisor B,SDR D,,,,,,Lead,0.0,0.0,6,5,0,0,0,0
L105959,2026-06-08,Inbound,Locadora A,Nordeste,Supervisor D,SDR E,,,,,,Lead,0.0,0.0,6,5,0,0,0,0
L105960,2026-02-01,Inbound,Locadora A,Sul,Supervisor C,SDR A,,,,,,Lead,0.0,0.0,6,5,0,0,0,0
L105961,2026-04-22,Inbound,Locadora A,Sudeste,Supervisor B,SDR A,,,,,,Lead,0.0,0.0,6,5,0,0,0,0
L105962,2026-05-31,Inbound,Locadora A,Sul,Supervisor B,SDR A,,,,,,Lead,0.0,0.0,6,5,0,0,0,0
L105963,2026-02-20,Inbound,Locadora B,Sudeste,Supervisor C,SDR C,,,,,,Lead,0.0,0.0,6,5,0,0,0,0
L105964,2026-05-15,Inbound,Locadora A,Centro-Oeste,Supervisor C,SDR E,,,,,,Lead,0.0,0.0,6,5,0,0,0,0
L105965,2026-01-19,Inbound,Locadora A,Sul,Supervisor B,SDR B,2026-01-24,2026-01-28,2026-01-31,,,Aprovado,0.0,0.0,6,5,1,1,0,0
L105966,2026-05-10,Inbound,Locadora B,Sul,Supervisor B,SDR H,,,,,,Lead,0.0,0.0,6,5,0,0,0,0
L105967,2026-04-20,Inbound,Locadora A,Sudeste,Supervisor D,SDR D,2026-04-21,2026-04-22,,,,Análise de Crédito,0.0,0.0,6,5,1,0,0,0
L105968,2026-02-04,C2C,Locadora B,Sudeste,Supervisor C,SDR C,,,,,,Lead,0.0,0.0,6,5,0,0,0,0
L105969,2026-01-13,Inbound,Locadora B,Sudeste,Supervisor D,SDR H,,,,,,Lead,0.0,0.0,6,5,0,0,0,0
L105970,2026-05-15,C2C,Locadora A,Norte,Supervisor D,SDR B,2026-05-19,2026-05-21,,,,Análise de Crédito,0.0,0.0,6,5,1,0,0,0
L105971,2026-02-13,Inbound,Locadora A,Sudeste,Supervisor B,SDR B,,,,,,Lead,0.0,0.0,6,5,0,0,0,0
L105972,2026-04-01,C2C,Locadora A,Sul,Supervisor D,SDR D,,,,,,Lead,0.0,0.0,6,5,0,0,0,0
L105973,2026-01-11,Crossover,Locadora B,Sudeste,Supervisor D,SDR A,,,,,,Lead,0.0,0.0,6,5,0,0,0,0
L105974,2026-06-24,Inbound,Locadora A,Norte,Supervisor A,SDR F,,,,,,Lead,0.0,0.0,6,5,0,0,0,0
L105975,2026-04-10,Crossover,Locadora A,Nordeste,Supervisor A,SDR G,,,,,,Lead,0.0,0.0,6,5,0,0,0,0
L105976,2026-06-18,Crossover,Locadora A,Sudeste,Supervisor A,SDR C,,,,,,Lead,0.0,0.0,6,5,0,0,0,0
L105977,2026-01-30,C2C,Locadora A,Sul,Supervisor C,SDR G,,,,,,Lead,0.0,0.0,6,5,0,0,0,0
L105978,2026-02-07,Inbound,Locadora B,Sul,Supervisor D,SDR A,2026-02-11,2026-02-14,,,,Análise de Crédito,0.0,0.0,6,5,1,0,0,0
L105979,2026-04-21,Inbound,Locadora A,Nordeste,Supervisor D,SDR E,2026-04-23,2026-04-26,2026-04-29,,,Aprovado,0.0,0.0,6,5,1,1,0,0
L105980,2026-04-20,Inbound,Locadora A,Norte,Supervisor B,SDR F,2026-04-21,2026-04-25,2026-04-26,,,Aprovado,0.0,0.0,6,5,1,1,0,0
L105981,2026-05-24,Inbound,Locadora A,Centro-Oeste,Supervisor C,SDR D,2026-05-25,2026-05-28,,,,Análise de Crédito,0.0,0.0,6,5,1,0,0,0
L105982,2026-06-17,Inbound,Locadora B,Nordeste,Supervisor A,SDR H,,,,,,Lead,0.0,0.0,6,5,0,0,0,0
L105983,2026-05-29,C2C,Locadora A,Sul,Supervisor C,SDR D,,,,,,Lead,0.0,0.0,6,5,0,0,0,0
L105984,2026-01-26,Inbound,Locadora B,Sudeste,Supervisor B,SDR H,2026-01-30,2026-02-01,2026-02-03,2026-02-09,2026-02-15,Assinado,61131.11,60446.21,6,5,1,1,1,1
L105985,2026-02-26,Farmer,Locadora B,Centro-Oeste,Supervisor D,SDR F,,,,,,Lead,0.0,0.0,6,5,0,0,0,0
L105986,2026-06-15,Inbound,Locadora B,Centro-Oeste,Supervisor D,SDR B,,,,,,Lead,0.0,0.0,6,5,0,0,0,0
L105987,2026-04-10,C2C,Locadora A,Sudeste,Supervisor C,SDR G,,,,,,Lead,0.0,0.0,6,5,0,0,0,0
L105988,2026-06-06,Crossover,Locadora A,Sul,Supervisor C,SDR A,2026-06-11,2026-06-15,,,,Análise de Crédito,0.0,0.0,6,5,1,0,0,0
L105989,2026-04-12,Inbound,Locadora B,Sudeste,Supervisor D,SDR B,,,,,,Lead,0.0,0.0,6,5,0,0,0,0
L105990,2026-01-10,C2C,Locadora B,Sudeste,Supervisor B,SDR G,,,,,,Lead,0.0,0.0,6,5,0,0,0,0
L105991,2026-03-27,Inbound,Locadora A,Nordeste,Supervisor A,SDR H,,,,,,Lead,0.0,0.0,6,5,0,0,0,0
L105992,2026-05-30,Crossover,Locadora A,Sudeste,Supervisor C,SDR D,2026-05-31,2026-06-01,2026-06-04,,,Aprovado,0.0,0.0,6,5,1,1,0,0
L105993,2026-04-29,Inbound,Locadora A,Nordeste,Supervisor B,SDR F,2026-05-03,2026-05-06,2026-05-10,,,Aprovado,0.0,0.0,6,5,1,1,0,0
L105994,2026-01-25,Inbound,Locadora B,Sudeste,Supervisor C,SDR F,,,,,,Lead,0.0,0.0,6,5,0,0,0,0
L105995,2026-02-08,C2C,Locadora B,Centro-Oeste,Supervisor D,SDR F,,,,,,Lead,0.0,0.0,6,5,0,0,0,0
L105996,2026-06-04,C2C,Locadora A,Nordeste,Supervisor C,SDR H,2026-06-09,,,,,Pedido,0.0,0.0,6,5,1,0,0,0
L105997,2026-06-27,Inbound,Locadora A,Nordeste,Supervisor B,SDR A,,,,,,Lead,0.0,0.0,6,5,0,0,0,0
L105998,2026-05-17,C2C,Locadora A,Nordeste,Supervisor C,SDR B,,,,,,Lead,0.0,0.0,6,5,0,0,0,0
L105999,2026-01-18,Inbound,Locadora B,Sudeste,Supervisor B,SDR H,,,,,,Lead,0.0,0.0,6,5,0,0,0,0
